{"elements":[{"from":[7.0515776,5.9486456,7.089789],"to":[9.337292,8.234361,9.375504],"rotation":{"angle":0.0,"axis":"y","origin":[4.7658634,0.8057885,8.232646]},"faces":{"east":{"uv":[1.8875,8.8875,2.3625,9.3625],"rotation":0,"texture":"#3","tintindex":0},"south":{"uv":[2.5125,8.8875,2.9875,9.3625],"rotation":0,"texture":"#3","tintindex":0},"north":{"uv":[1.2625,8.8875,1.7375,9.3625],"rotation":0,"texture":"#3","tintindex":0},"west":{"uv":[4.3875,8.8875,4.8625,9.3625],"rotation":0,"texture":"#3","tintindex":0},"up":{"uv":[7.2375,9.3625,6.7625,8.8875],"rotation":0,"texture":"#3","tintindex":0},"down":{"uv":[9.2375,8.8875,8.7625,9.3625],"rotation":0,"texture":"#3","tintindex":0}}}],"textures":{"3":"modelengine:entity/fallenreapervoid"},"display":{"head":{"translation":[0.0,-6.4,0.0],"scale":[4.0,4.0,4.0]}}}