{"elements":[{"from":[6.857143,5.714286,6.857143],"to":[9.142858,8.571428,9.142858],"rotation":{"angle":0.0,"axis":"y","origin":[9.085714,0.5714283,8.0]},"faces":{"east":{"uv":[7.5125,8.0125,7.9875,8.6125],"rotation":0,"texture":"#3","tintindex":0},"south":{"uv":[1.2625,8.1375,1.7375,8.7375],"rotation":0,"texture":"#3","tintindex":0},"north":{"uv":[3.1375,7.8875,3.6125,8.4875],"rotation":0,"texture":"#3","tintindex":0},"west":{"uv":[1.8875,8.1375,2.3625,8.7375],"rotation":0,"texture":"#3","tintindex":0},"up":{"uv":[8.9875,1.7375,8.5125,1.2625],"rotation":0,"texture":"#3","tintindex":0},"down":{"uv":[8.9875,6.3875,8.5125,6.8625],"rotation":0,"texture":"#3","tintindex":0}}}],"textures":{"3":"modelengine:entity/fallenreapervoid"},"display":{"head":{"translation":[0.0,-6.4,0.0],"scale":[4.0,4.0,4.0]}}}