{"elements":[{"from":[6.8285713,4.542857,6.8285713],"to":[9.171429,8.6,9.171429],"rotation":{"angle":0.0,"axis":"y","origin":[9.085714,0.5714283,8.0]},"faces":{"east":{"uv":[3.6375,6.8875,4.1125,7.7375],"rotation":0,"texture":"#3","tintindex":0},"south":{"uv":[7.0125,1.8875,7.4875,2.7375],"rotation":0,"texture":"#3","tintindex":0},"north":{"uv":[3.0125,6.6375,3.4875,7.4875],"rotation":0,"texture":"#3","tintindex":0},"west":{"uv":[1.5125,7.1375,1.9875,7.9875],"rotation":0,"texture":"#3","tintindex":0},"up":{"uv":[10.2375,6.1125,9.7625,5.6375],"rotation":0,"texture":"#3","tintindex":0},"down":{"uv":[10.2375,6.2625,9.7625,6.7375],"rotation":0,"texture":"#3","tintindex":0}}}],"textures":{"3":"modelengine:entity/fallenreapervoid"},"display":{"head":{"translation":[0.0,-6.4,0.0],"scale":[4.0,4.0,4.0]}}}