{"elements":[{"from":[6.0,6.857143,6.857143],"to":[8.285714,8.0,9.142858],"rotation":{"angle":0.0,"axis":"y","origin":[10.571428,-5.1428576,8.0]},"faces":{"east":{"uv":[0.5125,9.6375,0.0125,9.8875],"rotation":0,"texture":"#3","tintindex":0},"south":{"uv":[9.1375,9.5125,8.6375,9.7625],"rotation":0,"texture":"#3","tintindex":0},"north":{"uv":[4.8875,9.5125,4.3875,9.7625],"rotation":0,"texture":"#3","tintindex":0},"west":{"uv":[6.7625,9.5125,6.2625,9.7625],"rotation":0,"texture":"#3","tintindex":0},"up":{"uv":[0.6375,10.1125,1.1125,9.6375],"rotation":0,"texture":"#3","tintindex":0},"down":{"uv":[9.6375,2.5125,10.1125,2.9875],"rotation":0,"texture":"#3","tintindex":0}}},{"from":[6.5714283,8.0,6.857143],"to":[8.285714,8.571428,9.142858],"rotation":{"angle":0.0,"axis":"y","origin":[10.571428,-5.1428576,8.0]},"faces":{"east":{"uv":[10.9875,13.6375,10.5125,13.7375],"rotation":0,"texture":"#3","tintindex":0},"south":{"uv":[1.7375,14.2625,1.3875,14.3625],"rotation":0,"texture":"#3","tintindex":0},"north":{"uv":[14.4875,12.3875,14.1375,12.4875],"rotation":0,"texture":"#3","tintindex":0},"west":{"uv":[9.6125,13.6375,9.1375,13.7375],"rotation":0,"texture":"#3","tintindex":0},"up":{"uv":[10.2625,10.9875,10.6125,10.5125],"rotation":0,"texture":"#3","tintindex":0},"down":{"uv":[0.0125,10.6375,0.3625,11.1125],"rotation":0,"texture":"#3","tintindex":0}}},{"from":[7.142857,8.571428,6.857143],"to":[8.285714,8.857143,9.142858],"rotation":{"angle":0.0,"axis":"y","origin":[10.571428,-4.5714293,8.0]},"faces":{"east":{"uv":[11.6125,14.0125,11.1375,14.1125],"rotation":0,"texture":"#3","tintindex":0},"south":{"uv":[11.4875,14.7625,11.2625,14.8625],"rotation":0,"texture":"#3","tintindex":0},"north":{"uv":[11.1125,14.7625,10.8875,14.8625],"rotation":0,"texture":"#3","tintindex":0},"west":{"uv":[14.4875,9.7625,14.0125,9.8625],"rotation":0,"texture":"#3","tintindex":0},"up":{"uv":[11.3875,5.9875,11.6125,5.5125],"rotation":0,"texture":"#3","tintindex":0},"down":{"uv":[5.7625,11.3875,5.9875,11.8625],"rotation":0,"texture":"#3","tintindex":0}}},{"from":[6.5714283,8.571428,7.428571],"to":[7.142857,8.857143,8.571428],"rotation":{"angle":0.0,"axis":"y","origin":[10.0,-4.5714293,8.0]},"faces":{"east":{"uv":[13.9875,14.7625,13.7625,14.8625],"rotation":0,"texture":"#3","tintindex":0},"south":{"uv":[12.7375,15.3875,12.6375,15.4875],"rotation":0,"texture":"#3","tintindex":0},"north":{"uv":[15.4875,12.5125,15.3875,12.6125],"rotation":0,"texture":"#3","tintindex":0},"west":{"uv":[14.9875,13.1375,14.7625,13.2375],"rotation":0,"texture":"#3","tintindex":0},"up":{"uv":[14.1375,14.9875,14.2375,14.7625],"rotation":0,"texture":"#3","tintindex":0},"down":{"uv":[14.3875,14.7625,14.4875,14.9875],"rotation":0,"texture":"#3","tintindex":0}}},{"from":[7.5714283,8.857143,7.428571],"to":[8.142858,9.142858,8.571428],"rotation":{"angle":0.0,"axis":"y","origin":[11.0,-4.285715,8.0]},"faces":{"east":{"uv":[12.2375,14.7625,12.0125,14.8625],"rotation":0,"texture":"#3","tintindex":0},"south":{"uv":[12.4875,15.3875,12.3875,15.4875],"rotation":0,"texture":"#3","tintindex":0},"north":{"uv":[12.2375,15.3875,12.1375,15.4875],"rotation":0,"texture":"#3","tintindex":0},"west":{"uv":[11.8625,14.7625,11.6375,14.8625],"rotation":0,"texture":"#3","tintindex":0},"up":{"uv":[5.7625,14.9875,5.8625,14.7625],"rotation":0,"texture":"#3","tintindex":0},"down":{"uv":[12.3875,14.7625,12.4875,14.9875],"rotation":0,"texture":"#3","tintindex":0}}},{"from":[6.287506,7.572626,6.8599997],"to":[6.858935,8.286912,9.14],"rotation":{"angle":-22.5,"axis":"z","origin":[7.144649,8.286912,8.0]},"faces":{"east":{"uv":[14.1125,7.3875,13.6375,7.4875],"rotation":0,"texture":"#3","tintindex":0},"south":{"uv":[15.2375,6.8875,15.1375,6.9875],"rotation":0,"texture":"#3","tintindex":0},"north":{"uv":[15.2375,6.2625,15.1375,6.3625],"rotation":0,"texture":"#3","tintindex":0},"west":{"uv":[14.1125,7.1375,13.6375,7.2375],"rotation":0,"texture":"#3","tintindex":0},"up":{"uv":[4.6375,14.1125,4.7375,13.6375],"rotation":0,"texture":"#3","tintindex":0},"down":{"uv":[4.8875,13.6375,4.9875,14.1125],"rotation":0,"texture":"#3","tintindex":0}}},{"from":[5.885714,3.9714284,6.8285713],"to":[8.275,7.457143,9.171429],"rotation":{"angle":0.0,"axis":"y","origin":[11.0,-5.714287,8.0]},"faces":{"east":{"uv":[0.4875,7.5125,0.0125,8.2375],"rotation":0,"texture":"#3","tintindex":0},"south":{"uv":[7.3625,7.2625,6.8875,7.9875],"rotation":0,"texture":"#3","tintindex":0},"north":{"uv":[1.3625,3.6375,0.8875,4.3625],"rotation":0,"texture":"#3","tintindex":0},"west":{"uv":[7.7375,1.0125,7.2625,1.7375],"rotation":0,"texture":"#3","tintindex":0},"up":{"uv":[9.7625,1.1125,10.2375,0.6375],"rotation":0,"texture":"#3","tintindex":0},"down":{"uv":[9.7625,1.2625,10.2375,1.7375],"rotation":0,"texture":"#3","tintindex":0}}}],"textures":{"3":"modelengine:entity/fallenreapervoid"},"display":{"head":{"translation":[0.0,-6.4,0.0],"scale":[4.0,4.0,4.0]}}}