{"elements":[{"from":[6.649002,9.2229,7.9142857],"to":[7.791859,9.794329,8.057143],"rotation":{"angle":22.5,"axis":"z","origin":[7.2204304,9.508615,8.2]},"faces":{"east":{"uv":[15.3875,4.6375,15.4875,4.7375],"rotation":0,"texture":"#3","tintindex":0},"south":{"uv":[14.7625,2.1375,14.9875,2.2375],"rotation":0,"texture":"#3","tintindex":0},"north":{"uv":[14.7625,1.8875,14.9875,1.9875],"rotation":0,"texture":"#3","tintindex":0},"west":{"uv":[15.3875,4.8875,15.4875,4.9875],"rotation":0,"texture":"#3","tintindex":0},"up":{"uv":[2.6125,14.8625,2.3875,14.7625],"rotation":0,"texture":"#3","tintindex":0},"down":{"uv":[14.9875,3.0125,14.7625,3.1125],"rotation":0,"texture":"#3","tintindex":0}}},{"from":[6.274501,8.947165,7.9],"to":[9.703073,9.518593,8.042857],"rotation":{"angle":0.0,"axis":"y","origin":[8.84593,9.804307,6.4714284]},"faces":{"east":{"uv":[14.8875,15.2625,14.9875,15.3625],"rotation":0,"texture":"#3","tintindex":0},"south":{"uv":[12.0125,6.3875,12.7375,6.4875],"rotation":0,"texture":"#3","tintindex":0},"north":{"uv":[12.0125,6.1375,12.7375,6.2375],"rotation":0,"texture":"#3","tintindex":0},"west":{"uv":[15.3875,0.2625,15.4875,0.3625],"rotation":0,"texture":"#3","tintindex":0},"up":{"uv":[12.7375,6.7375,12.0125,6.6375],"rotation":0,"texture":"#3","tintindex":0},"down":{"uv":[12.7375,8.6375,12.0125,8.7375],"rotation":0,"texture":"#3","tintindex":0}}},{"from":[7.4173584,9.518593,7.9],"to":[8.560215,10.090021,8.042857],"rotation":{"angle":0.0,"axis":"y","origin":[8.84593,10.375736,6.4714284]},"faces":{"east":{"uv":[15.3875,3.8875,15.4875,3.9875],"rotation":0,"texture":"#3","tintindex":0},"south":{"uv":[14.7625,0.2625,14.9875,0.3625],"rotation":0,"texture":"#3","tintindex":0},"north":{"uv":[14.6375,14.1375,14.8625,14.2375],"rotation":0,"texture":"#3","tintindex":0},"west":{"uv":[15.3875,4.1375,15.4875,4.2375],"rotation":0,"texture":"#3","tintindex":0},"up":{"uv":[14.9875,0.6125,14.7625,0.5125],"rotation":0,"texture":"#3","tintindex":0},"down":{"uv":[14.9875,0.7625,14.7625,0.8625],"rotation":0,"texture":"#3","tintindex":0}}},{"from":[9.131644,8.375736,7.9],"to":[9.703073,8.947165,8.042857],"rotation":{"angle":0.0,"axis":"y","origin":[8.84593,9.232879,6.4714284]},"faces":{"east":{"uv":[15.3875,0.5125,15.4875,0.6125],"rotation":0,"texture":"#3","tintindex":0},"south":{"uv":[15.3875,0.7625,15.4875,0.8625],"rotation":0,"texture":"#3","tintindex":0},"north":{"uv":[0.5125,15.3875,0.6125,15.4875],"rotation":0,"texture":"#3","tintindex":0},"west":{"uv":[15.3875,1.0125,15.4875,1.1125],"rotation":0,"texture":"#3","tintindex":0},"up":{"uv":[15.4875,1.6125,15.3875,1.5125],"rotation":0,"texture":"#3","tintindex":0},"down":{"uv":[15.4875,1.7625,15.3875,1.8625],"rotation":0,"texture":"#3","tintindex":0}}},{"from":[6.274501,8.375736,7.9],"to":[6.8459296,8.947165,8.042857],"rotation":{"angle":0.0,"axis":"y","origin":[7.131644,9.232879,6.4714284]},"faces":{"east":{"uv":[2.5125,15.3875,2.6125,15.4875],"rotation":0,"texture":"#3","tintindex":0},"south":{"uv":[2.7625,15.3875,2.8625,15.4875],"rotation":0,"texture":"#3","tintindex":0},"north":{"uv":[15.3875,2.0125,15.4875,2.1125],"rotation":0,"texture":"#3","tintindex":0},"west":{"uv":[15.3875,2.7625,15.4875,2.8625],"rotation":0,"texture":"#3","tintindex":0},"up":{"uv":[3.1125,15.4875,3.0125,15.3875],"rotation":0,"texture":"#3","tintindex":0},"down":{"uv":[3.3625,15.3875,3.2625,15.4875],"rotation":0,"texture":"#3","tintindex":0}}},{"from":[7.4173584,8.375736,7.9],"to":[8.560215,8.947165,8.042857],"rotation":{"angle":0.0,"axis":"y","origin":[8.84593,9.232879,6.4714284]},"faces":{"east":{"uv":[3.5125,15.3875,3.6125,15.4875],"rotation":0,"texture":"#3","tintindex":0},"south":{"uv":[14.6375,13.3875,14.8625,13.4875],"rotation":0,"texture":"#3","tintindex":0},"north":{"uv":[13.1375,14.6375,13.3625,14.7375],"rotation":0,"texture":"#3","tintindex":0},"west":{"uv":[15.3875,3.6375,15.4875,3.7375],"rotation":0,"texture":"#3","tintindex":0},"up":{"uv":[14.8625,13.7375,14.6375,13.6375],"rotation":0,"texture":"#3","tintindex":0},"down":{"uv":[14.8625,13.8875,14.6375,13.9875],"rotation":0,"texture":"#3","tintindex":0}}},{"from":[6.274501,7.8043075,7.9],"to":[9.703073,8.375736,8.042857],"rotation":{"angle":0.0,"axis":"y","origin":[8.84593,8.66145,6.4714284]},"faces":{"east":{"uv":[15.2625,13.6375,15.3625,13.7375],"rotation":0,"texture":"#3","tintindex":0},"south":{"uv":[12.0125,5.3875,12.7375,5.4875],"rotation":0,"texture":"#3","tintindex":0},"north":{"uv":[12.0125,3.7625,12.7375,3.8625],"rotation":0,"texture":"#3","tintindex":0},"west":{"uv":[13.7625,15.2625,13.8625,15.3625],"rotation":0,"texture":"#3","tintindex":0},"up":{"uv":[12.7375,5.7375,12.0125,5.6375],"rotation":0,"texture":"#3","tintindex":0},"down":{"uv":[12.7375,5.8875,12.0125,5.9875],"rotation":0,"texture":"#3","tintindex":0}}},{"from":[7.4173584,6.0900216,7.9],"to":[8.560215,7.8043075,8.042857],"rotation":{"angle":0.0,"axis":"y","origin":[8.84593,5.804307,6.4714284]},"faces":{"east":{"uv":[2.6375,14.2625,2.7375,14.6125],"rotation":0,"texture":"#3","tintindex":0},"south":{"uv":[5.2625,12.0125,5.4875,12.3625],"rotation":0,"texture":"#3","tintindex":0},"north":{"uv":[12.0125,4.8875,12.2375,5.2375],"rotation":0,"texture":"#3","tintindex":0},"west":{"uv":[4.5125,14.2625,4.6125,14.6125],"rotation":0,"texture":"#3","tintindex":0},"up":{"uv":[9.9875,14.7375,9.7625,14.6375],"rotation":0,"texture":"#3","tintindex":0},"down":{"uv":[10.3625,14.6375,10.1375,14.7375],"rotation":0,"texture":"#3","tintindex":0}}},{"from":[6.649002,7.385714,7.9142857],"to":[7.791859,7.957143,8.057143],"rotation":{"angle":-22.5,"axis":"z","origin":[7.2204304,7.6714287,8.2]},"faces":{"east":{"uv":[14.6375,15.2625,14.7375,15.3625],"rotation":0,"texture":"#3","tintindex":0},"south":{"uv":[14.6375,12.1375,14.8625,12.2375],"rotation":0,"texture":"#3","tintindex":0},"north":{"uv":[14.6375,11.8875,14.8625,11.9875],"rotation":0,"texture":"#3","tintindex":0},"west":{"uv":[15.2625,14.6375,15.3625,14.7375],"rotation":0,"texture":"#3","tintindex":0},"up":{"uv":[14.8625,12.4875,14.6375,12.3875],"rotation":0,"texture":"#3","tintindex":0},"down":{"uv":[12.9875,14.6375,12.7625,14.7375],"rotation":0,"texture":"#3","tintindex":0}}},{"from":[8.185715,9.2229,7.9142857],"to":[9.328571,9.794329,8.057143],"rotation":{"angle":-22.5,"axis":"z","origin":[8.757143,9.508615,8.2]},"faces":{"east":{"uv":[4.3875,15.3875,4.4875,15.4875],"rotation":0,"texture":"#3","tintindex":0},"south":{"uv":[1.3875,14.7625,1.6125,14.8625],"rotation":0,"texture":"#3","tintindex":0},"north":{"uv":[14.7625,1.0125,14.9875,1.1125],"rotation":0,"texture":"#3","tintindex":0},"west":{"uv":[15.3875,4.3875,15.4875,4.4875],"rotation":0,"texture":"#3","tintindex":0},"up":{"uv":[14.9875,1.7375,14.7625,1.6375],"rotation":0,"texture":"#3","tintindex":0},"down":{"uv":[1.9875,14.7625,1.7625,14.8625],"rotation":0,"texture":"#3","tintindex":0}}},{"from":[8.185715,7.385714,7.9142857],"to":[9.328571,7.957143,8.057143],"rotation":{"angle":22.5,"axis":"z","origin":[8.757143,7.6714287,8.2]},"faces":{"east":{"uv":[15.2625,13.8875,15.3625,13.9875],"rotation":0,"texture":"#3","tintindex":0},"south":{"uv":[14.6375,10.5125,14.8625,10.6125],"rotation":0,"texture":"#3","tintindex":0},"north":{"uv":[10.5125,14.6375,10.7375,14.7375],"rotation":0,"texture":"#3","tintindex":0},"west":{"uv":[15.2625,14.1375,15.3625,14.2375],"rotation":0,"texture":"#3","tintindex":0},"up":{"uv":[14.8625,11.4875,14.6375,11.3875],"rotation":0,"texture":"#3","tintindex":0},"down":{"uv":[14.8625,11.6375,14.6375,11.7375],"rotation":0,"texture":"#3","tintindex":0}}}],"textures":{"3":"modelengine:entity/fallenreapervoid"},"display":{"head":{"translation":[0.0,-6.4,0.0],"scale":[4.0,4.0,4.0]}}}