{"elements":[{"from":[7.428571,8.093525,5.3741217],"to":[8.571428,8.664953,7.6598363],"rotation":{"angle":0.0,"axis":"y","origin":[8.0,14.093525,8.231265]},"faces":{"east":{"uv":[12.8875,8.8875,13.3625,8.9875],"rotation":0,"texture":"#3","tintindex":0},"south":{"uv":[6.6375,1.8875,6.8625,1.9875],"rotation":0,"texture":"#3","tintindex":0},"north":{"uv":[5.1375,1.5125,5.3625,1.6125],"rotation":0,"texture":"#3","tintindex":0},"west":{"uv":[12.8875,9.1375,13.3625,9.2375],"rotation":0,"texture":"#3","tintindex":0},"up":{"uv":[5.8625,0.4875,5.6375,0.0125],"rotation":0,"texture":"#3","tintindex":0},"down":{"uv":[11.2375,8.6375,11.0125,9.1125],"rotation":0,"texture":"#3","tintindex":0}}},{"from":[6.857143,7.522096,5.3741217],"to":[9.142858,8.093525,9.374122],"rotation":{"angle":0.0,"axis":"y","origin":[8.0,14.093525,8.231265]},"faces":{"east":{"uv":[11.3875,1.2625,12.2375,1.3625],"rotation":0,"texture":"#3","tintindex":0},"south":{"uv":[13.3875,13.0125,13.8625,13.1125],"rotation":0,"texture":"#3","tintindex":0},"north":{"uv":[13.0125,13.3875,13.4875,13.4875],"rotation":0,"texture":"#3","tintindex":0},"west":{"uv":[11.6375,10.5125,12.4875,10.6125],"rotation":0,"texture":"#3","tintindex":0},"up":{"uv":[7.1125,1.7375,6.6375,0.8875],"rotation":0,"texture":"#3","tintindex":0},"down":{"uv":[2.8625,6.6375,2.3875,7.4875],"rotation":0,"texture":"#3","tintindex":0}}},{"from":[6.9142857,8.093525,7.6598363],"to":[9.085714,9.2363825,9.316979],"rotation":{"angle":0.0,"axis":"y","origin":[8.0,14.664953,8.231265]},"faces":{"east":{"uv":[11.8875,7.8875,12.2375,8.1125],"rotation":0,"texture":"#3","tintindex":0},"south":{"uv":[4.1375,11.1375,4.6125,11.3625],"rotation":0,"texture":"#3","tintindex":0},"north":{"uv":[11.1375,3.8875,11.6125,4.1125],"rotation":0,"texture":"#3","tintindex":0},"west":{"uv":[11.8875,8.2625,12.2375,8.4875],"rotation":0,"texture":"#3","tintindex":0},"up":{"uv":[10.8625,8.1125,10.3875,7.7625],"rotation":0,"texture":"#3","tintindex":0},"down":{"uv":[10.9875,1.5125,10.5125,1.8625],"rotation":0,"texture":"#3","tintindex":0}}},{"from":[6.9754896,7.807811,5.379836],"to":[7.77549,8.379239,7.66555],"rotation":{"angle":45.0,"axis":"z","origin":[7.261204,8.093525,6.22555]},"faces":{"east":{"uv":[12.8875,10.1375,13.3625,10.2375],"rotation":0,"texture":"#3","tintindex":0},"south":{"uv":[6.7625,15.0125,6.8625,15.1125],"rotation":0,"texture":"#3","tintindex":0},"north":{"uv":[15.0125,6.6375,15.1125,6.7375],"rotation":0,"texture":"#3","tintindex":0},"west":{"uv":[12.8875,10.3875,13.3625,10.4875],"rotation":0,"texture":"#3","tintindex":0},"up":{"uv":[10.4875,13.3625,10.3875,12.8875],"rotation":0,"texture":"#3","tintindex":0},"down":{"uv":[12.9875,12.5125,12.8875,12.9875],"rotation":0,"texture":"#3","tintindex":0}}},{"from":[7.428571,7.522096,4.8026934],"to":[8.571428,8.093525,5.3741217],"rotation":{"angle":0.0,"axis":"y","origin":[8.0,14.093525,8.231265]},"faces":{"east":{"uv":[14.8875,15.0125,14.9875,15.1125],"rotation":0,"texture":"#3","tintindex":0},"south":{"uv":[3.1375,14.6375,3.3625,14.7375],"rotation":0,"texture":"#3","tintindex":0},"north":{"uv":[0.3875,14.6375,0.6125,14.7375],"rotation":0,"texture":"#3","tintindex":0},"west":{"uv":[15.1375,0.2625,15.2375,0.3625],"rotation":0,"texture":"#3","tintindex":0},"up":{"uv":[14.8625,3.3625,14.6375,3.2625],"rotation":0,"texture":"#3","tintindex":0},"down":{"uv":[3.7375,14.6375,3.5125,14.7375],"rotation":0,"texture":"#3","tintindex":0}}},{"from":[7.4314284,7.790186,4.9206553],"to":[8.568571,8.604471,5.4920835],"rotation":{"angle":45.0,"axis":"x","origin":[8.0,8.0759,5.2063694]},"faces":{"east":{"uv":[14.6375,15.0125,14.7375,15.1125],"rotation":0,"texture":"#3","tintindex":0},"south":{"uv":[14.3875,14.5125,14.6125,14.6125],"rotation":0,"texture":"#3","tintindex":0},"north":{"uv":[14.0125,14.5125,14.2375,14.6125],"rotation":0,"texture":"#3","tintindex":0},"west":{"uv":[15.0125,14.6375,15.1125,14.7375],"rotation":0,"texture":"#3","tintindex":0},"up":{"uv":[0.2375,14.7375,0.0125,14.6375],"rotation":0,"texture":"#3","tintindex":0},"down":{"uv":[14.8625,0.0125,14.6375,0.1125],"rotation":0,"texture":"#3","tintindex":0}}},{"from":[8.22451,7.807811,5.379836],"to":[9.02451,8.379239,7.66555],"rotation":{"angle":-45.0,"axis":"z","origin":[8.738796,8.093525,6.2312646]},"faces":{"east":{"uv":[9.2625,12.8875,9.7375,12.9875],"rotation":0,"texture":"#3","tintindex":0},"south":{"uv":[6.5125,15.0125,6.6125,15.1125],"rotation":0,"texture":"#3","tintindex":0},"north":{"uv":[6.2625,15.0125,6.3625,15.1125],"rotation":0,"texture":"#3","tintindex":0},"west":{"uv":[12.8875,9.3875,13.3625,9.4875],"rotation":0,"texture":"#3","tintindex":0},"up":{"uv":[9.9875,13.3625,9.8875,12.8875],"rotation":0,"texture":"#3","tintindex":0},"down":{"uv":[10.2375,12.8875,10.1375,13.3625],"rotation":0,"texture":"#3","tintindex":0}}}],"textures":{"3":"modelengine:entity/fallenreapervoid"},"display":{"head":{"translation":[0.0,-6.4,0.0],"scale":[4.0,4.0,4.0]}}}