{"elements":[{"from":[6.857143,5.714286,6.857143],"to":[9.142858,8.571428,9.142858],"rotation":{"angle":0.0,"axis":"y","origin":[6.9142857,0.5714283,8.0]},"faces":{"east":{"uv":[6.8875,8.1375,7.3625,8.7375],"rotation":0,"texture":"#3","tintindex":0},"south":{"uv":[8.1375,8.0125,8.6125,8.6125],"rotation":0,"texture":"#3","tintindex":0},"north":{"uv":[2.5125,8.1375,2.9875,8.7375],"rotation":0,"texture":"#3","tintindex":0},"west":{"uv":[0.6375,8.2625,1.1125,8.8625],"rotation":0,"texture":"#3","tintindex":0},"up":{"uv":[9.6125,1.1125,9.1375,0.6375],"rotation":0,"texture":"#3","tintindex":0},"down":{"uv":[9.6125,1.2625,9.1375,1.7375],"rotation":0,"texture":"#3","tintindex":0}}}],"textures":{"3":"modelengine:entity/fallenreapervoid"},"display":{"head":{"translation":[0.0,-6.4,0.0],"scale":[4.0,4.0,4.0]}}}