{"elements":[{"from":[7.714286,5.714286,6.857143],"to":[10.0,8.0,9.142858],"rotation":{"angle":0.0,"axis":"y","origin":[5.428571,-5.1428576,8.0]},"faces":{"east":{"uv":[6.2625,9.5125,6.7375,9.9875],"rotation":0,"texture":"#3","tintindex":0},"south":{"uv":[8.6375,9.5125,9.1125,9.9875],"rotation":0,"texture":"#3","tintindex":0},"north":{"uv":[4.3875,9.5125,4.8625,9.9875],"rotation":0,"texture":"#3","tintindex":0},"west":{"uv":[0.0125,9.6375,0.4875,10.1125],"rotation":0,"texture":"#3","tintindex":0},"up":{"uv":[1.1125,10.1125,0.6375,9.6375],"rotation":0,"texture":"#3","tintindex":0},"down":{"uv":[10.1125,2.5125,9.6375,2.9875],"rotation":0,"texture":"#3","tintindex":0}}},{"from":[7.857143,5.142857,6.857143],"to":[8.428572,5.714286,9.142858],"rotation":{"angle":0.0,"axis":"y","origin":[5.5714283,-5.714287,8.0]},"faces":{"east":{"uv":[13.6375,13.2625,14.1125,13.3625],"rotation":0,"texture":"#3","tintindex":0},"south":{"uv":[15.1375,9.8875,15.2375,9.9875],"rotation":0,"texture":"#3","tintindex":0},"north":{"uv":[8.3875,15.1375,8.4875,15.2375],"rotation":0,"texture":"#3","tintindex":0},"west":{"uv":[13.5125,13.6375,13.9875,13.7375],"rotation":0,"texture":"#3","tintindex":0},"up":{"uv":[8.1125,14.1125,8.0125,13.6375],"rotation":0,"texture":"#3","tintindex":0},"down":{"uv":[0.1125,13.7625,0.0125,14.2375],"rotation":0,"texture":"#3","tintindex":0}}},{"from":[9.285714,5.142857,6.857143],"to":[9.857143,5.714286,9.142858],"rotation":{"angle":0.0,"axis":"y","origin":[7.0,-5.714287,8.0]},"faces":{"east":{"uv":[12.2625,13.6375,12.7375,13.7375],"rotation":0,"texture":"#3","tintindex":0},"south":{"uv":[15.1375,7.3875,15.2375,7.4875],"rotation":0,"texture":"#3","tintindex":0},"north":{"uv":[15.1375,7.1375,15.2375,7.2375],"rotation":0,"texture":"#3","tintindex":0},"west":{"uv":[12.8875,13.6375,13.3625,13.7375],"rotation":0,"texture":"#3","tintindex":0},"up":{"uv":[5.8625,14.1125,5.7625,13.6375],"rotation":0,"texture":"#3","tintindex":0},"down":{"uv":[7.8625,13.6375,7.7625,14.1125],"rotation":0,"texture":"#3","tintindex":0}}}],"textures":{"3":"modelengine:entity/fallenreapervoid"},"display":{"head":{"translation":[0.0,-6.4,0.0],"scale":[4.0,4.0,4.0]}}}