{"elements":[{"from":[7.142857,6.857143,6.857143],"to":[8.857143,8.0,7.428571],"rotation":{"angle":0.0,"axis":"y","origin":[7.0571427,3.4285712,8.285714]},"faces":{"east":{"uv":[14.5125,0.6375,14.6125,0.8625],"rotation":0,"texture":"#3","tintindex":0},"south":{"uv":[11.7625,11.1375,12.1125,11.3625],"rotation":0,"texture":"#3","tintindex":0},"north":{"uv":[11.7625,10.7625,12.1125,10.9875],"rotation":0,"texture":"#3","tintindex":0},"west":{"uv":[14.5125,1.0125,14.6125,1.2375],"rotation":0,"texture":"#3","tintindex":0},"up":{"uv":[14.4875,8.9875,14.1375,8.8875],"rotation":0,"texture":"#3","tintindex":0},"down":{"uv":[9.3625,14.1375,9.0125,14.2375],"rotation":0,"texture":"#3","tintindex":0}}},{"from":[7.0,6.857143,7.428571],"to":[9.0,7.428571,9.285714],"rotation":{"angle":0.0,"axis":"y","origin":[7.0571427,3.4285712,8.285714]},"faces":{"east":{"uv":[14.1375,9.1375,14.4875,9.2375],"rotation":0,"texture":"#3","tintindex":0},"south":{"uv":[13.0125,0.2625,13.4875,0.3625],"rotation":0,"texture":"#3","tintindex":0},"north":{"uv":[12.8875,10.6375,13.3625,10.7375],"rotation":0,"texture":"#3","tintindex":0},"west":{"uv":[9.7625,14.1375,10.1125,14.2375],"rotation":0,"texture":"#3","tintindex":0},"up":{"uv":[10.8625,1.3625,10.3875,1.0125],"rotation":0,"texture":"#3","tintindex":0},"down":{"uv":[10.8625,5.3875,10.3875,5.7375],"rotation":0,"texture":"#3","tintindex":0}}},{"from":[7.142857,4.5714283,7.142857],"to":[9.142858,6.857143,9.428572],"rotation":{"angle":0.0,"axis":"y","origin":[8.142858,10.571428,8.285714]},"faces":{"east":{"uv":[9.1375,6.5125,9.6125,6.9875],"rotation":0,"texture":"#3","tintindex":0},"south":{"uv":[9.2625,1.8875,9.7375,2.3625],"rotation":0,"texture":"#3","tintindex":0},"north":{"uv":[9.1375,5.8875,9.6125,6.3625],"rotation":0,"texture":"#3","tintindex":0},"west":{"uv":[3.1375,9.2625,3.6125,9.7375],"rotation":0,"texture":"#3","tintindex":0},"up":{"uv":[9.7375,3.6125,9.2625,3.1375],"rotation":0,"texture":"#3","tintindex":0},"down":{"uv":[9.7375,3.7625,9.2625,4.2375],"rotation":0,"texture":"#3","tintindex":0}}},{"from":[6.957143,4.0,7.142857],"to":[9.3,4.5714283,9.442858],"rotation":{"angle":0.0,"axis":"y","origin":[8.142858,8.285714,8.285714]},"faces":{"east":{"uv":[5.1375,13.2625,5.6125,13.3625],"rotation":0,"texture":"#3","tintindex":0},"south":{"uv":[8.6375,13.2625,9.1125,13.3625],"rotation":0,"texture":"#3","tintindex":0},"north":{"uv":[13.2625,4.5125,13.7375,4.6125],"rotation":0,"texture":"#3","tintindex":0},"west":{"uv":[13.2625,10.8875,13.7375,10.9875],"rotation":0,"texture":"#3","tintindex":0},"up":{"uv":[9.8625,5.4875,9.3875,5.0125],"rotation":0,"texture":"#3","tintindex":0},"down":{"uv":[9.8625,7.1375,9.3875,7.6125],"rotation":0,"texture":"#3","tintindex":0}}},{"from":[6.957143,6.285714,7.1285715],"to":[9.328571,6.9142857,9.442858],"rotation":{"angle":0.0,"axis":"y","origin":[8.142858,10.571428,8.285714]},"faces":{"east":{"uv":[2.3875,13.7625,2.8625,13.8625],"rotation":0,"texture":"#3","tintindex":0},"south":{"uv":[13.7625,4.7625,14.2375,4.8625],"rotation":0,"texture":"#3","tintindex":0},"north":{"uv":[0.2625,13.7625,0.7375,13.8625],"rotation":0,"texture":"#3","tintindex":0},"west":{"uv":[13.7625,5.0125,14.2375,5.1125],"rotation":0,"texture":"#3","tintindex":0},"up":{"uv":[5.4875,10.1125,5.0125,9.6375],"rotation":0,"texture":"#3","tintindex":0},"down":{"uv":[6.1125,9.6375,5.6375,10.1125],"rotation":0,"texture":"#3","tintindex":0}}}],"textures":{"3":"modelengine:entity/fallenreapervoid"},"display":{"head":{"translation":[0.0,-6.4,0.0],"scale":[4.0,4.0,4.0]}}}