{"elements":[{"from":[6.8285713,4.542857,6.8285713],"to":[9.171429,8.6,9.171429],"rotation":{"angle":0.0,"axis":"y","origin":[6.9142857,0.5714283,8.0]},"faces":{"east":{"uv":[7.2625,0.0125,7.7375,0.8625],"rotation":0,"texture":"#3","tintindex":0},"south":{"uv":[0.6375,7.2625,1.1125,8.1125],"rotation":0,"texture":"#3","tintindex":0},"north":{"uv":[7.1375,5.5125,7.6125,6.3625],"rotation":0,"texture":"#3","tintindex":0},"west":{"uv":[4.2625,7.2625,4.7375,8.1125],"rotation":0,"texture":"#3","tintindex":0},"up":{"uv":[10.3625,2.3625,9.8875,1.8875],"rotation":0,"texture":"#3","tintindex":0},"down":{"uv":[3.6125,9.8875,3.1375,10.3625],"rotation":0,"texture":"#3","tintindex":0}}}],"textures":{"3":"modelengine:entity/fallenreapervoid"},"display":{"head":{"translation":[0.0,-6.4,0.0],"scale":[4.0,4.0,4.0]}}}