{"elements":[{"from":[7.8148355,3.102044,7.231306],"to":[8.271978,4.702044,7.688449],"rotation":{"angle":45.0,"axis":"x","origin":[8.0434065,4.6265473,7.7135897]},"faces":{"east":{"uv":[7.625,8.375,7.75,8.75],"rotation":0,"texture":"#0","tintindex":0},"south":{"uv":[7.75,8.375,7.875,8.75],"rotation":0,"texture":"#0","tintindex":0},"north":{"uv":[6.0,7.375,6.125,7.75],"rotation":0,"texture":"#0","tintindex":0},"west":{"uv":[8.375,8.25,8.5,8.625],"rotation":0,"texture":"#0","tintindex":0},"up":{"uv":[7.0,2.25,6.875,2.125],"rotation":0,"texture":"#0","tintindex":0},"down":{"uv":[5.125,7.0,5.0,7.125],"rotation":0,"texture":"#0","tintindex":0}}},{"from":[7.8148355,0.6597948,6.6846156],"to":[8.271978,3.4026513,7.1417584],"rotation":{"angle":22.5,"axis":"x","origin":[8.0434065,4.6265473,7.7135897]},"faces":{"east":{"uv":[2.625,8.125,2.75,8.75],"rotation":0,"texture":"#0","tintindex":0},"south":{"uv":[2.75,8.125,2.875,8.75],"rotation":0,"texture":"#0","tintindex":0},"north":{"uv":[2.5,8.125,2.625,8.75],"rotation":0,"texture":"#0","tintindex":0},"west":{"uv":[2.875,8.125,3.0,8.75],"rotation":0,"texture":"#0","tintindex":0},"up":{"uv":[6.75,2.875,6.625,2.75],"rotation":0,"texture":"#0","tintindex":0},"down":{"uv":[6.875,2.125,6.75,2.25],"rotation":0,"texture":"#0","tintindex":0}}},{"from":[7.6576924,1.7461033,8.016981],"to":[8.114836,5.060389,8.474125],"rotation":{"angle":-45.0,"axis":"z","origin":[7.886264,5.117532,8.245553]},"faces":{"east":{"uv":[0.625,8.125,0.75,8.875],"rotation":0,"texture":"#0","tintindex":0},"south":{"uv":[1.25,8.125,1.375,8.875],"rotation":0,"texture":"#0","tintindex":0},"north":{"uv":[1.125,8.0,1.25,8.75],"rotation":0,"texture":"#0","tintindex":0},"west":{"uv":[1.375,8.125,1.5,8.875],"rotation":0,"texture":"#0","tintindex":0},"up":{"uv":[4.25,6.5,4.125,6.375],"rotation":0,"texture":"#0","tintindex":0},"down":{"uv":[6.625,2.75,6.5,2.875],"rotation":0,"texture":"#0","tintindex":0}}},{"from":[8.189121,3.477532,7.5341244],"to":[8.611979,5.0432463,7.9569817],"rotation":{"angle":22.5,"axis":"z","origin":[8.40055,5.117532,7.745553]},"faces":{"east":{"uv":[5.375,0.5,5.5,0.875],"rotation":0,"texture":"#0","tintindex":0},"south":{"uv":[5.75,7.0,5.875,7.375],"rotation":0,"texture":"#0","tintindex":0},"north":{"uv":[3.75,5.0,3.875,5.375],"rotation":0,"texture":"#0","tintindex":0},"west":{"uv":[0.375,7.125,0.5,7.5],"rotation":0,"texture":"#0","tintindex":0},"up":{"uv":[1.5,5.625,1.375,5.5],"rotation":0,"texture":"#0","tintindex":0},"down":{"uv":[6.0,2.25,5.875,2.375],"rotation":0,"texture":"#0","tintindex":0}}},{"from":[8.757692,1.7461033,7.9812675],"to":[9.214835,3.917532,8.43841],"rotation":{"angle":-22.5,"axis":"x","origin":[8.70055,2.546103,8.495553]},"faces":{"east":{"uv":[6.25,8.125,6.375,8.625],"rotation":0,"texture":"#0","tintindex":0},"south":{"uv":[7.375,8.125,7.5,8.625],"rotation":0,"texture":"#0","tintindex":0},"north":{"uv":[6.875,0.0,7.0,0.5],"rotation":0,"texture":"#0","tintindex":0},"west":{"uv":[7.5,8.125,7.625,8.625],"rotation":0,"texture":"#0","tintindex":0},"up":{"uv":[1.625,4.75,1.5,4.625],"rotation":0,"texture":"#0","tintindex":0},"down":{"uv":[1.375,5.5,1.25,5.625],"rotation":0,"texture":"#0","tintindex":0}}},{"from":[7.6005497,4.6032457,7.5169816],"to":[8.629121,8.48896,8.545553],"rotation":{"angle":0.0,"axis":"y","origin":[8.114836,7.117532,8.031267]},"faces":{"east":{"uv":[0.5,6.625,0.75,7.5],"rotation":0,"texture":"#0","tintindex":0},"south":{"uv":[6.125,6.875,6.375,7.75],"rotation":0,"texture":"#0","tintindex":0},"north":{"uv":[5.875,6.5,6.125,7.375],"rotation":0,"texture":"#0","tintindex":0},"west":{"uv":[7.0,0.0,7.25,0.875],"rotation":0,"texture":"#0","tintindex":0},"up":{"uv":[6.25,3.125,6.0,2.875],"rotation":0,"texture":"#0","tintindex":0},"down":{"uv":[6.75,1.5,6.5,1.75],"rotation":0,"texture":"#0","tintindex":0}}},{"from":[8.079248,0.36493778,5.047849],"to":[8.079248,2.0792232,6.762135],"rotation":{"angle":0.0,"axis":"y","origin":[6.665796,0.5746746,3.2164245]},"faces":{"east":{"uv":[6.375,8.0,6.75,8.375],"rotation":0,"texture":"#0","tintindex":0},"south":{"uv":[0.0,0.0,0.0,0.375],"rotation":0,"texture":"#0","tintindex":0},"north":{"uv":[0.0,0.0,0.0,0.375],"rotation":0,"texture":"#0","tintindex":0},"west":{"uv":[8.0,6.625,8.375,7.0],"rotation":0,"texture":"#0","tintindex":0},"up":{"uv":[0.0,0.375,0.0,0.0],"rotation":0,"texture":"#0","tintindex":0},"down":{"uv":[0.0,0.0,0.0,0.375],"rotation":0,"texture":"#0","tintindex":0}}},{"from":[3.3127155,0.033564568,8.30489],"to":[6.741287,4.0335646,8.30489],"rotation":{"angle":0.0,"axis":"y","origin":[8.037225,6.4318175,9.502139]},"faces":{"east":{"uv":[0.0,0.0,0.0,0.875],"rotation":0,"texture":"#0","tintindex":0},"south":{"uv":[4.75,2.5,5.5,3.375],"rotation":0,"texture":"#0","tintindex":0},"north":{"uv":[1.5,4.75,2.25,5.625],"rotation":0,"texture":"#0","tintindex":0},"west":{"uv":[0.0,0.0,0.0,0.875],"rotation":0,"texture":"#0","tintindex":0},"up":{"uv":[0.75,0.0,0.0,0.0],"rotation":0,"texture":"#0","tintindex":0},"down":{"uv":[0.75,0.0,0.0,0.0],"rotation":0,"texture":"#0","tintindex":0}}},{"from":[9.067599,-1.0877504,6.6182814],"to":[9.067599,2.3408213,10.618281],"rotation":{"angle":-22.5,"axis":"x","origin":[8.554096,0.69644356,7.63019]},"faces":{"east":{"uv":[4.625,0.875,5.5,1.625],"rotation":0,"texture":"#0","tintindex":0},"south":{"uv":[0.0,0.0,0.0,0.75],"rotation":0,"texture":"#0","tintindex":0},"north":{"uv":[0.0,0.0,0.0,0.75],"rotation":0,"texture":"#0","tintindex":0},"west":{"uv":[4.625,4.375,5.5,5.125],"rotation":0,"texture":"#0","tintindex":0},"up":{"uv":[0.0,0.875,0.0,0.0],"rotation":0,"texture":"#0","tintindex":0},"down":{"uv":[0.0,0.0,0.0,0.875],"rotation":0,"texture":"#0","tintindex":0}}}],"textures":{"0":"modelengine:entity/em_dyerftum3"},"display":{"head":{"translation":[0.0,-6.4,0.0],"scale":[4.0,4.0,4.0]}}}