{"elements":[{"from":[7.366481,3.485714,7.1782513],"to":[8.966481,8.514286,8.778252],"rotation":{"angle":0.0,"axis":"y","origin":[8.166481,6.285714,7.9782515]},"faces":{"east":{"uv":[0.0,5.5,0.375,6.625],"rotation":0,"texture":"#0","tintindex":0},"south":{"uv":[0.375,5.5,0.75,6.625],"rotation":0,"texture":"#0","tintindex":0},"north":{"uv":[4.25,5.375,4.625,6.5],"rotation":0,"texture":"#0","tintindex":0},"west":{"uv":[5.5,0.5,5.875,1.625],"rotation":0,"texture":"#0","tintindex":0},"up":{"uv":[7.125,8.0,6.75,7.625],"rotation":0,"texture":"#0","tintindex":0},"down":{"uv":[0.75,7.75,0.375,8.125],"rotation":0,"texture":"#0","tintindex":0}}},{"from":[6.166481,7.400091,7.1211085],"to":[8.452195,7.400091,9.406823],"rotation":{"angle":0.0,"axis":"y","origin":[8.166481,8.257235,9.292537]},"faces":{"east":{"uv":[0.0,0.0,0.5,0.0],"rotation":0,"texture":"#0","tintindex":0},"south":{"uv":[0.0,0.0,0.5,0.0],"rotation":0,"texture":"#0","tintindex":0},"north":{"uv":[0.0,0.0,0.5,0.0],"rotation":0,"texture":"#0","tintindex":0},"west":{"uv":[0.0,0.0,0.5,0.0],"rotation":0,"texture":"#0","tintindex":0},"up":{"uv":[6.75,2.25,6.25,1.75],"rotation":0,"texture":"#0","tintindex":0},"down":{"uv":[6.875,0.0,6.375,0.5],"rotation":0,"texture":"#0","tintindex":0}}},{"from":[7.25791,4.0057144,5.6982512],"to":[7.8179097,4.565714,7.972537],"rotation":{"angle":22.5,"axis":"y","origin":[7.5379095,4.285714,7.1211085]},"faces":{"east":{"uv":[4.125,7.375,4.625,7.5],"rotation":0,"texture":"#0","tintindex":0},"south":{"uv":[7.375,4.25,7.5,4.375],"rotation":0,"texture":"#0","tintindex":0},"north":{"uv":[2.125,7.375,2.25,7.5],"rotation":0,"texture":"#0","tintindex":0},"west":{"uv":[7.625,2.0,8.125,2.125],"rotation":0,"texture":"#0","tintindex":0},"up":{"uv":[8.25,8.25,8.125,7.75],"rotation":0,"texture":"#0","tintindex":0},"down":{"uv":[8.0,8.125,7.875,8.625],"rotation":0,"texture":"#0","tintindex":0}}},{"from":[8.515053,4.0057144,6.26968],"to":[9.075052,4.565714,7.972537],"rotation":{"angle":-22.5,"axis":"y","origin":[8.795053,4.285714,7.1211085]},"faces":{"east":{"uv":[2.375,2.75,2.75,2.875],"rotation":0,"texture":"#0","tintindex":0},"south":{"uv":[3.125,7.5,3.25,7.625],"rotation":0,"texture":"#0","tintindex":0},"north":{"uv":[7.5,2.375,7.625,2.5],"rotation":0,"texture":"#0","tintindex":0},"west":{"uv":[4.375,2.5,4.75,2.625],"rotation":0,"texture":"#0","tintindex":0},"up":{"uv":[8.625,0.375,8.5,0.0],"rotation":0,"texture":"#0","tintindex":0},"down":{"uv":[1.625,8.5,1.5,8.875],"rotation":0,"texture":"#0","tintindex":0}}},{"from":[7.5013237,4.0057144,7.962217],"to":[8.061324,4.565714,9.665074],"rotation":{"angle":-45.0,"axis":"y","origin":[8.0,4.285714,8.571428]},"faces":{"east":{"uv":[5.125,2.375,5.5,2.5],"rotation":0,"texture":"#0","tintindex":0},"south":{"uv":[5.375,7.5,5.5,7.625],"rotation":0,"texture":"#0","tintindex":0},"north":{"uv":[4.875,7.5,5.0,7.625],"rotation":0,"texture":"#0","tintindex":0},"west":{"uv":[8.375,1.5,8.75,1.625],"rotation":0,"texture":"#0","tintindex":0},"up":{"uv":[1.75,8.875,1.625,8.5],"rotation":0,"texture":"#0","tintindex":0},"down":{"uv":[1.875,8.5,1.75,8.875],"rotation":0,"texture":"#0","tintindex":0}}}],"textures":{"0":"modelengine:entity/em_dyerftum3"},"display":{"head":{"translation":[0.0,-6.4,0.0],"scale":[4.0,4.0,4.0]}}}