{"elements":[{"from":[7.878885,2.678482,7.2402396],"to":[8.336028,4.2784815,7.6973825],"rotation":{"angle":0.0,"axis":"y","origin":[8.107456,3.4784813,7.468811]},"faces":{"east":{"uv":[5.75,8.5,5.875,8.875],"rotation":0,"texture":"#0","tintindex":0},"south":{"uv":[8.5,5.75,8.625,6.125],"rotation":0,"texture":"#0","tintindex":0},"north":{"uv":[8.5,5.375,8.625,5.75],"rotation":0,"texture":"#0","tintindex":0},"west":{"uv":[5.875,8.5,6.0,8.875],"rotation":0,"texture":"#0","tintindex":0},"up":{"uv":[8.75,2.875,8.625,2.75],"rotation":0,"texture":"#0","tintindex":0},"down":{"uv":[3.25,8.625,3.125,8.75],"rotation":0,"texture":"#0","tintindex":0}}},{"from":[7.878885,0.2368269,7.725915],"to":[8.336028,2.9796839,8.183058],"rotation":{"angle":-22.5,"axis":"x","origin":[7.821742,1.6082554,8.240201]},"faces":{"east":{"uv":[3.5,8.125,3.625,8.75],"rotation":0,"texture":"#0","tintindex":0},"south":{"uv":[3.625,8.125,3.75,8.75],"rotation":0,"texture":"#0","tintindex":0},"north":{"uv":[3.0,8.125,3.125,8.75],"rotation":0,"texture":"#0","tintindex":0},"west":{"uv":[3.75,8.125,3.875,8.75],"rotation":0,"texture":"#0","tintindex":0},"up":{"uv":[8.75,2.625,8.625,2.5],"rotation":0,"texture":"#0","tintindex":0},"down":{"uv":[8.75,2.625,8.625,2.75],"rotation":0,"texture":"#0","tintindex":0}}},{"from":[8.036028,3.6082554,8.025915],"to":[8.493171,4.6368265,8.483058],"rotation":{"angle":22.5,"axis":"z","origin":[8.264599,4.6939697,8.254486]},"faces":{"east":{"uv":[6.25,2.875,6.375,3.125],"rotation":0,"texture":"#0","tintindex":0},"south":{"uv":[7.0,1.25,7.125,1.5],"rotation":0,"texture":"#0","tintindex":0},"north":{"uv":[2.25,4.75,2.375,5.0],"rotation":0,"texture":"#0","tintindex":0},"west":{"uv":[7.0,2.5,7.125,2.75],"rotation":0,"texture":"#0","tintindex":0},"up":{"uv":[2.5,8.75,2.375,8.625],"rotation":0,"texture":"#0","tintindex":0},"down":{"uv":[8.75,2.375,8.625,2.5],"rotation":0,"texture":"#0","tintindex":0}}},{"from":[8.450314,1.8368268,8.525915],"to":[8.907456,4.0082555,8.983058],"rotation":{"angle":-22.5,"axis":"x","origin":[8.39317,2.6368265,9.040201]},"faces":{"east":{"uv":[5.5,8.25,5.625,8.75],"rotation":0,"texture":"#0","tintindex":0},"south":{"uv":[5.625,8.25,5.75,8.75],"rotation":0,"texture":"#0","tintindex":0},"north":{"uv":[8.25,5.375,8.375,5.875],"rotation":0,"texture":"#0","tintindex":0},"west":{"uv":[8.25,7.375,8.375,7.875],"rotation":0,"texture":"#0","tintindex":0},"up":{"uv":[2.375,8.75,2.25,8.625],"rotation":0,"texture":"#0","tintindex":0},"down":{"uv":[8.75,2.25,8.625,2.375],"rotation":0,"texture":"#0","tintindex":0}}},{"from":[7.538885,3.0539694,7.543058],"to":[7.9617424,4.6196837,7.965915],"rotation":{"angle":-22.5,"axis":"z","origin":[7.7503138,4.6939697,7.7544866]},"faces":{"east":{"uv":[4.75,8.5,4.875,8.875],"rotation":0,"texture":"#0","tintindex":0},"south":{"uv":[4.875,8.5,5.0,8.875],"rotation":0,"texture":"#0","tintindex":0},"north":{"uv":[4.625,8.5,4.75,8.875],"rotation":0,"texture":"#0","tintindex":0},"west":{"uv":[5.0,8.5,5.125,8.875],"rotation":0,"texture":"#0","tintindex":0},"up":{"uv":[2.25,8.75,2.125,8.625],"rotation":0,"texture":"#0","tintindex":0},"down":{"uv":[8.75,2.125,8.625,2.25],"rotation":0,"texture":"#0","tintindex":0}}},{"from":[6.936028,1.3225412,7.990201],"to":[7.393171,3.4939694,8.447344],"rotation":{"angle":-22.5,"axis":"x","origin":[7.4503136,2.122541,8.504486]},"faces":{"east":{"uv":[5.125,8.25,5.25,8.75],"rotation":0,"texture":"#0","tintindex":0},"south":{"uv":[5.25,8.25,5.375,8.75],"rotation":0,"texture":"#0","tintindex":0},"north":{"uv":[4.375,8.25,4.5,8.75],"rotation":0,"texture":"#0","tintindex":0},"west":{"uv":[5.375,8.25,5.5,8.75],"rotation":0,"texture":"#0","tintindex":0},"up":{"uv":[8.75,2.0,8.625,1.875],"rotation":0,"texture":"#0","tintindex":0},"down":{"uv":[8.75,2.0,8.625,2.125],"rotation":0,"texture":"#0","tintindex":0}}},{"from":[7.5217423,4.1796837,7.525915],"to":[8.550314,8.6368265,8.554486],"rotation":{"angle":0.0,"axis":"y","origin":[8.036028,7.265398,8.040201]},"faces":{"east":{"uv":[6.375,4.375,6.625,5.375],"rotation":0,"texture":"#0","tintindex":0},"south":{"uv":[6.375,5.375,6.625,6.375],"rotation":0,"texture":"#0","tintindex":0},"north":{"uv":[2.0,6.375,2.25,7.375],"rotation":0,"texture":"#0","tintindex":0},"west":{"uv":[6.375,6.375,6.625,7.375],"rotation":0,"texture":"#0","tintindex":0},"up":{"uv":[4.875,8.5,4.625,8.25],"rotation":0,"texture":"#0","tintindex":0},"down":{"uv":[5.125,8.25,4.875,8.5],"rotation":0,"texture":"#0","tintindex":0}}}],"textures":{"0":"modelengine:entity/em_dyerftum3"},"display":{"head":{"translation":[0.0,-6.4,0.0],"scale":[4.0,4.0,4.0]}}}