{"elements":[{"from":[7.2678046,3.4342856,7.412537],"to":[8.399233,8.565714,8.543965],"rotation":{"angle":0.0,"axis":"y","origin":[7.833519,6.285714,7.9782515]},"faces":{"east":{"uv":[1.25,6.375,1.5,7.5],"rotation":0,"texture":"#0","tintindex":0},"south":{"uv":[1.5,6.375,1.75,7.5],"rotation":0,"texture":"#0","tintindex":0},"north":{"uv":[1.0,6.25,1.25,7.375],"rotation":0,"texture":"#0","tintindex":0},"west":{"uv":[1.75,6.375,2.0,7.5],"rotation":0,"texture":"#0","tintindex":0},"up":{"uv":[8.5,0.25,8.25,0.0],"rotation":0,"texture":"#0","tintindex":0},"down":{"uv":[8.5,0.25,8.25,0.5],"rotation":0,"texture":"#0","tintindex":0}}},{"from":[8.182091,4.0057144,5.6982512],"to":[8.74209,4.565714,7.972537],"rotation":{"angle":-22.5,"axis":"y","origin":[8.4620905,4.285714,7.1211085]},"faces":{"east":{"uv":[8.125,5.25,8.625,5.375],"rotation":0,"texture":"#0","tintindex":0},"south":{"uv":[3.5,7.625,3.625,7.75],"rotation":0,"texture":"#0","tintindex":0},"north":{"uv":[7.5,6.625,7.625,6.75],"rotation":0,"texture":"#0","tintindex":0},"west":{"uv":[8.25,0.5,8.75,0.625],"rotation":0,"texture":"#0","tintindex":0},"up":{"uv":[8.125,8.625,8.0,8.125],"rotation":0,"texture":"#0","tintindex":0},"down":{"uv":[8.375,2.375,8.25,2.875],"rotation":0,"texture":"#0","tintindex":0}}},{"from":[6.9249477,4.0057144,6.26968],"to":[7.4849477,4.565714,7.972537],"rotation":{"angle":22.5,"axis":"y","origin":[7.2049475,4.285714,7.1211085]},"faces":{"east":{"uv":[8.375,7.75,8.75,7.875],"rotation":0,"texture":"#0","tintindex":0},"south":{"uv":[4.625,7.75,4.75,7.875],"rotation":0,"texture":"#0","tintindex":0},"north":{"uv":[7.625,3.625,7.75,3.75],"rotation":0,"texture":"#0","tintindex":0},"west":{"uv":[8.5,0.375,8.875,0.5],"rotation":0,"texture":"#0","tintindex":0},"up":{"uv":[2.0,8.875,1.875,8.5],"rotation":0,"texture":"#0","tintindex":0},"down":{"uv":[2.125,8.5,2.0,8.875],"rotation":0,"texture":"#0","tintindex":0}}},{"from":[7.9386764,4.0057144,7.962217],"to":[8.498676,4.565714,9.665074],"rotation":{"angle":45.0,"axis":"y","origin":[8.0,4.285714,8.571428]},"faces":{"east":{"uv":[2.125,8.5,2.5,8.625],"rotation":0,"texture":"#0","tintindex":0},"south":{"uv":[8.25,1.875,8.375,2.0],"rotation":0,"texture":"#0","tintindex":0},"north":{"uv":[4.75,7.75,4.875,7.875],"rotation":0,"texture":"#0","tintindex":0},"west":{"uv":[8.5,3.375,8.875,3.5],"rotation":0,"texture":"#0","tintindex":0},"up":{"uv":[4.25,8.875,4.125,8.5],"rotation":0,"texture":"#0","tintindex":0},"down":{"uv":[4.375,8.5,4.25,8.875],"rotation":0,"texture":"#0","tintindex":0}}}],"textures":{"0":"modelengine:entity/em_dyerftum3"},"display":{"head":{"translation":[0.0,-6.4,0.0],"scale":[4.0,4.0,4.0]}}}