{"elements":[{"from":[5.142857,12.0,6.857143],"to":[10.857143,14.857143,9.142858],"rotation":{"angle":0.0,"axis":"y","origin":[8.0,1.1428566,8.0]},"faces":{"east":{"uv":[5.129,6.129,5.621,6.746],"rotation":0,"texture":"#0","tintindex":0},"south":{"uv":[3.754,1.879,4.996,2.496],"rotation":0,"texture":"#0","tintindex":0},"north":{"uv":[3.754,1.129,4.996,1.746],"rotation":0,"texture":"#0","tintindex":0},"west":{"uv":[5.754,6.129,6.246,6.746],"rotation":0,"texture":"#0","tintindex":0},"up":{"uv":[6.371,2.246,5.129,1.754],"rotation":0,"texture":"#0","tintindex":0},"down":{"uv":[3.996,5.504,2.754,5.996],"rotation":0,"texture":"#0","tintindex":0}}},{"from":[5.714286,10.285714,6.857143],"to":[10.285714,12.0,9.142858],"rotation":{"angle":0.0,"axis":"y","origin":[8.0,1.1428566,8.0]},"faces":{"east":{"uv":[8.254,6.254,8.746,6.621],"rotation":0,"texture":"#0","tintindex":0},"south":{"uv":[6.129,1.004,7.121,1.371],"rotation":0,"texture":"#0","tintindex":0},"north":{"uv":[5.629,4.129,6.621,4.496],"rotation":0,"texture":"#0","tintindex":0},"west":{"uv":[8.254,6.754,8.746,7.121],"rotation":0,"texture":"#0","tintindex":0},"up":{"uv":[6.496,5.121,5.504,4.629],"rotation":0,"texture":"#0","tintindex":0},"down":{"uv":[6.121,5.504,5.129,5.996],"rotation":0,"texture":"#0","tintindex":0}}},{"from":[8.285714,8.0,6.857143],"to":[10.0,10.285714,9.142858],"rotation":{"angle":0.0,"axis":"y","origin":[8.0,1.1428566,8.0]},"faces":{"east":{"uv":[7.129,2.129,7.621,2.621],"rotation":0,"texture":"#0","tintindex":0},"south":{"uv":[7.504,8.254,7.871,8.746],"rotation":0,"texture":"#0","tintindex":0},"north":{"uv":[8.254,7.254,8.621,7.746],"rotation":0,"texture":"#0","tintindex":0},"west":{"uv":[2.504,7.129,2.996,7.621],"rotation":0,"texture":"#0","tintindex":0},"up":{"uv":[8.621,8.371,8.254,7.879],"rotation":0,"texture":"#0","tintindex":0},"down":{"uv":[0.371,8.379,0.004,8.871],"rotation":0,"texture":"#0","tintindex":0}}},{"from":[6.0,8.0,6.857143],"to":[7.714286,10.285714,9.142858],"rotation":{"angle":0.0,"axis":"y","origin":[8.0,1.1428566,8.0]},"faces":{"east":{"uv":[3.129,7.129,3.621,7.621],"rotation":0,"texture":"#0","tintindex":0},"south":{"uv":[1.879,8.379,2.246,8.871],"rotation":0,"texture":"#0","tintindex":0},"north":{"uv":[8.379,1.254,8.746,1.746],"rotation":0,"texture":"#0","tintindex":0},"west":{"uv":[7.004,7.129,7.496,7.621],"rotation":0,"texture":"#0","tintindex":0},"up":{"uv":[8.746,2.371,8.379,1.879],"rotation":0,"texture":"#0","tintindex":0},"down":{"uv":[2.746,8.379,2.379,8.871],"rotation":0,"texture":"#0","tintindex":0}}},{"from":[7.142857,6.857143,6.9],"to":[8.857143,8.0,9.1],"rotation":{"angle":0.0,"axis":"y","origin":[8.0,1.1428566,8.0]},"faces":{"east":{"uv":[3.129,7.129,3.61025,7.379],"rotation":0,"texture":"#0","tintindex":0},"south":{"uv":[1.879,8.379,2.254,8.629],"rotation":0,"texture":"#0","tintindex":0},"north":{"uv":[8.379,1.254,8.754,1.504],"rotation":0,"texture":"#0","tintindex":0},"west":{"uv":[7.004,7.129,7.48525,7.379],"rotation":0,"texture":"#0","tintindex":0},"up":{"uv":[8.746,2.371,8.379,1.879],"rotation":0,"texture":"#0","tintindex":0},"down":{"uv":[2.746,8.379,2.379,8.871],"rotation":0,"texture":"#0","tintindex":0}}},{"from":[7.714286,8.0,7.0],"to":[8.285714,10.285714,9.142858],"rotation":{"angle":0.0,"axis":"y","origin":[8.0,1.1428566,8.0]},"faces":{"east":{"uv":[0.629,7.254,1.121,7.746],"rotation":0,"texture":"#1","tintindex":0},"south":{"uv":[1.254,11.254,1.371,11.746],"rotation":0,"texture":"#1","tintindex":0},"north":{"uv":[1.0,0.0,5.0,8.0],"rotation":0,"texture":"#1","tintindex":0},"west":{"uv":[7.254,0.629,7.746,1.121],"rotation":0,"texture":"#1","tintindex":0},"up":{"uv":[11.371,2.246,11.254,1.754],"rotation":0,"texture":"#1","tintindex":0},"down":{"uv":[2.121,11.254,2.004,11.746],"rotation":0,"texture":"#1","tintindex":0}}},{"from":[6.1571426,9.928572,6.9942856],"to":[7.8714285,10.214286,6.9942856],"rotation":{"angle":0.0,"axis":"y","origin":[6.857143,0.0,8.0]},"faces":{"east":{"uv":[14.367,2.742,14.25,2.25],"rotation":270,"texture":"#1","tintindex":0},"south":{"uv":[14.367,2.742,14.25,2.25],"rotation":270,"texture":"#1","tintindex":0},"north":{"uv":[2.0,0.0,4.0,6.0],"rotation":90,"texture":"#1","tintindex":0},"west":{"uv":[14.367,2.742,14.25,2.25],"rotation":270,"texture":"#1","tintindex":0},"up":{"uv":[14.367,2.742,14.25,2.25],"rotation":270,"texture":"#1","tintindex":0},"down":{"uv":[14.367,2.742,14.25,2.25],"rotation":270,"texture":"#1","tintindex":0}}},{"from":[6.1571426,9.514286,6.9942856],"to":[7.8714285,9.8,6.9942856],"rotation":{"angle":0.0,"axis":"y","origin":[6.857143,0.0,8.0]},"faces":{"east":{"uv":[14.367,2.742,14.25,2.25],"rotation":270,"texture":"#1","tintindex":0},"south":{"uv":[14.367,2.742,14.25,2.25],"rotation":270,"texture":"#1","tintindex":0},"north":{"uv":[2.0,0.0,4.0,6.0],"rotation":90,"texture":"#1","tintindex":0},"west":{"uv":[14.367,2.742,14.25,2.25],"rotation":270,"texture":"#1","tintindex":0},"up":{"uv":[14.367,2.742,14.25,2.25],"rotation":270,"texture":"#1","tintindex":0},"down":{"uv":[14.367,2.742,14.25,2.25],"rotation":270,"texture":"#1","tintindex":0}}},{"from":[8.1285715,9.514286,6.9942856],"to":[9.842857,9.8,6.9942856],"rotation":{"angle":0.0,"axis":"y","origin":[6.857143,0.0,8.0]},"faces":{"east":{"uv":[14.367,2.742,14.25,2.25],"rotation":270,"texture":"#1","tintindex":0},"south":{"uv":[14.367,2.742,14.25,2.25],"rotation":270,"texture":"#1","tintindex":0},"north":{"uv":[2.0,0.0,4.0,6.0],"rotation":90,"texture":"#1","tintindex":0},"west":{"uv":[14.367,2.742,14.25,2.25],"rotation":270,"texture":"#1","tintindex":0},"up":{"uv":[14.367,2.742,14.25,2.25],"rotation":270,"texture":"#1","tintindex":0},"down":{"uv":[14.367,2.742,14.25,2.25],"rotation":270,"texture":"#1","tintindex":0}}},{"from":[8.1285715,9.928572,6.9942856],"to":[9.842857,10.214286,6.9942856],"rotation":{"angle":0.0,"axis":"y","origin":[6.857143,0.0,8.0]},"faces":{"east":{"uv":[14.367,2.742,14.25,2.25],"rotation":270,"texture":"#1","tintindex":0},"south":{"uv":[14.367,2.742,14.25,2.25],"rotation":270,"texture":"#1","tintindex":0},"north":{"uv":[2.0,0.0,4.0,6.0],"rotation":90,"texture":"#1","tintindex":0},"west":{"uv":[14.367,2.742,14.25,2.25],"rotation":270,"texture":"#1","tintindex":0},"up":{"uv":[14.367,2.742,14.25,2.25],"rotation":270,"texture":"#1","tintindex":0},"down":{"uv":[14.367,2.742,14.25,2.25],"rotation":270,"texture":"#1","tintindex":0}}},{"from":[7.714286,8.0,6.985714],"to":[8.285714,8.571428,9.1285715],"rotation":{"angle":0.0,"axis":"y","origin":[8.0,1.1428566,8.0]},"faces":{"east":{"uv":[0.629,7.254,1.121,7.746],"rotation":0,"texture":"#1","tintindex":0},"south":{"uv":[1.254,11.254,1.371,11.746],"rotation":0,"texture":"#1","tintindex":0},"north":{"uv":[1.0,11.25,1.125,11.375],"rotation":0,"texture":"#1","tintindex":0},"west":{"uv":[7.254,0.629,7.746,1.121],"rotation":0,"texture":"#1","tintindex":0},"up":{"uv":[11.371,2.246,11.254,1.754],"rotation":0,"texture":"#1","tintindex":0},"down":{"uv":[2.121,11.254,2.004,11.746],"rotation":0,"texture":"#1","tintindex":0}}},{"from":[6.285714,12.0,6.285714],"to":[9.714286,14.857143,6.857143],"rotation":{"angle":0.0,"axis":"y","origin":[8.0,1.1428566,8.0]},"faces":{"east":{"uv":[4.504,11.004,4.621,11.621],"rotation":0,"texture":"#0","tintindex":0},"south":{"uv":[5.629,2.379,6.371,2.996],"rotation":0,"texture":"#0","tintindex":0},"north":{"uv":[0.004,5.629,0.746,6.246],"rotation":0,"texture":"#0","tintindex":0},"west":{"uv":[6.129,11.004,6.246,11.621],"rotation":0,"texture":"#0","tintindex":0},"up":{"uv":[10.871,9.121,10.129,9.004],"rotation":0,"texture":"#0","tintindex":0},"down":{"uv":[10.996,10.004,10.254,10.121],"rotation":0,"texture":"#0","tintindex":0}}},{"from":[9.428572,12.0,6.404061],"to":[10.0,14.857143,6.9754896],"rotation":{"angle":-45.0,"axis":"y","origin":[9.714286,13.428572,6.6897755]},"faces":{"east":{"uv":[8.129,11.004,8.246,11.621],"rotation":0,"texture":"#0","tintindex":0},"south":{"uv":[10.254,11.004,10.371,11.621],"rotation":0,"texture":"#0","tintindex":0},