{"elements":[{"from":[7.142857,6.857143,7.428571],"to":[8.857143,8.142858,9.142858],"rotation":{"angle":0.0,"axis":"y","origin":[8.942857,4.0,8.285714]},"faces":{"east":{"uv":[0.0,8.0,6.0,12.0],"rotation":0,"texture":"#1","tintindex":0},"south":{"uv":[0.0,8.0,6.0,12.0],"rotation":0,"texture":"#1","tintindex":0},"north":{"uv":[0.0,8.0,6.0,12.0],"rotation":0,"texture":"#1","tintindex":0},"west":{"uv":[0.0,8.0,6.0,12.0],"rotation":0,"texture":"#1","tintindex":0},"up":{"uv":[0.0,4.0,6.0,8.0],"rotation":0,"texture":"#1","tintindex":0},"down":{"uv":[1.371,9.004,1.004,9.371],"rotation":0,"texture":"#0","tintindex":0}}},{"from":[7.142857,7.428571,6.857143],"to":[8.857143,8.571428,7.428571],"rotation":{"angle":0.0,"axis":"y","origin":[8.942857,4.0,8.285714]},"faces":{"east":{"uv":[2.129,12.504,2.246,12.746],"rotation":0,"texture":"#0","tintindex":0},"south":{"uv":[10.754,3.754,11.121,3.996],"rotation":0,"texture":"#0","tintindex":0},"north":{"uv":[10.754,3.004,11.121,3.246],"rotation":0,"texture":"#0","tintindex":0},"west":{"uv":[2.379,12.504,2.496,12.746],"rotation":0,"texture":"#0","tintindex":0},"up":{"uv":[12.371,9.621,12.004,9.504],"rotation":0,"texture":"#0","tintindex":0},"down":{"uv":[12.496,4.254,12.129,4.371],"rotation":0,"texture":"#0","tintindex":0}}},{"from":[7.0,7.428571,7.428571],"to":[9.0,8.0,9.285714],"rotation":{"angle":0.0,"axis":"y","origin":[8.942857,4.0,8.285714]},"faces":{"east":{"uv":[12.129,5.254,12.496,5.371],"rotation":0,"texture":"#0","tintindex":0},"south":{"uv":[11.504,4.254,11.996,4.371],"rotation":0,"texture":"#0","tintindex":0},"north":{"uv":[11.504,4.004,11.996,4.121],"rotation":0,"texture":"#0","tintindex":0},"west":{"uv":[12.129,5.504,12.496,5.621],"rotation":0,"texture":"#0","tintindex":0},"up":{"uv":[8.496,8.871,8.004,8.504],"rotation":0,"texture":"#0","tintindex":0},"down":{"uv":[9.121,0.004,8.629,0.371],"rotation":0,"texture":"#0","tintindex":0}}},{"from":[6.714286,4.5714283,7.142857],"to":[9.0,6.857143,9.428572],"rotation":{"angle":0.0,"axis":"y","origin":[7.857143,10.571428,8.285714]},"faces":{"east":{"uv":[7.754,1.254,8.246,1.746],"rotation":0,"texture":"#0","tintindex":0},"south":{"uv":[1.879,7.754,2.371,8.246],"rotation":0,"texture":"#0","tintindex":0},"north":{"uv":[0.004,7.754,0.496,8.246],"rotation":0,"texture":"#0","tintindex":0},"west":{"uv":[7.754,1.879,8.246,2.371],"rotation":0,"texture":"#0","tintindex":0},"up":{"uv":[2.996,8.246,2.504,7.754],"rotation":0,"texture":"#0","tintindex":0},"down":{"uv":[3.621,7.754,3.129,8.246],"rotation":0,"texture":"#0","tintindex":0}}},{"from":[6.7,4.0,7.142857],"to":[9.042857,4.5714283,9.442858],"rotation":{"angle":0.0,"axis":"y","origin":[7.857143,8.285714,8.285714]},"faces":{"east":{"uv":[7.754,1.254,8.246,1.371],"rotation":0,"texture":"#0","tintindex":0},"south":{"uv":[1.879,7.754,2.3875,7.871],"rotation":0,"texture":"#0","tintindex":0},"north":{"uv":[0.004,7.754,0.496,8.246],"rotation":0,"texture":"#0","tintindex":0},"west":{"uv":[7.754,1.879,8.246,1.996],"rotation":0,"texture":"#0","tintindex":0},"up":{"uv":[2.996,8.246,2.504,7.754],"rotation":0,"texture":"#0","tintindex":0},"down":{"uv":[3.621,7.754,3.129,8.246],"rotation":0,"texture":"#0","tintindex":0}}}],"textures":{"0":"modelengine:entity/fallenwarden1","1":"modelengine:entity/boneshadin1_warden"},"display":{"head":{"translation":[0.0,-6.4,0.0],"scale":[4.0,4.0,4.0]}}}