{"elements":[{"from":[7.428571,8.093525,5.3741217],"to":[8.571428,8.664953,7.6598363],"rotation":{"angle":0.0,"axis":"y","origin":[8.0,14.093525,8.231265]},"faces":{"east":{"uv":[11.504,7.879,11.996,7.996],"rotation":0,"texture":"#0","tintindex":0},"south":{"uv":[12.379,8.379,12.621,8.496],"rotation":0,"texture":"#0","tintindex":0},"north":{"uv":[12.379,4.004,12.621,4.121],"rotation":0,"texture":"#0","tintindex":0},"west":{"uv":[8.379,11.504,8.871,11.621],"rotation":0,"texture":"#0","tintindex":0},"up":{"uv":[9.496,7.996,9.254,7.504],"rotation":0,"texture":"#0","tintindex":0},"down":{"uv":[8.746,9.254,8.504,9.746],"rotation":0,"texture":"#0","tintindex":0}}},{"from":[6.857143,7.522096,5.3741217],"to":[9.142858,8.093525,9.374122],"rotation":{"angle":0.0,"axis":"y","origin":[8.0,14.093525,8.231265]},"faces":{"east":{"uv":[9.754,4.254,10.621,4.371],"rotation":0,"texture":"#0","tintindex":0},"south":{"uv":[11.504,7.629,11.996,7.746],"rotation":0,"texture":"#0","tintindex":0},"north":{"uv":[11.504,7.379,11.996,7.496],"rotation":0,"texture":"#0","tintindex":0},"west":{"uv":[9.754,4.504,10.621,4.621],"rotation":0,"texture":"#0","tintindex":0},"up":{"uv":[6.121,3.996,5.629,3.129],"rotation":0,"texture":"#0","tintindex":0},"down":{"uv":[6.621,0.004,6.129,0.871],"rotation":0,"texture":"#0","tintindex":0}}},{"from":[6.9142857,8.093525,7.6598363],"to":[9.085714,9.2363825,9.316979],"rotation":{"angle":0.0,"axis":"y","origin":[8.0,14.664953,8.231265]},"faces":{"east":{"uv":[9.754,4.254,10.621,4.371],"rotation":0,"texture":"#0","tintindex":0},"south":{"uv":[11.504,7.629,11.996,7.746],"rotation":0,"texture":"#0","tintindex":0},"north":{"uv":[11.504,7.379,11.996,7.496],"rotation":0,"texture":"#0","tintindex":0},"west":{"uv":[9.754,4.504,10.1165,4.754],"rotation":0,"texture":"#0","tintindex":0},"up":{"uv":[6.121,3.996,5.629,3.129],"rotation":0,"texture":"#0","tintindex":0},"down":{"uv":[6.621,0.004,6.129,0.871],"rotation":0,"texture":"#0","tintindex":0}}},{"from":[6.9754896,7.807811,5.379836],"to":[7.77549,8.379239,7.66555],"rotation":{"angle":45.0,"axis":"z","origin":[7.261204,8.093525,6.22555]},"faces":{"east":{"uv":[11.254,11.504,11.746,11.621],"rotation":0,"texture":"#0","tintindex":0},"south":{"uv":[6.629,12.879,6.746,12.996],"rotation":0,"texture":"#0","tintindex":0},"north":{"uv":[12.879,6.379,12.996,6.496],"rotation":0,"texture":"#0","tintindex":0},"west":{"uv":[11.629,1.129,12.121,1.246],"rotation":0,"texture":"#0","tintindex":0},"up":{"uv":[1.621,12.121,1.504,11.629],"rotation":0,"texture":"#0","tintindex":0},"down":{"uv":[5.121,11.629,5.004,12.121],"rotation":0,"texture":"#0","tintindex":0}}},{"from":[7.428571,7.522096,4.8026934],"to":[8.571428,8.093525,5.3741217],"rotation":{"angle":0.0,"axis":"y","origin":[8.0,14.093525,8.231265]},"faces":{"east":{"uv":[12.879,5.879,12.996,5.996],"rotation":0,"texture":"#0","tintindex":0},"south":{"uv":[12.504,0.754,12.746,0.871],"rotation":0,"texture":"#0","tintindex":0},"north":{"uv":[12.379,10.504,12.621,10.621],"rotation":0,"texture":"#0","tintindex":0},"west":{"uv":[12.879,6.129,12.996,6.246],"rotation":0,"texture":"#0","tintindex":0},"up":{"uv":[12.746,3.246,12.504,3.129],"rotation":0,"texture":"#0","tintindex":0},"down":{"uv":[3.621,12.504,3.379,12.621],"rotation":0,"texture":"#0","tintindex":0}}},{"from":[7.4314284,7.790186,4.9206553],"to":[8.568571,8.604471,5.4920835],"rotation":{"angle":45.0,"axis":"x","origin":[8.0,8.0759,5.2063694]},"faces":{"east":{"uv":[12.879,6.629,12.996,6.746],"rotation":0,"texture":"#0","tintindex":0},"south":{"uv":[3.754,12.504,3.996,12.621],"rotation":0,"texture":"#0","tintindex":0},"north":{"uv":[12.504,3.379,12.746,3.496],"rotation":0,"texture":"#0","tintindex":0},"west":{"uv":[12.879,6.879,12.996,6.996],"rotation":0,"texture":"#0","tintindex":0},"up":{"uv":[5.121,12.621,4.879,12.504],"rotation":0,"texture":"#0","tintindex":0},"down":{"uv":[5.496,12.504,5.254,12.621],"rotation":0,"texture":"#0","tintindex":0}}},{"from":[8.22451,7.807811,5.379836],"to":[9.02451,8.379239,7.66555],"rotation":{"angle":-45.0,"axis":"z","origin":[8.738796,8.093525,6.2312646]},"faces":{"east":{"uv":[11.504,10.129,11.996,10.246],"rotation":0,"texture":"#0","tintindex":0},"south":{"uv":[12.879,5.629,12.996,5.746],"rotation":0,"texture":"#0","tintindex":0},"north":{"uv":[12.879,5.379,12.996,5.496],"rotation":0,"texture":"#0","tintindex":0},"west":{"uv":[11.504,10.379,11.996,10.496],"rotation":0,"texture":"#0","tintindex":0},"up":{"uv":[9.121,11.996,9.004,11.504],"rotation":0,"texture":"#0","tintindex":0},"down":{"uv":[9.371,11.504,9.254,11.996],"rotation":0,"texture":"#0","tintindex":0}}}],"textures":{"0":"modelengine:entity/fallenwarden1"},"display":{"head":{"translation":[0.0,-6.4,0.0],"scale":[4.0,4.0,4.0]}}}