{"elements":[{"from":[6.9142857,8.093543,7.6598287],"to":[9.085714,9.236401,9.316972],"rotation":{"angle":0.0,"axis":"y","origin":[8.0,14.664972,8.231257]},"faces":{"east":{"uv":[10.1165,4.504,9.754,4.754],"rotation":0,"texture":"#0","tintindex":0},"south":{"uv":[11.996,7.629,11.504,7.746],"rotation":0,"texture":"#0","tintindex":0},"north":{"uv":[11.996,7.379,11.504,7.496],"rotation":0,"texture":"#0","tintindex":0},"west":{"uv":[10.621,4.254,9.754,4.371],"rotation":0,"texture":"#0","tintindex":0},"up":{"uv":[5.629,3.996,6.121,3.129],"rotation":0,"texture":"#0","tintindex":0},"down":{"uv":[6.129,0.004,6.621,0.871],"rotation":0,"texture":"#0","tintindex":0}}},{"from":[7.428571,8.093543,5.374114],"to":[8.571428,8.664971,7.6598287],"rotation":{"angle":0.0,"axis":"y","origin":[8.0,14.093543,8.231257]},"faces":{"east":{"uv":[11.754,0.004,12.246,0.121],"rotation":0,"texture":"#0","tintindex":0},"south":{"uv":[11.129,12.504,11.371,12.621],"rotation":0,"texture":"#0","tintindex":0},"north":{"uv":[12.746,10.754,12.504,10.871],"rotation":0,"texture":"#0","tintindex":0},"west":{"uv":[2.254,11.754,2.746,11.871],"rotation":0,"texture":"#0","tintindex":0},"up":{"uv":[8.879,9.746,9.121,9.254],"rotation":0,"texture":"#0","tintindex":0},"down":{"uv":[9.496,9.254,9.254,9.746],"rotation":0,"texture":"#0","tintindex":0}}},{"from":[8.22451,7.8078284,5.3798285],"to":[9.02451,8.379257,7.6655426],"rotation":{"angle":-45.0,"axis":"z","origin":[8.738796,8.093543,6.225543]},"faces":{"east":{"uv":[11.754,2.754,12.246,2.871],"rotation":0,"texture":"#0","tintindex":0},"south":{"uv":[12.879,9.504,12.996,9.621],"rotation":0,"texture":"#0","tintindex":0},"north":{"uv":[12.879,9.254,12.996,9.371],"rotation":0,"texture":"#0","tintindex":0},"west":{"uv":[3.629,11.754,4.121,11.871],"rotation":0,"texture":"#0","tintindex":0},"up":{"uv":[0.871,12.246,0.754,11.754],"rotation":0,"texture":"#0","tintindex":0},"down":{"uv":[4.621,11.754,4.504,12.246],"rotation":0,"texture":"#0","tintindex":0}}},{"from":[6.857143,7.5221143,5.374114],"to":[9.142858,8.093543,9.374114],"rotation":{"angle":0.0,"axis":"y","origin":[8.0,14.093543,8.231257]},"faces":{"east":{"uv":[9.629,9.754,10.496,9.871],"rotation":0,"texture":"#0","tintindex":0},"south":{"uv":[11.629,9.004,12.121,9.121],"rotation":0,"texture":"#0","tintindex":0},"north":{"uv":[11.629,8.754,12.121,8.871],"rotation":0,"texture":"#0","tintindex":0},"west":{"uv":[9.879,0.004,10.746,0.121],"rotation":0,"texture":"#0","tintindex":0},"up":{"uv":[3.246,6.996,2.754,6.129],"rotation":0,"texture":"#0","tintindex":0},"down":{"uv":[3.871,6.129,3.379,6.996],"rotation":0,"texture":"#0","tintindex":0}}},{"from":[7.4314284,7.7902036,4.9206476],"to":[8.568571,8.604489,5.492076],"rotation":{"angle":45.0,"axis":"x","origin":[8.0,8.075918,5.206362]},"faces":{"east":{"uv":[12.879,8.504,12.996,8.621],"rotation":0,"texture":"#0","tintindex":0},"south":{"uv":[10.004,12.504,10.246,12.621],"rotation":0,"texture":"#0","tintindex":0},"north":{"uv":[9.871,12.504,9.629,12.621],"rotation":0,"texture":"#0","tintindex":0},"west":{"uv":[12.879,8.754,12.996,8.871],"rotation":0,"texture":"#0","tintindex":0},"up":{"uv":[10.621,12.621,10.379,12.504],"rotation":0,"texture":"#0","tintindex":0},"down":{"uv":[10.996,12.504,10.754,12.621],"rotation":0,"texture":"#0","tintindex":0}}},{"from":[7.428571,7.5221143,4.8026857],"to":[8.571428,8.093543,5.374114],"rotation":{"angle":0.0,"axis":"y","origin":[8.0,14.093543,8.231257]},"faces":{"east":{"uv":[12.879,8.004,12.996,8.121],"rotation":0,"texture":"#0","tintindex":0},"south":{"uv":[8.754,12.504,8.996,12.621],"rotation":0,"texture":"#0","tintindex":0},"north":{"uv":[8.121,12.504,7.879,12.621],"rotation":0,"texture":"#0","tintindex":0},"west":{"uv":[8.254,12.879,8.371,12.996],"rotation":0,"texture":"#0","tintindex":0},"up":{"uv":[12.746,9.246,12.504,9.129],"rotation":0,"texture":"#0","tintindex":0},"down":{"uv":[12.746,9.379,12.504,9.496],"rotation":0,"texture":"#0","tintindex":0}}},{"from":[6.9754896,7.8078284,5.3798285],"to":[7.77549,8.379257,7.6655426],"rotation":{"angle":45.0,"axis":"z","origin":[7.261204,8.093543,6.231257]},"faces":{"east":{"uv":[11.754,2.254,12.246,2.371],"rotation":0,"texture":"#0","tintindex":0},"south":{"uv":[12.879,9.004,12.996,9.121],"rotation":0,"texture":"#0","tintindex":0},"north":{"uv":[9.004,12.879,9.121,12.996],"rotation":0,"texture":"#0","tintindex":0},"west":{"uv":[11.754,2.504,12.246,2.621],"rotation":0,"texture":"#0","tintindex":0},"up":{"uv":[5.371,12.121,5.254,11.629],"rotation":0,"texture":"#0","tintindex":0},"down":{"uv":[10.121,11.629,10.004,12.121],"rotation":0,"texture":"#0","tintindex":0}}}],"textures":{"0":"modelengine:entity/fallenwarden1"},"display":{"head":{"translation":[0.0,-6.4,0.0],"scale":[4.0,4.0,4.0]}}}