{"elements":[{"from":[7.142857,6.857143,7.428571],"to":[8.857143,8.142858,9.142858],"rotation":{"angle":0.0,"axis":"y","origin":[7.0571427,4.0,8.285714]},"faces":{"east":{"uv":[0.0,8.0,6.0,12.0],"rotation":0,"texture":"#1","tintindex":0},"south":{"uv":[0.0,8.0,6.0,12.0],"rotation":0,"texture":"#1","tintindex":0},"north":{"uv":[6.0,8.0,0.0,12.0],"rotation":0,"texture":"#1","tintindex":0},"west":{"uv":[0.0,8.0,6.0,12.0],"rotation":0,"texture":"#1","tintindex":0},"up":{"uv":[0.0,4.0,6.0,8.0],"rotation":0,"texture":"#1","tintindex":0},"down":{"uv":[6.871,9.004,6.504,9.371],"rotation":0,"texture":"#0","tintindex":0}}},{"from":[7.142857,7.428571,6.857143],"to":[8.857143,8.571428,7.428571],"rotation":{"angle":0.0,"axis":"y","origin":[7.0571427,4.0,8.285714]},"faces":{"east":{"uv":[12.504,7.254,12.621,7.496],"rotation":0,"texture":"#0","tintindex":0},"south":{"uv":[10.879,3.379,11.246,3.621],"rotation":0,"texture":"#0","tintindex":0},"north":{"uv":[10.879,1.379,11.246,1.621],"rotation":0,"texture":"#0","tintindex":0},"west":{"uv":[12.504,7.629,12.621,7.871],"rotation":0,"texture":"#0","tintindex":0},"up":{"uv":[12.496,5.871,12.129,5.754],"rotation":0,"texture":"#0","tintindex":0},"down":{"uv":[12.496,6.004,12.129,6.121],"rotation":0,"texture":"#0","tintindex":0}}},{"from":[7.0,7.428571,7.428571],"to":[9.0,8.0,9.285714],"rotation":{"angle":0.0,"axis":"y","origin":[7.0571427,4.0,8.285714]},"faces":{"east":{"uv":[12.129,6.754,12.496,6.871],"rotation":0,"texture":"#0","tintindex":0},"south":{"uv":[11.629,4.504,12.121,4.621],"rotation":0,"texture":"#0","tintindex":0},"north":{"uv":[11.629,1.379,12.121,1.496],"rotation":0,"texture":"#0","tintindex":0},"west":{"uv":[12.129,7.004,12.496,7.121],"rotation":0,"texture":"#0","tintindex":0},"up":{"uv":[9.121,3.621,8.629,3.254],"rotation":0,"texture":"#0","tintindex":0},"down":{"uv":[4.871,8.629,4.379,8.996],"rotation":0,"texture":"#0","tintindex":0}}},{"from":[7.0,4.5714283,7.142857],"to":[9.285714,6.857143,9.428572],"rotation":{"angle":0.0,"axis":"y","origin":[8.142858,10.571428,8.285714]},"faces":{"east":{"uv":[1.254,7.879,1.746,8.371],"rotation":0,"texture":"#0","tintindex":0},"south":{"uv":[7.879,4.129,8.371,4.621],"rotation":0,"texture":"#0","tintindex":0},"north":{"uv":[8.371,0.629,7.879,1.121],"rotation":0,"texture":"#0","tintindex":0},"west":{"uv":[8.004,0.004,8.496,0.496],"rotation":0,"texture":"#0","tintindex":0},"up":{"uv":[8.496,3.871,8.004,3.379],"rotation":0,"texture":"#0","tintindex":0},"down":{"uv":[6.371,8.004,5.879,8.496],"rotation":0,"texture":"#0","tintindex":0}}},{"from":[6.957143,4.0,7.142857],"to":[9.3,4.5714283,9.442858],"rotation":{"angle":0.0,"axis":"y","origin":[8.142858,8.285714,8.285714]},"faces":{"east":{"uv":[8.246,1.879,7.754,1.996],"rotation":0,"texture":"#0","tintindex":0},"south":{"uv":[2.3875,7.754,1.879,7.871],"rotation":0,"texture":"#0","tintindex":0},"north":{"uv":[0.496,7.754,0.004,8.246],"rotation":0,"texture":"#0","tintindex":0},"west":{"uv":[8.246,1.254,7.754,1.371],"rotation":0,"texture":"#0","tintindex":0},"up":{"uv":[2.504,8.246,2.996,7.754],"rotation":0,"texture":"#0","tintindex":0},"down":{"uv":[3.129,7.754,3.621,8.246],"rotation":0,"texture":"#0","tintindex":0}}}],"textures":{"0":"modelengine:entity/fallenwarden1","1":"modelengine:entity/boneshadin1_warden"},"display":{"head":{"translation":[0.0,-6.4,0.0],"scale":[4.0,4.0,4.0]}}}