{"elements":[{"from":[4.5714283,6.6571426,6.285714],"to":[11.428572,12.942858,9.714286],"rotation":{"angle":0.0,"axis":"y","origin":[8.0,-3.0571432,8.0]},"faces":{"east":{"uv":[2.625,6.0,3.375,7.375],"rotation":0,"texture":"#0","tintindex":0},"south":{"uv":[4.0,5.375,5.5,6.75],"rotation":0,"texture":"#0","tintindex":0},"north":{"uv":[4.0,4.0,5.5,5.375],"rotation":0,"texture":"#0","tintindex":0},"west":{"uv":[1.125,6.75,1.875,8.125],"rotation":0,"texture":"#0","tintindex":0},"up":{"uv":[2.625,6.75,1.125,6.0],"rotation":0,"texture":"#0","tintindex":0},"down":{"uv":[7.5,1.125,6.0,1.875],"rotation":0,"texture":"#0","tintindex":0}}},{"from":[8.571428,11.8,6.857143],"to":[10.285714,13.514286,9.142858],"rotation":{"angle":45.0,"axis":"z","origin":[9.428572,12.657143,8.0]},"faces":{"east":{"uv":[11.375,4.5,11.875,4.875],"rotation":0,"texture":"#0","tintindex":0},"south":{"uv":[11.875,11.25,12.25,11.625],"rotation":0,"texture":"#0","tintindex":0},"north":{"uv":[11.25,11.875,11.625,12.25],"rotation":0,"texture":"#0","tintindex":0},"west":{"uv":[11.375,4.875,11.875,5.25],"rotation":0,"texture":"#0","tintindex":0},"up":{"uv":[5.5,11.875,5.125,11.375],"rotation":0,"texture":"#0","tintindex":0},"down":{"uv":[11.75,5.25,11.375,5.75],"rotation":0,"texture":"#0","tintindex":0}}},{"from":[6.285714,12.257143,6.285714],"to":[9.714286,16.257143,9.714286],"rotation":{"angle":-22.5,"axis":"x","origin":[8.0,11.971429,8.0]},"faces":{"east":{"uv":[6.875,8.875,7.625,9.75],"rotation":0,"texture":"#0","tintindex":0},"south":{"uv":[8.875,8.0,9.625,8.875],"rotation":0,"texture":"#0","tintindex":0},"north":{"uv":[8.625,7.125,9.375,8.0],"rotation":0,"texture":"#0","tintindex":0},"west":{"uv":[8.875,8.875,9.625,9.75],"rotation":0,"texture":"#0","tintindex":0},"up":{"uv":[10.375,5.875,9.625,5.125],"rotation":0,"texture":"#0","tintindex":0},"down":{"uv":[10.375,9.25,9.625,10.0],"rotation":0,"texture":"#0","tintindex":0}}},{"from":[3.4285712,15.055002,6.400623],"to":[12.571428,24.197859,6.400623],"rotation":{"angle":0.0,"axis":"y","origin":[8.0,19.62643,4.829194]},"faces":{"east":{"uv":[0.0,0.0,0.0,2.0],"rotation":0,"texture":"#0","tintindex":0},"south":{"uv":[0.0,2.0,2.0,4.0],"rotation":0,"texture":"#0","tintindex":0},"north":{"uv":[0.0,0.0,2.0,2.0],"rotation":0,"texture":"#0","tintindex":0},"west":{"uv":[0.0,0.0,0.0,2.0],"rotation":0,"texture":"#0","tintindex":0},"up":{"uv":[2.0,0.0,0.0,0.0],"rotation":0,"texture":"#0","tintindex":0},"down":{"uv":[2.0,0.0,0.0,0.0],"rotation":0,"texture":"#0","tintindex":0}}},{"from":[8.0,15.055002,1.8291941],"to":[8.0,24.197859,10.972052],"rotation":{"angle":0.0,"axis":"y","origin":[8.0,19.62643,6.400623]},"faces":{"east":{"uv":[2.0,0.0,4.0,2.0],"rotation":0,"texture":"#0","tintindex":0},"south":{"uv":[0.0,0.0,0.0,2.0],"rotation":0,"texture":"#0","tintindex":0},"north":{"uv":[0.0,0.0,0.0,2.0],"rotation":0,"texture":"#0","tintindex":0},"west":{"uv":[2.0,2.0,4.0,4.0],"rotation":0,"texture":"#0","tintindex":0},"up":{"uv":[0.0,2.0,0.0,0.0],"rotation":0,"texture":"#0","tintindex":0},"down":{"uv":[0.0,0.0,0.0,2.0],"rotation":0,"texture":"#0","tintindex":0}}},{"from":[3.6,12.942858,7.428571],"to":[6.457143,14.085714,8.571428],"rotation":{"angle":22.5,"axis":"y","origin":[6.742857,13.514286,8.0]},"faces":{"east":{"uv":[8.625,8.0,8.875,8.25],"rotation":0,"texture":"#0","tintindex":0},"south":{"uv":[11.375,7.875,12.0,8.125],"rotation":0,"texture":"#0","tintindex":0},"north":{"uv":[10.0,2.25,10.625,2.5],"rotation":0,"texture":"#0","tintindex":0},"west":{"uv":[3.125,8.75,3.375,9.0],"rotation":0,"texture":"#0","tintindex":0},"up":{"uv":[3.625,11.875,3.0,11.625],"rotation":0,"texture":"#0","tintindex":0},"down":{"uv":[4.25,11.625,3.625,11.875],"rotation":0,"texture":"#0","tintindex":0}}},{"from":[1.0285711,13.0,8.857143],"to":[3.885714,13.571428,9.428572],"rotation":{"angle":-22.5,"axis":"z","origin":[4.1714287,13.0,8.857143]},"faces":{"east":{"uv":[6.75,9.625,6.875,9.75],"rotation":0,"texture":"#0","tintindex":0},"south":{"uv":[11.875,9.75,12.5,9.875],"rotation":0,"texture":"#0","tintindex":0},"north":{"uv":[3.375,6.625,4.0,6.75],"rotation":0,"texture":"#0","tintindex":0},"west":{"uv":[9.75,7.5,9.875,7.625],"rotation":0,"texture":"#0","tintindex":0},"up":{"uv":[12.625,1.625,12.0,1.5],"rotation":0,"texture":"#0","tintindex":0},"down":{"uv":[12.625,1.625,12.0,1.75],"rotation":0,"texture":"#0","tintindex":0}}},{"from":[9.542857,11.228572,6.285714],"to":[12.4,12.371429,7.428571],"rotation":{"angle":22.5,"axis":"y","origin":[9.257143,11.8,6.857143]},"faces":{"east":{"uv":[5.5,11.375,5.75,11.625],"rotation":0,"texture":"#0","tintindex":0},"south":{"uv":[11.75,4.25,12.375,4.5],"rotation":0,"texture":"#0","tintindex":0},"north":{"uv":[11.75,4.0,12.375,4.25],"rotation":0,"texture":"#0","tintindex":0},"west":{"uv":[4.875,11.625,5.125,11.875],"rotation":0,"texture":"#0","tintindex":0},"up":{"uv":[12.375,5.5,11.75,5.25],"rotation":0,"texture":"#0","tintindex":0},"down":{"uv":[6.125,11.75,5.5,12.0],"rotation":0,"texture":"#0","tintindex":0}}},{"from":[12.114286,11.521429,5.785714],"to":[14.971429,12.092857,6.357143],"rotation":{"angle":45.0,"axis":"y","origin":[11.828571,11.521429,6.357143]},"faces":{"east":{"uv":[5.625,11.625,5.75,11.75],"rotation":0,"texture":"#0","tintindex":0},"south":{"uv":[12.25,11.125,12.875,11.25],"rotation":0,"texture":"#0","tintindex":0},"north":{"uv":[12.25,11.0,12.875,11.125],"rotation":0,"texture":"#0","tintindex":0},"west":{"uv":[11.625,6.75,11.75,6.875],"rotation":0,"texture":"#0","tintindex":0},"up":{"uv":[12.875,11.375,12.25,11.25],"rotation":0,"texture":"#0","tintindex":0},"down":{"uv":[12.875,11.375,12.25,11.5],"rotation":0,"texture":"#0","tintindex":0}}},{"from":[7.43121,12.942858,8.832958],"to":[8.574067,14.085714,11.690101],"rotation":{"angle":22.5,"axis":"x","origin":[7.35659,13.71714,9.470872]},"faces":{"east":{"uv":[11.75,1.75,12.375,2.0],"rotation":0,"texture":"#0","tintindex":0},"south":{"uv":[1.5,10.375,1.75,10.625],"rotation":0,"texture":"#0","tintindex":0},"north":{"uv":[9.375,9.75,9.625,10.0],"rotation":0,"texture":"#0","tintindex":0},"west":{"uv":[11.75,2.0,12.375,2.25],"rotation":0,"texture":"#0","tintindex":0},"up":{"uv":[7.75,3.375,7.5,2.75],"rotation":0,"texture":"#0","tintindex":0},"down":{"uv":[7.125,8.125,6.875,8.75],"rotation":0,"texture":"#0","tintindex":0}}},{"from":[8.285718,12.377424,10.726774],"to":[8.857147,12.948853,13.012489],"rotation":{"angle":-22.5,"axis":"y","origin":[7.185161,13.602854,9.3565855]},"faces":{"east":{"uv":[12.375,1.0,12.875,1.125],"rotation":0,"texture":"#0","tintindex":0},"south":{"uv":[2.75,11.5,2.875,11.625],"rotation":0,"texture":"#0","tintindex":0},"north":{"uv":[2.625,11.5,2.75,11.625],"rotation":0,"texture":"#0","tintindex":0},"west":{"uv":[12.375,1.125,12.875,1.25],"rotation":0,"texture":"#0","tintindex":0},"up":{"uv":[10.0,11.25,9.875,10.75],"rotation":0,"texture":"#0","tintindex":0},"down":{"uv":[10.125,10.75,10.0,11.25],"rotation":0,"texture":"#0","tintindex":0}}},{"from":[5.714286,11.8,6.857143],"to":[7.428571,13.514286,9.142858],"rotation":{"angle":-45.0,"axis":"z","origin":[6.5714283,12.657143,8.0]},"faces":{"east":{"uv":[11.375,2.75,11.875,3.125],"rotation":0,"texture":"#0","tintindex":0},"south":{"uv":[11.875,10.875,12.25,11.25],"rotation":0,"texture":"#0","tintindex":0},"north":{"uv":[10.875,11.875,11.25,12.25],"rotation":0,"texture":"#0","tintindex":0},"west":{"uv":[11.375,3.125,11.875,3.5],"rotation":0,"texture":"#0","tintindex":0},"up":{"uv":[11.75,4.0,11.375,3.5],"rotation":0,"texture":"#0","tintindex":0},"down":{"uv":[11.75,4.0,11.375,4.5],"rotation":0,"texture":"#0","tintindex":0}}},{"from":[9.714286,12.942858,7.6571426],"to":[12.571428,14.085714,8.8],"rotation":{"angle":-22.5,"axis":"z","origin":[9.428572,13.514286,8.228572]},"faces":{"east":{"uv":[9.375,7.625,9.625,7.875],"rotation":0,"texture":"#0","tintindex":0},"south":{"uv":[9.875,11.625,10.5,11.875],"rotation":0,"texture":"#0","tintindex":0},"north":{"uv":[4.25,11.625,4.875,11.875],"rotation":0,"texture":"#0",