{"elements":[{"from":[7.163972,3.036827,7.240201],"to":[8.763972,8.6368265,8.8402],"rotation":{"angle":0.0,"axis":"y","origin":[7.963972,7.265398,8.040201]},"faces":{"east":{"uv":[3.25,10.375,3.625,11.625],"rotation":0,"texture":"#0","tintindex":0},"south":{"uv":[3.625,10.375,4.0,11.625],"rotation":0,"texture":"#0","tintindex":0},"north":{"uv":[2.875,10.375,3.25,11.625],"rotation":0,"texture":"#0","tintindex":0},"west":{"uv":[4.0,10.375,4.375,11.625],"rotation":0,"texture":"#0","tintindex":0},"up":{"uv":[10.875,12.125,10.5,11.75],"rotation":0,"texture":"#0","tintindex":0},"down":{"uv":[1.125,11.875,0.75,12.25],"rotation":0,"texture":"#0","tintindex":0}}},{"from":[8.721115,0.058255196,7.933058],"to":[9.292543,2.3439693,8.504486],"rotation":{"angle":-22.5,"axis":"x","origin":[8.721115,0.91539764,8.504486]},"faces":{"east":{"uv":[9.125,6.625,9.25,7.125],"rotation":0,"texture":"#0","tintindex":0},"south":{"uv":[9.25,6.625,9.375,7.125],"rotation":0,"texture":"#0","tintindex":0},"north":{"uv":[6.25,9.125,6.375,9.625],"rotation":0,"texture":"#0","tintindex":0},"west":{"uv":[2.5,9.625,2.625,10.125],"rotation":0,"texture":"#0","tintindex":0},"up":{"uv":[8.375,2.75,8.25,2.625],"rotation":0,"texture":"#0","tintindex":0},"down":{"uv":[8.5,2.625,8.375,2.75],"rotation":0,"texture":"#0","tintindex":0}}},{"from":[8.135401,1.8368268,7.468772],"to":[8.706829,3.5511122,8.040201],"rotation":{"angle":22.5,"axis":"z","origin":[8.421115,3.5511122,7.7544866]},"faces":{"east":{"uv":[10.25,5.875,10.375,6.25],"rotation":0,"texture":"#0","tintindex":0},"south":{"uv":[7.0,11.375,7.125,11.75],"rotation":0,"texture":"#0","tintindex":0},"north":{"uv":[1.125,10.0,1.25,10.375],"rotation":0,"texture":"#0","tintindex":0},"west":{"uv":[12.375,8.0,12.5,8.375],"rotation":0,"texture":"#0","tintindex":0},"up":{"uv":[8.625,5.5,8.5,5.375],"rotation":0,"texture":"#0","tintindex":0},"down":{"uv":[7.0,8.75,6.875,8.875],"rotation":0,"texture":"#0","tintindex":0}}},{"from":[6.6925435,0.6368265,8.468772],"to":[7.2639723,2.9225407,9.040201],"rotation":{"angle":-22.5,"axis":"x","origin":[7.2639723,1.4939694,9.040201]},"faces":{"east":{"uv":[9.875,7.0,10.0,7.5],"rotation":0,"texture":"#0","tintindex":0},"south":{"uv":[10.375,9.25,10.5,9.75],"rotation":0,"texture":"#0","tintindex":0},"north":{"uv":[9.75,7.0,9.875,7.5],"rotation":0,"texture":"#0","tintindex":0},"west":{"uv":[10.625,0.0,10.75,0.5],"rotation":0,"texture":"#0","tintindex":0},"up":{"uv":[7.125,8.875,7.0,8.75],"rotation":0,"texture":"#0","tintindex":0},"down":{"uv":[3.25,9.0,3.125,9.125],"rotation":0,"texture":"#0","tintindex":0}}},{"from":[7.106829,2.408255,7.9687724],"to":[7.678258,3.5511122,8.540201],"rotation":{"angle":-22.5,"axis":"z","origin":[7.3925433,3.5511122,8.254486]},"faces":{"east":{"uv":[10.625,0.5,10.75,0.75],"rotation":0,"texture":"#0","tintindex":0},"south":{"uv":[10.625,2.25,10.75,2.5],"rotation":0,"texture":"#0","tintindex":0},"north":{"uv":[10.375,9.75,10.5,10.0],"rotation":0,"texture":"#0","tintindex":0},"west":{"uv":[10.75,6.0,10.875,6.25],"rotation":0,"texture":"#0","tintindex":0},"up":{"uv":[3.375,9.125,3.25,9.0],"rotation":0,"texture":"#0","tintindex":0},"down":{"uv":[9.5,7.875,9.375,8.0],"rotation":0,"texture":"#0","tintindex":0}}},{"from":[7.606829,-0.9631729,7.5544863],"to":[8.178258,1.8939695,8.125916],"rotation":{"angle":-22.5,"axis":"x","origin":[8.178258,0.4653983,8.125916]},"faces":{"east":{"uv":[7.75,5.5,7.875,6.125],"rotation":0,"texture":"#0","tintindex":0},"south":{"uv":[8.5,4.125,8.625,4.75],"rotation":0,"texture":"#0","tintindex":0},"north":{"uv":[7.0,6.125,7.125,6.75],"rotation":0,"texture":"#0","tintindex":0},"west":{"uv":[8.5,4.75,8.625,5.375],"rotation":0,"texture":"#0","tintindex":0},"up":{"uv":[9.625,8.0,9.5,7.875],"rotation":0,"texture":"#0","tintindex":0},"down":{"uv":[9.75,2.5,9.625,2.625],"rotation":0,"texture":"#0","tintindex":0}}},{"from":[7.606829,1.4784818,7.068811],"to":[8.178258,3.1927671,7.6402397],"rotation":{"angle":0.0,"axis":"y","origin":[7.8925433,2.3356242,7.3545256]},"faces":{"east":{"uv":[8.375,12.375,8.5,12.75],"rotation":0,"texture":"#0","tintindex":0},"south":{"uv":[12.375,8.375,12.5,8.75],"rotation":0,"texture":"#0","tintindex":0},"north":{"uv":[8.25,12.375,8.375,12.75],"rotation":0,"texture":"#0","tintindex":0},"west":{"uv":[8.5,12.375,8.625,12.75],"rotation":0,"texture":"#0","tintindex":0},"up":{"uv":[9.75,6.0,9.625,5.875],"rotation":0,"texture":"#0","tintindex":0},"down":{"uv":[6.75,9.625,6.625,9.75],"rotation":0,"texture":"#0","tintindex":0}}}],"textures":{"0":"modelengine:entity/em_dyerftum4"},"display":{"head":{"translation":[0.0,-6.4,0.0],"scale":[4.0,4.0,4.0]}}}