{"elements":[{"from":[7.366481,1.1999998,7.1782513],"to":[8.966481,8.514286,8.778252],"rotation":{"angle":0.0,"axis":"y","origin":[8.166481,6.285714,7.9782515]},"faces":{"east":{"uv":[5.5,9.125,5.875,10.75],"rotation":0,"texture":"#0","tintindex":0},"south":{"uv":[5.875,9.125,6.25,10.75],"rotation":0,"texture":"#0","tintindex":0},"north":{"uv":[5.125,9.125,5.5,10.75],"rotation":0,"texture":"#0","tintindex":0},"west":{"uv":[9.375,6.0,9.75,7.625],"rotation":0,"texture":"#0","tintindex":0},"up":{"uv":[12.25,9.75,11.875,9.375],"rotation":0,"texture":"#0","tintindex":0},"down":{"uv":[10.25,11.875,9.875,12.25],"rotation":0,"texture":"#0","tintindex":0}}},{"from":[7.195052,1.6571422,5.635394],"to":[7.880767,2.342857,8.035394],"rotation":{"angle":22.5,"axis":"y","origin":[7.5379095,1.9999995,7.1211085]},"faces":{"east":{"uv":[10.25,6.875,10.75,7.0],"rotation":0,"texture":"#0","tintindex":0},"south":{"uv":[2.875,10.25,3.0,10.375],"rotation":0,"texture":"#0","tintindex":0},"north":{"uv":[2.5,10.125,2.625,10.25],"rotation":0,"texture":"#0","tintindex":0},"west":{"uv":[6.125,11.75,6.625,11.875],"rotation":0,"texture":"#0","tintindex":0},"up":{"uv":[2.375,11.125,2.25,10.625],"rotation":0,"texture":"#0","tintindex":0},"down":{"uv":[2.5,10.625,2.375,11.125],"rotation":0,"texture":"#0","tintindex":0}}},{"from":[8.452195,1.6571422,6.206823],"to":[9.13791,2.342857,8.035394],"rotation":{"angle":-22.5,"axis":"y","origin":[8.795053,1.9999995,7.1211085]},"faces":{"east":{"uv":[10.0,5.0,10.375,5.125],"rotation":0,"texture":"#0","tintindex":0},"south":{"uv":[10.75,9.125,10.875,9.25],"rotation":0,"texture":"#0","tintindex":0},"north":{"uv":[3.0,10.25,3.125,10.375],"rotation":0,"texture":"#0","tintindex":0},"west":{"uv":[8.625,12.375,9.0,12.5],"rotation":0,"texture":"#0","tintindex":0},"up":{"uv":[12.5,9.125,12.375,8.75],"rotation":0,"texture":"#0","tintindex":0},"down":{"uv":[9.125,12.375,9.0,12.75],"rotation":0,"texture":"#0","tintindex":0}}},{"from":[7.4384665,1.6571422,7.8993597],"to":[8.124181,2.342857,9.727931],"rotation":{"angle":-45.0,"axis":"y","origin":[8.0,1.9999995,8.571428]},"faces":{"east":{"uv":[12.375,9.875,12.75,10.0],"rotation":0,"texture":"#0","tintindex":0},"south":{"uv":[2.375,11.375,2.5,11.5],"rotation":0,"texture":"#0","tintindex":0},"north":{"uv":[2.25,11.375,2.375,11.5],"rotation":0,"texture":"#0","tintindex":0},"west":{"uv":[12.375,10.0,12.75,10.125],"rotation":0,"texture":"#0","tintindex":0},"up":{"uv":[9.25,12.75,9.125,12.375],"rotation":0,"texture":"#0","tintindex":0},"down":{"uv":[9.375,12.375,9.25,12.75],"rotation":0,"texture":"#0","tintindex":0}}}],"textures":{"0":"modelengine:entity/em_dyerftum4"},"display":{"head":{"translation":[0.0,-6.4,0.0],"scale":[4.0,4.0,4.0]}}}