{"elements":[{"from":[7.456593,2.7175317,6.88841],"to":[9.742308,9.574675,9.174125],"rotation":{"angle":0.0,"axis":"y","origin":[10.028022,0.43181753,8.316981]},"faces":{"east":{"uv":[7.875,8.25,8.375,9.75],"rotation":0,"texture":"#0","tintindex":0},"south":{"uv":[8.375,8.25,8.875,9.75],"rotation":0,"texture":"#0","tintindex":0},"north":{"uv":[6.375,8.125,6.875,9.625],"rotation":0,"texture":"#0","tintindex":0},"west":{"uv":[0.0,8.5,0.5,10.0],"rotation":0,"texture":"#0","tintindex":0},"up":{"uv":[9.625,2.625,9.125,2.125],"rotation":0,"texture":"#0","tintindex":0},"down":{"uv":[6.25,10.75,5.75,11.25],"rotation":0,"texture":"#0","tintindex":0}}},{"from":[9.59945,6.203246,8.402696],"to":[11.885164,6.774675,8.974125],"rotation":{"angle":-45.0,"axis":"y","origin":[9.313736,6.203246,8.402696]},"faces":{"east":{"uv":[9.375,12.0,9.5,12.125],"rotation":0,"texture":"#0","tintindex":0},"south":{"uv":[12.375,2.375,12.875,2.5],"rotation":0,"texture":"#0","tintindex":0},"north":{"uv":[12.375,2.25,12.875,2.375],"rotation":0,"texture":"#0","tintindex":0},"west":{"uv":[9.75,12.125,9.875,12.25],"rotation":0,"texture":"#0","tintindex":0},"up":{"uv":[12.875,2.625,12.375,2.5],"rotation":0,"texture":"#0","tintindex":0},"down":{"uv":[12.875,2.625,12.375,2.75],"rotation":0,"texture":"#0","tintindex":0}}},{"from":[9.927061,5.0032463,11.523567],"to":[13.355633,8.431818,11.523567],"rotation":{"angle":-45.0,"axis":"y","origin":[11.927061,6.4318175,11.523567]},"faces":{"east":{"uv":[0.0,0.0,0.0,0.75],"rotation":0,"texture":"#0","tintindex":0},"south":{"uv":[0.0,10.0,0.75,10.75],"rotation":0,"texture":"#0","tintindex":0},"north":{"uv":[1.75,9.875,2.5,10.625],"rotation":0,"texture":"#0","tintindex":0},"west":{"uv":[0.0,0.0,0.0,0.75],"rotation":0,"texture":"#0","tintindex":0},"up":{"uv":[0.75,0.0,0.0,0.0],"rotation":0,"texture":"#0","tintindex":0},"down":{"uv":[0.75,0.0,0.0,0.0],"rotation":0,"texture":"#0","tintindex":0}}},{"from":[10.762775,8.003246,8.302139],"to":[13.048491,10.28896,8.302139],"rotation":{"angle":0.0,"axis":"y","origin":[11.905633,9.146104,8.302139]},"faces":{"east":{"uv":[0.0,0.0,0.0,0.5],"rotation":0,"texture":"#0","tintindex":0},"south":{"uv":[10.875,10.125,11.375,10.625],"rotation":0,"texture":"#0","tintindex":0},"north":{"uv":[10.875,9.625,11.375,10.125],"rotation":0,"texture":"#0","tintindex":0},"west":{"uv":[0.0,0.0,0.0,0.5],"rotation":0,"texture":"#0","tintindex":0},"up":{"uv":[0.5,0.0,0.0,0.0],"rotation":0,"texture":"#0","tintindex":0},"down":{"uv":[0.5,0.0,0.0,0.0],"rotation":0,"texture":"#0","tintindex":0}}},{"from":[9.4565935,7.917532,7.9169817],"to":[11.742308,8.48896,8.48841],"rotation":{"angle":22.5,"axis":"z","origin":[9.170879,7.917532,7.9169817]},"faces":{"east":{"uv":[5.875,12.0,6.0,12.125],"rotation":0,"texture":"#0","tintindex":0},"south":{"uv":[12.375,1.875,12.875,2.0],"rotation":0,"texture":"#0","tintindex":0},"north":{"uv":[12.375,1.75,12.875,1.875],"rotation":0,"texture":"#0","tintindex":0},"west":{"uv":[6.0,12.0,6.125,12.125],"rotation":0,"texture":"#0","tintindex":0},"up":{"uv":[12.875,2.125,12.375,2.0],"rotation":0,"texture":"#0","tintindex":0},"down":{"uv":[12.875,2.125,12.375,2.25],"rotation":0,"texture":"#0","tintindex":0}}}],"textures":{"0":"modelengine:entity/em_dyerftum4"},"display":{"head":{"translation":[0.0,-6.4,0.0],"scale":[4.0,4.0,4.0]}}}