{"elements":[{"from":[7.033519,1.1999998,7.1782513],"to":[8.633519,8.514286,8.778252],"rotation":{"angle":0.0,"axis":"y","origin":[7.833519,6.285714,7.9782515]},"faces":{"east":{"uv":[9.625,3.5,10.0,5.125],"rotation":0,"texture":"#0","tintindex":0},"south":{"uv":[6.25,9.625,6.625,11.25],"rotation":0,"texture":"#0","tintindex":0},"north":{"uv":[9.625,0.875,10.0,2.5],"rotation":0,"texture":"#0","tintindex":0},"west":{"uv":[9.625,7.625,10.0,9.25],"rotation":0,"texture":"#0","tintindex":0},"up":{"uv":[9.375,12.375,9.0,12.0],"rotation":0,"texture":"#0","tintindex":0},"down":{"uv":[12.375,11.875,12.0,12.25],"rotation":0,"texture":"#0","tintindex":0}}},{"from":[8.119233,1.6571422,5.635394],"to":[8.804948,2.342857,8.035394],"rotation":{"angle":-22.5,"axis":"y","origin":[8.4620905,1.9999995,7.1211085]},"faces":{"east":{"uv":[12.375,1.25,12.875,1.375],"rotation":0,"texture":"#0","tintindex":0},"south":{"uv":[2.125,11.875,2.25,12.0],"rotation":0,"texture":"#0","tintindex":0},"north":{"uv":[11.75,7.75,11.875,7.875],"rotation":0,"texture":"#0","tintindex":0},"west":{"uv":[12.375,1.375,12.875,1.5],"rotation":0,"texture":"#0","tintindex":0},"up":{"uv":[2.0,12.625,1.875,12.125],"rotation":0,"texture":"#0","tintindex":0},"down":{"uv":[2.125,12.125,2.0,12.625],"rotation":0,"texture":"#0","tintindex":0}}},{"from":[6.86209,1.6571422,6.206823],"to":[7.547805,2.342857,8.035394],"rotation":{"angle":22.5,"axis":"y","origin":[7.2049475,1.9999995,7.1211085]},"faces":{"east":{"uv":[12.375,10.625,12.75,10.75],"rotation":0,"texture":"#0","tintindex":0},"south":{"uv":[6.875,11.875,7.0,12.0],"rotation":0,"texture":"#0","tintindex":0},"north":{"uv":[6.75,11.875,6.875,12.0],"rotation":0,"texture":"#0","tintindex":0},"west":{"uv":[12.375,10.75,12.75,10.875],"rotation":0,"texture":"#0","tintindex":0},"up":{"uv":[11.125,12.75,11.0,12.375],"rotation":0,"texture":"#0","tintindex":0},"down":{"uv":[11.25,12.375,11.125,12.75],"rotation":0,"texture":"#0","tintindex":0}}},{"from":[7.875819,1.6571422,7.8993597],"to":[8.561533,2.342857,9.727931],"rotation":{"angle":45.0,"axis":"y","origin":[8.0,1.9999995,8.571428]},"faces":{"east":{"uv":[11.25,12.375,11.625,12.5],"rotation":0,"texture":"#0","tintindex":0},"south":{"uv":[2.5,12.0,2.625,12.125],"rotation":0,"texture":"#0","tintindex":0},"north":{"uv":[11.875,7.75,12.0,7.875],"rotation":0,"texture":"#0","tintindex":0},"west":{"uv":[11.625,12.375,12.0,12.5],"rotation":0,"texture":"#0","tintindex":0},"up":{"uv":[12.5,12.25,12.375,11.875],"rotation":0,"texture":"#0","tintindex":0},"down":{"uv":[12.125,12.375,12.0,12.75],"rotation":0,"texture":"#0","tintindex":0}}}],"textures":{"0":"modelengine:entity/em_dyerftum4"},"display":{"head":{"translation":[0.0,-6.4,0.0],"scale":[4.0,4.0,4.0]}}}