{"elements":[{"from":[7.5217423,3.036827,7.240201],"to":[9.121742,8.6368265,8.8402],"rotation":{"angle":0.0,"axis":"y","origin":[8.321742,7.265398,8.040201]},"faces":{"east":{"uv":[4.75,10.375,5.125,11.625],"rotation":0,"texture":"#0","tintindex":0},"south":{"uv":[10.375,5.0,10.75,6.25],"rotation":0,"texture":"#0","tintindex":0},"north":{"uv":[4.375,10.375,4.75,11.625],"rotation":0,"texture":"#0","tintindex":0},"west":{"uv":[7.125,10.5,7.5,11.75],"rotation":0,"texture":"#0","tintindex":0},"up":{"uv":[5.875,12.375,5.5,12.0],"rotation":0,"texture":"#0","tintindex":0},"down":{"uv":[7.125,12.0,6.75,12.375],"rotation":0,"texture":"#0","tintindex":0}}},{"from":[7.464599,2.9796839,7.183058],"to":[9.178885,4.6939697,8.897344],"rotation":{"angle":0.0,"axis":"y","origin":[8.321742,7.265398,8.040201]},"faces":{"east":{"uv":[7.5,12.0,7.875,12.375],"rotation":0,"texture":"#0","tintindex":0},"south":{"uv":[12.0,7.75,12.375,8.125],"rotation":0,"texture":"#0","tintindex":0},"north":{"uv":[7.125,12.0,7.5,12.375],"rotation":0,"texture":"#0","tintindex":0},"west":{"uv":[7.875,12.0,8.25,12.375],"rotation":0,"texture":"#0","tintindex":0},"up":{"uv":[8.625,12.375,8.25,12.0],"rotation":0,"texture":"#0","tintindex":0},"down":{"uv":[9.0,12.0,8.625,12.375],"rotation":0,"texture":"#0","tintindex":0}}},{"from":[6.4931707,-3.4203167,6.2116294],"to":[10.150314,3.0939693,9.8687725],"rotation":{"angle":0.0,"axis":"y","origin":[8.321742,7.265398,8.040201]},"faces":{"east":{"uv":[6.375,6.75,7.125,8.125],"rotation":0,"texture":"#0","tintindex":0},"south":{"uv":[7.0,3.375,7.75,4.75],"rotation":0,"texture":"#0","tintindex":0},"north":{"uv":[5.625,6.75,6.375,8.125],"rotation":0,"texture":"#0","tintindex":0},"west":{"uv":[7.0,4.75,7.75,6.125],"rotation":0,"texture":"#0","tintindex":0},"up":{"uv":[9.375,10.5,8.625,9.75],"rotation":0,"texture":"#0","tintindex":0},"down":{"uv":[10.625,0.0,9.875,0.75],"rotation":0,"texture":"#0","tintindex":0}}},{"from":[6.607456,-3.3060312,6.325915],"to":[10.036028,2.9796839,9.754486],"rotation":{"angle":0.0,"axis":"y","origin":[8.321742,7.265398,8.040201]},"faces":{"east":{"uv":[3.375,6.75,4.125,8.125],"rotation":0,"texture":"#0","tintindex":0},"south":{"uv":[4.125,6.75,4.875,8.125],"rotation":0,"texture":"#0","tintindex":0},"north":{"uv":[1.875,6.75,2.625,8.125],"rotation":0,"texture":"#0","tintindex":0},"west":{"uv":[4.875,6.75,5.625,8.125],"rotation":0,"texture":"#0","tintindex":0},"up":{"uv":[7.875,10.5,7.125,9.75],"rotation":0,"texture":"#0","tintindex":0},"down":{"uv":[8.625,9.75,7.875,10.5],"rotation":0,"texture":"#0","tintindex":0}}},{"from":[6.893171,-4.448888,6.6116295],"to":[9.750314,-3.3060312,9.468772],"rotation":{"angle":0.0,"axis":"y","origin":[8.321742,7.265398,8.040201]},"faces":{"east":{"uv":[11.75,7.0,12.375,7.25],"rotation":0,"texture":"#0","tintindex":0},"south":{"uv":[11.75,7.25,12.375,7.5],"rotation":0,"texture":"#0","tintindex":0},"north":{"uv":[7.0,11.75,7.625,12.0],"rotation":0,"texture":"#0","tintindex":0},"west":{"uv":[11.75,7.5,12.375,7.75],"rotation":0,"texture":"#0","tintindex":0},"up":{"uv":[11.375,2.5,10.75,1.875],"rotation":0,"texture":"#0","tintindex":0},"down":{"uv":[11.375,3.5,10.75,4.125],"rotation":0,"texture":"#0","tintindex":0}}},{"from":[6.778885,-4.5631742,6.4973435],"to":[9.864599,-3.1917448,9.583058],"rotation":{"angle":0.0,"axis":"y","origin":[8.321742,7.265398,8.040201]},"faces":{"east":{"uv":[11.75,5.75,12.375,6.0],"rotation":0,"texture":"#0","tintindex":0},"south":{"uv":[11.75,6.0,12.375,6.25],"rotation":0,"texture":"#0","tintindex":0},"north":{"uv":[11.75,5.5,12.375,5.75],"rotation":0,"texture":"#0","tintindex":0},"west":{"uv":[11.75,6.75,12.375,7.0],"rotation":0,"texture":"#0","tintindex":0},"up":{"uv":[10.875,6.875,10.25,6.25],"rotation":0,"texture":"#0","tintindex":0},"down":{"uv":[11.375,1.25,10.75,1.875],"rotation":0,"texture":"#0","tintindex":0}}}],"textures":{"0":"modelengine:entity/em_dyerftum4"},"display":{"head":{"translation":[0.0,-6.4,0.0],"scale":[4.0,4.0,4.0]}}}