{"elements":[{"from":[7.142857,0.0,8.167857],"to":[7.714286,1.1428566,8.339286],"rotation":{"angle":0.0,"axis":"y","origin":[9.428572,20.57143,8.0]},"faces":{"east":{"uv":[10.2625,14.8875,10.3625,15.1125],"rotation":0,"texture":"#4","tintindex":0},"south":{"uv":[10.5125,14.8875,10.6125,15.1125],"rotation":0,"texture":"#4","tintindex":0},"north":{"uv":[10.0125,14.8875,10.1125,15.1125],"rotation":0,"texture":"#4","tintindex":0},"west":{"uv":[14.8875,10.7625,14.9875,10.9875],"rotation":0,"texture":"#4","tintindex":0},"up":{"uv":[15.6125,6.6125,15.5125,6.5125],"rotation":0,"texture":"#4","tintindex":0},"down":{"uv":[6.7375,15.5125,6.6375,15.6125],"rotation":0,"texture":"#4","tintindex":0}}},{"from":[7.142857,1.1428566,8.167857],"to":[8.285714,2.8571424,8.339286],"rotation":{"angle":0.0,"axis":"y","origin":[9.428572,20.57143,8.0]},"faces":{"east":{"uv":[8.5125,14.3875,8.6125,14.7375],"rotation":0,"texture":"#4","tintindex":0},"south":{"uv":[12.2625,12.5125,12.4875,12.8625],"rotation":0,"texture":"#4","tintindex":0},"north":{"uv":[11.8875,12.5125,12.1125,12.8625],"rotation":0,"texture":"#4","tintindex":0},"west":{"uv":[8.7625,14.3875,8.8625,14.7375],"rotation":0,"texture":"#4","tintindex":0},"up":{"uv":[15.1125,8.9875,14.8875,8.8875],"rotation":0,"texture":"#4","tintindex":0},"down":{"uv":[15.1125,10.2625,14.8875,10.3625],"rotation":0,"texture":"#4","tintindex":0}}},{"from":[6.5714283,2.2857141,8.167857],"to":[7.142857,7.428571,8.339286],"rotation":{"angle":0.0,"axis":"y","origin":[9.428572,20.57143,8.0]},"faces":{"east":{"uv":[1.7625,11.1375,1.8625,12.2375],"rotation":0,"texture":"#4","tintindex":0},"south":{"uv":[2.0125,11.1375,2.1125,12.2375],"rotation":0,"texture":"#4","tintindex":0},"north":{"uv":[1.5125,11.1375,1.6125,12.2375],"rotation":0,"texture":"#4","tintindex":0},"west":{"uv":[2.2625,11.1375,2.3625,12.2375],"rotation":0,"texture":"#4","tintindex":0},"up":{"uv":[6.9875,15.6125,6.8875,15.5125],"rotation":0,"texture":"#4","tintindex":0},"down":{"uv":[7.2375,15.5125,7.1375,15.6125],"rotation":0,"texture":"#4","tintindex":0}}},{"from":[7.142857,2.8571424,8.167857],"to":[8.857143,7.428571,8.339286],"rotation":{"angle":0.0,"axis":"y","origin":[9.428572,20.57143,8.0]},"faces":{"east":{"uv":[5.0125,11.6375,5.1125,12.6125],"rotation":0,"texture":"#4","tintindex":0},"south":{"uv":[6.3875,7.2625,6.7375,8.2375],"rotation":0,"texture":"#4","tintindex":0},"north":{"uv":[5.8875,7.2625,6.2375,8.2375],"rotation":0,"texture":"#4","tintindex":0},"west":{"uv":[7.2625,11.6375,7.3625,12.6125],"rotation":0,"texture":"#4","tintindex":0},"up":{"uv":[9.3625,14.4875,9.0125,14.3875],"rotation":0,"texture":"#4","tintindex":0},"down":{"uv":[10.1125,14.3875,9.7625,14.4875],"rotation":0,"texture":"#4","tintindex":0}}},{"from":[7.142857,7.428571,8.025],"to":[8.857143,8.0,8.196428],"rotation":{"angle":0.0,"axis":"y","origin":[9.428572,25.142859,7.857143]},"faces":{"east":{"uv":[7.3875,15.5125,7.4875,15.6125],"rotation":0,"texture":"#4","tintindex":0},"south":{"uv":[14.3875,10.2625,14.7375,10.3625],"rotation":0,"texture":"#4","tintindex":0},"north":{"uv":[14.3875,10.0125,14.7375,10.1125],"rotation":0,"texture":"#4","tintindex":0},"west":{"uv":[15.5125,7.5125,15.6125,7.6125],"rotation":0,"texture":"#4","tintindex":0},"up":{"uv":[10.8625,14.4875,10.5125,14.3875],"rotation":0,"texture":"#4","tintindex":0},"down":{"uv":[14.7375,11.1375,14.3875,11.2375],"rotation":0,"texture":"#4","tintindex":0}}},{"from":[8.857143,4.5714283,8.167857],"to":[9.428572,7.428571,8.339286],"rotation":{"angle":0.0,"axis":"y","origin":[9.428572,20.57143,8.0]},"faces":{"east":{"uv":[2.6375,12.7625,2.7375,13.3625],"rotation":0,"texture":"#4","tintindex":0},"south":{"uv":[2.8875,12.7625,2.9875,13.3625],"rotation":0,"texture":"#4","tintindex":0},"north":{"uv":[2.3875,12.7625,2.4875,13.3625],"rotation":0,"texture":"#4","tintindex":0},"west":{"uv":[3.5125,12.7625,3.6125,13.3625],"rotation":0,"texture":"#4","tintindex":0},"up":{"uv":[7.7375,15.6125,7.6375,15.5125],"rotation":0,"texture":"#4","tintindex":0},"down":{"uv":[15.6125,7.7625,15.5125,7.8625],"rotation":0,"texture":"#4","tintindex":0}}}],"textures":{"4":"modelengine:entity/fallenreaper"},"display":{"head":{"translation":[0.0,-6.4,0.0],"scale":[4.0,4.0,4.0]}}}