{"elements":[{"from":[7.142857,6.857143,7.428571],"to":[8.857143,8.142858,9.142858],"rotation":{"angle":0.0,"axis":"y","origin":[8.942857,4.0,8.285714]},"faces":{"east":{"uv":[0.004,8.004,5.996,11.996],"rotation":0,"texture":"#0","tintindex":0},"south":{"uv":[0.004,8.004,5.996,11.996],"rotation":0,"texture":"#0","tintindex":0},"north":{"uv":[0.004,8.004,5.996,11.996],"rotation":0,"texture":"#0","tintindex":0},"west":{"uv":[0.004,8.004,5.996,11.996],"rotation":0,"texture":"#0","tintindex":0},"up":{"uv":[0.004,4.004,5.996,7.996],"rotation":0,"texture":"#0","tintindex":0},"down":{"uv":[2.742,18.008,2.008,18.742],"rotation":0,"texture":"#missing","tintindex":0}}},{"from":[7.142857,7.428571,6.857143],"to":[8.857143,8.571428,7.428571],"rotation":{"angle":0.0,"axis":"y","origin":[8.942857,4.0,8.285714]},"faces":{"east":{"uv":[14.3875,14.1375,14.4875,14.3625],"rotation":0,"texture":"#4","tintindex":0},"south":{"uv":[10.1375,11.7625,10.4875,11.9875],"rotation":0,"texture":"#4","tintindex":0},"north":{"uv":[3.7625,7.8875,4.1125,8.1125],"rotation":0,"texture":"#4","tintindex":0},"west":{"uv":[14.5125,0.2625,14.6125,0.4875],"rotation":0,"texture":"#4","tintindex":0},"up":{"uv":[6.9875,14.2375,6.6375,14.1375],"rotation":0,"texture":"#4","tintindex":0},"down":{"uv":[14.4875,8.3875,14.1375,8.4875],"rotation":0,"texture":"#4","tintindex":0}}},{"from":[7.0,7.428571,7.428571],"to":[9.0,8.0,9.285714],"rotation":{"angle":0.0,"axis":"y","origin":[8.942857,4.0,8.285714]},"faces":{"east":{"uv":[8.5125,14.1375,8.8625,14.2375],"rotation":0,"texture":"#4","tintindex":0},"south":{"uv":[12.8875,8.6375,13.3625,8.7375],"rotation":0,"texture":"#4","tintindex":0},"north":{"uv":[12.8875,6.6375,13.3625,6.7375],"rotation":0,"texture":"#4","tintindex":0},"west":{"uv":[14.1375,8.6375,14.4875,8.7375],"rotation":0,"texture":"#4","tintindex":0},"up":{"uv":[10.8625,0.3625,10.3875,0.0125],"rotation":0,"texture":"#4","tintindex":0},"down":{"uv":[10.8625,0.5125,10.3875,0.8625],"rotation":0,"texture":"#4","tintindex":0}}},{"from":[6.857143,4.5714283,7.142857],"to":[8.857143,6.857143,9.428572],"rotation":{"angle":0.0,"axis":"y","origin":[7.857143,10.571428,8.285714]},"faces":{"east":{"uv":[0.6375,9.0125,1.1125,9.4875],"rotation":0,"texture":"#4","tintindex":0},"south":{"uv":[9.0125,2.5125,9.4875,2.9875],"rotation":0,"texture":"#4","tintindex":0},"north":{"uv":[0.0125,9.0125,0.4875,9.4875],"rotation":0,"texture":"#4","tintindex":0},"west":{"uv":[5.0125,9.0125,5.4875,9.4875],"rotation":0,"texture":"#4","tintindex":0},"up":{"uv":[6.1125,9.4875,5.6375,9.0125],"rotation":0,"texture":"#4","tintindex":0},"down":{"uv":[9.6125,0.0125,9.1375,0.4875],"rotation":0,"texture":"#4","tintindex":0}}},{"from":[6.6714287,6.285714,7.1285715],"to":[9.042857,6.9142857,9.442858],"rotation":{"angle":0.0,"axis":"y","origin":[7.857143,10.571428,8.285714]},"faces":{"east":{"uv":[13.5125,0.0125,13.9875,0.1125],"rotation":0,"texture":"#4","tintindex":0},"south":{"uv":[0.6375,13.5125,1.1125,13.6125],"rotation":0,"texture":"#4","tintindex":0},"north":{"uv":[0.0125,13.5125,0.4875,13.6125],"rotation":0,"texture":"#4","tintindex":0},"west":{"uv":[2.3875,13.5125,2.8625,13.6125],"rotation":0,"texture":"#4","tintindex":0},"up":{"uv":[7.8625,9.8625,7.3875,9.3875],"rotation":0,"texture":"#4","tintindex":0},"down":{"uv":[9.8625,7.7625,9.3875,8.2375],"rotation":0,"texture":"#4","tintindex":0}}},{"from":[6.7,4.0,7.142857],"to":[9.042857,4.5714283,9.442858],"rotation":{"angle":0.0,"axis":"y","origin":[7.857143,8.285714,8.285714]},"faces":{"east":{"uv":[13.2625,1.0125,13.7375,1.1125],"rotation":0,"texture":"#4","tintindex":0},"south":{"uv":[13.2625,2.8875,13.7375,2.9875],"rotation":0,"texture":"#4","tintindex":0},"north":{"uv":[13.2625,0.7625,13.7375,0.8625],"rotation":0,"texture":"#4","tintindex":0},"west":{"uv":[13.2625,3.1375,13.7375,3.2375],"rotation":0,"texture":"#4","tintindex":0},"up":{"uv":[9.7375,4.8625,9.2625,4.3875],"rotation":0,"texture":"#4","tintindex":0},"down":{"uv":[4.2375,9.3875,3.7625,9.8625],"rotation":0,"texture":"#4","tintindex":0}}}],"textures":{"0":"modelengine:entity/boneshadingreaper","4":"modelengine:entity/fallenreaper"},"display":{"head":{"translation":[0.0,-6.4,0.0],"scale":[4.0,4.0,4.0]}}}