{"elements":[{"from":[5.885714,3.9714284,6.8285713],"to":[8.275,7.457143,9.171429],"rotation":{"angle":0.0,"axis":"y","origin":[11.0,-6.285715,8.0]},"faces":{"east":{"uv":[0.4875,7.5125,0.0125,8.2375],"rotation":0,"texture":"#4","tintindex":0},"south":{"uv":[7.3625,7.2625,6.8875,7.9875],"rotation":0,"texture":"#4","tintindex":0},"north":{"uv":[1.3625,3.6375,0.8875,4.3625],"rotation":0,"texture":"#4","tintindex":0},"west":{"uv":[7.7375,1.0125,7.2625,1.7375],"rotation":0,"texture":"#4","tintindex":0},"up":{"uv":[9.7625,1.1125,10.2375,0.6375],"rotation":0,"texture":"#4","tintindex":0},"down":{"uv":[9.7625,1.2625,10.2375,1.7375],"rotation":0,"texture":"#4","tintindex":0}}},{"from":[7.5714283,8.857143,7.428571],"to":[8.142858,9.142858,8.571428],"rotation":{"angle":0.0,"axis":"y","origin":[11.0,-4.285715,8.0]},"faces":{"east":{"uv":[14.8875,2.3875,15.1125,2.4875],"rotation":0,"texture":"#4","tintindex":0},"south":{"uv":[13.1375,15.3875,13.2375,15.4875],"rotation":0,"texture":"#4","tintindex":0},"north":{"uv":[15.3875,13.0125,15.4875,13.1125],"rotation":0,"texture":"#4","tintindex":0},"west":{"uv":[14.8875,2.6375,15.1125,2.7375],"rotation":0,"texture":"#4","tintindex":0},"up":{"uv":[0.9875,15.1125,0.8875,14.8875],"rotation":0,"texture":"#4","tintindex":0},"down":{"uv":[2.2375,14.8875,2.1375,15.1125],"rotation":0,"texture":"#4","tintindex":0}}},{"from":[7.142857,8.571428,6.857143],"to":[8.285714,8.857143,9.142858],"rotation":{"angle":0.0,"axis":"y","origin":[10.571428,-4.5714293,8.0]},"faces":{"east":{"uv":[14.0125,11.3875,14.4875,11.4875],"rotation":0,"texture":"#4","tintindex":0},"south":{"uv":[14.8875,1.2625,15.1125,1.3625],"rotation":0,"texture":"#4","tintindex":0},"north":{"uv":[0.5125,14.8875,0.7375,14.9875],"rotation":0,"texture":"#4","tintindex":0},"west":{"uv":[14.0125,11.6375,14.4875,11.7375],"rotation":0,"texture":"#4","tintindex":0},"up":{"uv":[7.1125,11.8625,6.8875,11.3875],"rotation":0,"texture":"#4","tintindex":0},"down":{"uv":[11.6125,8.6375,11.3875,9.1125],"rotation":0,"texture":"#4","tintindex":0}}},{"from":[6.5714283,8.571428,7.428571],"to":[7.142857,8.857143,8.571428],"rotation":{"angle":0.0,"axis":"y","origin":[10.0,-4.5714293,8.0]},"faces":{"east":{"uv":[14.7625,14.3875,14.9875,14.4875],"rotation":0,"texture":"#4","tintindex":0},"south":{"uv":[12.8875,15.3875,12.9875,15.4875],"rotation":0,"texture":"#4","tintindex":0},"north":{"uv":[15.3875,12.7625,15.4875,12.8625],"rotation":0,"texture":"#4","tintindex":0},"west":{"uv":[14.6375,14.7625,14.8625,14.8625],"rotation":0,"texture":"#4","tintindex":0},"up":{"uv":[0.1125,15.1125,0.0125,14.8875],"rotation":0,"texture":"#4","tintindex":0},"down":{"uv":[0.3625,14.8875,0.2625,15.1125],"rotation":0,"texture":"#4","tintindex":0}}},{"from":[6.0,5.714286,6.857143],"to":[8.285714,8.0,9.142858],"rotation":{"angle":0.0,"axis":"y","origin":[10.571428,-5.1428576,8.0]},"faces":{"east":{"uv":[0.0125,8.3875,0.4875,8.8625],"rotation":0,"texture":"#4","tintindex":0},"south":{"uv":[5.5125,8.3875,5.9875,8.8625],"rotation":0,"texture":"#4","tintindex":0},"north":{"uv":[6.0125,0.8875,6.4875,1.3625],"rotation":0,"texture":"#4","tintindex":0},"west":{"uv":[6.1375,8.3875,6.6125,8.8625],"rotation":0,"texture":"#4","tintindex":0},"up":{"uv":[8.9875,0.4875,8.5125,0.0125],"rotation":0,"texture":"#4","tintindex":0},"down":{"uv":[8.9875,0.6375,8.5125,1.1125],"rotation":0,"texture":"#4","tintindex":0}}},{"from":[7.5714283,5.142857,6.857143],"to":[8.142858,5.714286,9.142858],"rotation":{"angle":0.0,"axis":"y","origin":[10.428572,-5.714287,8.0]},"faces":{"east":{"uv":[13.1375,8.2625,13.6125,8.3625],"rotation":0,"texture":"#4","tintindex":0},"south":{"uv":[11.7625,15.0125,11.8625,15.1125],"rotation":0,"texture":"#4","tintindex":0},"north":{"uv":[15.0125,11.6375,15.1125,11.7375],"rotation":0,"texture":"#4","tintindex":0},"west":{"uv":[9.2625,13.1375,9.7375,13.2375],"rotation":0,"texture":"#4","tintindex":0},"up":{"uv":[8.1125,13.4875,8.0125,13.0125],"rotation":0,"texture":"#4","tintindex":0},"down":{"uv":[12.4875,13.0125,12.3875,13.4875],"rotation":0,"texture":"#4","tintindex":0}}},{"from":[6.142857,5.142857,6.857143],"to":[6.714286,5.714286,9.142858],"rotation":{"angle":0.0,"axis":"y","origin":[9.0,-5.714287,8.0]},"faces":{"east":{"uv":[13.1375,11.1375,13.6125,11.2375],"rotation":0,"texture":"#4","tintindex":0},"south":{"uv":[12.0125,15.0125,12.1125,15.1125],"rotation":0,"texture":"#4","tintindex":0},"north":{"uv":[15.0125,11.8875,15.1125,11.9875],"rotation":0,"texture":"#4","tintindex":0},"west":{"uv":[13.1375,12.5125,13.6125,12.6125],"rotation":0,"texture":"#4","tintindex":0},"up":{"uv":[3.2375,13.6125,3.1375,13.1375],"rotation":0,"texture":"#4","tintindex":0},"down":{"uv":[13.2375,12.7625,13.1375,13.2375],"rotation":0,"texture":"#4","tintindex":0}}},{"from":[6.5714283,8.0,6.857143],"to":[8.285714,8.571428,9.142858],"rotation":{"angle":0.0,"axis":"y","origin":[10.571428,-5.1428576,8.0]},"faces":{"east":{"uv":[5.5125,2.1375,5.9875,2.2375],"rotation":0,"texture":"#4","tintindex":0},"south":{"uv":[6.7625,0.6375,7.1125,0.7375],"rotation":0,"texture":"#4","tintindex":0},"north":{"uv":[6.1375,3.6375,6.4875,3.7375],"rotation":0,"texture":"#4","tintindex":0},"west":{"uv":[7.0125,3.3875,7.4875,3.4875],"rotation":0,"texture":"#4","tintindex":0},"up":{"uv":[7.1125,0.4875,6.7625,0.0125],"rotation":0,"texture":"#4","tintindex":0},"down":{"uv":[10.6125,2.5125,10.2625,2.9875],"rotation":0,"texture":"#4","tintindex":0}}},{"from":[6.287506,7.572626,6.8599997],"to":[6.858935,8.286912,9.14],"rotation":{"angle":-22.5,"axis":"z","origin":[7.144649,8.286912,8.0]},"faces":{"east":{"uv":[10.0125,9.3875,10.4875,9.4875],"rotation":0,"texture":"#4","tintindex":0},"south":{"uv":[15.0125,0.0125,15.1125,0.1125],"rotation":0,"texture":"#4","tintindex":0},"north":{"uv":[13.3875,14.8875,13.4875,14.9875],"rotation":0,"texture":"#4","tintindex":0},"west":{"uv":[12.6375,10.8875,13.1125,10.9875],"rotation":0,"texture":"#4","tintindex":0},"up":{"uv":[12.8625,0.7375,12.7625,0.2625],"rotation":0,"texture":"#4","tintindex":0},"down":{"uv":[3.8625,12.7625,3.7625,13.2375],"rotation":0,"texture":"#4","tintindex":0}}},{"from":[6.285714,4.5714283,7.142857],"to":[8.0,5.714286,8.857143],"rotation":{"angle":0.0,"axis":"y","origin":[10.571428,-5.1428576,8.0]},"faces":{"east":{"uv":[0.004,0.004,5.996,3.996],"rotation":0,"texture":"#0","tintindex":0},"south":{"uv":[0.004,0.004,5.996,3.996],"rotation":0,"texture":"#0","tintindex":0},"north":{"uv":[0.004,0.004,5.996,3.996],"rotation":0,"texture":"#0","tintindex":0},"west":{"uv":[0.004,0.004,5.996,3.996],"rotation":0,"texture":"#0","tintindex":0},"up":{"uv":[0.004,0.004,5.996,3.996],"rotation":0,"texture":"#0","tintindex":0},"down":{"uv":[0.004,0.004,5.996,3.996],"rotation":0,"texture":"#0","tintindex":0}}}],"textures":{"0":"modelengine:entity/boneshadingreaper","4":"modelengine:entity/fallenreaper"},"display":{"head":{"translation":[0.0,-6.4,0.0],"scale":[4.0,4.0,4.0]}}}