{"elements":[{"from":[6.9142857,8.093543,7.6598287],"to":[9.085714,9.236401,9.316972],"rotation":{"angle":0.0,"axis":"y","origin":[8.0,14.664972,8.231257]},"faces":{"east":{"uv":[0.5125,11.8875,0.8625,12.1125],"rotation":0,"texture":"#4","tintindex":0},"south":{"uv":[11.1375,3.5125,11.6125,3.7375],"rotation":0,"texture":"#4","tintindex":0},"north":{"uv":[11.1375,3.1375,11.6125,3.3625],"rotation":0,"texture":"#4","tintindex":0},"west":{"uv":[11.8875,4.5125,12.2375,4.7375],"rotation":0,"texture":"#4","tintindex":0},"up":{"uv":[7.7375,10.7375,7.2625,10.3875],"rotation":0,"texture":"#4","tintindex":0},"down":{"uv":[10.8625,7.2625,10.3875,7.6125],"rotation":0,"texture":"#4","tintindex":0}}},{"from":[7.428571,8.093543,5.374114],"to":[8.571428,8.664971,7.6598287],"rotation":{"angle":0.0,"axis":"y","origin":[8.0,14.093543,8.231257]},"faces":{"east":{"uv":[13.0125,1.6375,13.4875,1.7375],"rotation":0,"texture":"#4","tintindex":0},"south":{"uv":[14.5125,7.2625,14.7375,7.3625],"rotation":0,"texture":"#4","tintindex":0},"north":{"uv":[14.5125,7.0125,14.7375,7.1125],"rotation":0,"texture":"#4","tintindex":0},"west":{"uv":[13.0125,1.8875,13.4875,1.9875],"rotation":0,"texture":"#4","tintindex":0},"up":{"uv":[2.7375,11.6125,2.5125,11.1375],"rotation":0,"texture":"#4","tintindex":0},"down":{"uv":[3.1125,11.1375,2.8875,11.6125],"rotation":0,"texture":"#4","tintindex":0}}},{"from":[8.22451,7.8078284,5.3798285],"to":[9.02451,8.379257,7.6655426],"rotation":{"angle":-45.0,"axis":"z","origin":[8.738796,8.093543,6.225543]},"faces":{"east":{"uv":[13.0125,2.6375,13.4875,2.7375],"rotation":0,"texture":"#4","tintindex":0},"south":{"uv":[9.2625,15.0125,9.3625,15.1125],"rotation":0,"texture":"#4","tintindex":0},"north":{"uv":[15.0125,9.1375,15.1125,9.2375],"rotation":0,"texture":"#4","tintindex":0},"west":{"uv":[5.1375,13.0125,5.6125,13.1125],"rotation":0,"texture":"#4","tintindex":0},"up":{"uv":[5.8625,13.4875,5.7625,13.0125],"rotation":0,"texture":"#4","tintindex":0},"down":{"uv":[6.8625,13.0125,6.7625,13.4875],"rotation":0,"texture":"#4","tintindex":0}}},{"from":[6.857143,7.5221143,5.374114],"to":[9.142858,8.093543,9.374114],"rotation":{"angle":0.0,"axis":"y","origin":[8.0,14.093543,8.231257]},"faces":{"east":{"uv":[3.0125,2.5125,3.8625,2.6125],"rotation":0,"texture":"#4","tintindex":0},"south":{"uv":[13.0125,1.3875,13.4875,1.4875],"rotation":0,"texture":"#4","tintindex":0},"north":{"uv":[13.0125,0.5125,13.4875,0.6125],"rotation":0,"texture":"#4","tintindex":0},"west":{"uv":[11.3875,1.0125,12.2375,1.1125],"rotation":0,"texture":"#4","tintindex":0},"up":{"uv":[0.4875,7.3625,0.0125,6.5125],"rotation":0,"texture":"#4","tintindex":0},"down":{"uv":[6.9875,5.6375,6.5125,6.4875],"rotation":0,"texture":"#4","tintindex":0}}},{"from":[7.4314284,7.7902036,4.9206476],"to":[8.568571,8.604489,5.492076],"rotation":{"angle":45.0,"axis":"x","origin":[8.0,8.075918,5.206362]},"faces":{"east":{"uv":[7.5125,15.0125,7.6125,15.1125],"rotation":0,"texture":"#4","tintindex":0},"south":{"uv":[14.5125,2.5125,14.7375,2.6125],"rotation":0,"texture":"#4","tintindex":0},"north":{"uv":[1.7625,14.5125,1.9875,14.6125],"rotation":0,"texture":"#4","tintindex":0},"west":{"uv":[7.7625,15.0125,7.8625,15.1125],"rotation":0,"texture":"#4","tintindex":0},"up":{"uv":[14.7375,2.8625,14.5125,2.7625],"rotation":0,"texture":"#4","tintindex":0},"down":{"uv":[14.7375,4.3875,14.5125,4.4875],"rotation":0,"texture":"#4","tintindex":0}}},{"from":[7.428571,7.5221143,4.8026857],"to":[8.571428,8.093543,5.374114],"rotation":{"angle":0.0,"axis":"y","origin":[8.0,14.093543,8.231257]},"faces":{"east":{"uv":[7.0125,15.0125,7.1125,15.1125],"rotation":0,"texture":"#4","tintindex":0},"south":{"uv":[10.0125,5.3875,10.2375,5.4875],"rotation":0,"texture":"#4","tintindex":0},"north":{"uv":[9.3875,5.6375,9.6125,5.7375],"rotation":0,"texture":"#4","tintindex":0},"west":{"uv":[7.2625,15.0125,7.3625,15.1125],"rotation":0,"texture":"#4","tintindex":0},"up":{"uv":[1.6125,14.6125,1.3875,14.5125],"rotation":0,"texture":"#4","tintindex":0},"down":{"uv":[14.7375,1.3875,14.5125,1.4875],"rotation":0,"texture":"#4","tintindex":0}}},{"from":[6.9754896,7.8078284,5.3798285],"to":[7.77549,8.379257,7.6655426],"rotation":{"angle":45.0,"axis":"z","origin":[7.261204,8.093543,6.231257]},"faces":{"east":{"uv":[13.0125,2.1375,13.4875,2.2375],"rotation":0,"texture":"#4","tintindex":0},"south":{"uv":[9.0125,15.0125,9.1125,15.1125],"rotation":0,"texture":"#4","tintindex":0},"north":{"uv":[15.0125,7.7625,15.1125,7.8625],"rotation":0,"texture":"#4","tintindex":0},"west":{"uv":[13.0125,2.3875,13.4875,2.4875],"rotation":0,"texture":"#4","tintindex":0},"up":{"uv":[4.7375,13.4875,4.6375,13.0125],"rotation":0,"texture":"#4","tintindex":0},"down":{"uv":[4.9875,13.0125,4.8875,13.4875],"rotation":0,"texture":"#4","tintindex":0}}}],"textures":{"4":"modelengine:entity/fallenreaper"},"display":{"head":{"translation":[0.0,-6.4,0.0],"scale":[4.0,4.0,4.0]}}}