{"elements":[{"from":[6.549467,7.273116,7.142857],"to":[8.263753,8.415973,8.857143],"rotation":{"angle":0.0,"axis":"y","origin":[7.4066095,7.8445444,8.0]},"faces":{"east":{"uv":[5.996,2.004,0.004,5.996],"rotation":0,"texture":"#0","tintindex":0},"south":{"uv":[5.996,2.004,0.004,5.996],"rotation":0,"texture":"#0","tintindex":0},"north":{"uv":[5.996,2.004,0.004,5.996],"rotation":0,"texture":"#0","tintindex":0},"west":{"uv":[5.996,2.004,0.004,5.996],"rotation":0,"texture":"#0","tintindex":0},"up":{"uv":[0.004,0.004,5.996,3.996],"rotation":0,"texture":"#0","tintindex":0},"down":{"uv":[0.004,0.004,5.996,3.996],"rotation":0,"texture":"#0","tintindex":0}}},{"from":[6.4066095,5.5588303,7.0],"to":[8.40661,7.8445444,9.0],"rotation":{"angle":0.0,"axis":"y","origin":[3.9780378,-1.8697414,8.0]},"faces":{"east":{"uv":[9.3875,8.3875,9.8625,8.8625],"rotation":0,"texture":"#4","tintindex":0},"south":{"uv":[9.3875,9.0125,9.8625,9.4875],"rotation":0,"texture":"#4","tintindex":0},"north":{"uv":[8.0125,9.3875,8.4875,9.8625],"rotation":0,"texture":"#4","tintindex":0},"west":{"uv":[1.2625,9.5125,1.7375,9.9875],"rotation":0,"texture":"#4","tintindex":0},"up":{"uv":[2.3625,9.9875,1.8875,9.5125],"rotation":0,"texture":"#4","tintindex":0},"down":{"uv":[2.9875,9.5125,2.5125,9.9875],"rotation":0,"texture":"#4","tintindex":0}}},{"from":[8.40661,5.5588303,7.285714],"to":[8.692324,7.273116,7.857143],"rotation":{"angle":0.0,"axis":"y","origin":[4.4066095,-1.8697414,8.0]},"faces":{"east":{"uv":[14.2625,0.2625,14.3625,0.6125],"rotation":0,"texture":"#4","tintindex":0},"south":{"uv":[14.2625,0.7625,14.3625,1.1125],"rotation":0,"texture":"#4","tintindex":0},"north":{"uv":[14.1375,14.0125,14.2375,14.3625],"rotation":0,"texture":"#4","tintindex":0},"west":{"uv":[14.2625,1.2625,14.3625,1.6125],"rotation":0,"texture":"#4","tintindex":0},"up":{"uv":[5.7375,15.2375,5.6375,15.1375],"rotation":0,"texture":"#4","tintindex":0},"down":{"uv":[15.2375,5.7625,15.1375,5.8625],"rotation":0,"texture":"#4","tintindex":0}}},{"from":[6.4066095,5.8445444,6.9142857],"to":[8.40661,6.415973,7.0],"rotation":{"angle":0.0,"axis":"y","origin":[1.5494666,5.1302586,11.714286]},"faces":{"east":{"uv":[15.1375,5.2625,15.2375,5.3625],"rotation":0,"texture":"#4","tintindex":0},"south":{"uv":[13.6375,2.3875,14.1125,2.4875],"rotation":0,"texture":"#4","tintindex":0},"north":{"uv":[13.6375,2.1375,14.1125,2.2375],"rotation":0,"texture":"#4","tintindex":0},"west":{"uv":[15.1375,5.5125,15.2375,5.6125],"rotation":0,"texture":"#4","tintindex":0},"up":{"uv":[14.1125,2.7375,13.6375,2.6375],"rotation":0,"texture":"#4","tintindex":0},"down":{"uv":[7.1125,13.6375,6.6375,13.7375],"rotation":0,"texture":"#4","tintindex":0}}},{"from":[6.4066095,5.8445444,9.0],"to":[8.40661,6.415973,9.085714],"rotation":{"angle":0.0,"axis":"y","origin":[1.5494666,5.1302586,11.714286]},"faces":{"east":{"uv":[15.1375,4.7625,15.2375,4.8625],"rotation":0,"texture":"#4","tintindex":0},"south":{"uv":[13.6375,0.5125,14.1125,0.6125],"rotation":0,"texture":"#4","tintindex":0},"north":{"uv":[13.6375,0.2625,14.1125,0.3625],"rotation":0,"texture":"#4","tintindex":0},"west":{"uv":[15.1375,5.0125,15.2375,5.1125],"rotation":0,"texture":"#4","tintindex":0},"up":{"uv":[1.9875,13.7375,1.5125,13.6375],"rotation":0,"texture":"#4","tintindex":0},"down":{"uv":[14.1125,1.8875,13.6375,1.9875],"rotation":0,"texture":"#4","tintindex":0}}},{"from":[8.40661,5.8445444,7.0],"to":[8.492324,6.415973,9.0],"rotation":{"angle":0.0,"axis":"y","origin":[7.1208954,5.1302586,9.857143]},"faces":{"east":{"uv":[13.5125,10.3875,13.9875,10.4875],"rotation":0,"texture":"#4","tintindex":0},"south":{"uv":[15.1375,4.5125,15.2375,4.6125],"rotation":0,"texture":"#4","tintindex":0},"north":{"uv":[4.3875,15.1375,4.4875,15.2375],"rotation":0,"texture":"#4","tintindex":0},"west":{"uv":[13.5125,10.6375,13.9875,10.7375],"rotation":0,"texture":"#4","tintindex":0},"up":{"uv":[12.1125,13.9875,12.0125,13.5125],"rotation":0,"texture":"#4","tintindex":0},"down":{"uv":[13.7375,1.2625,13.6375,1.7375],"rotation":0,"texture":"#4","tintindex":0}}},{"from":[6.320895,5.8445444,7.0],"to":[6.4066095,6.415973,9.0],"rotation":{"angle":0.0,"axis":"y","origin":[7.1208954,5.1302586,9.857143]},"faces":{"east":{"uv":[9.8875,13.5125,10.3625,13.6125],"rotation":0,"texture":"#4","tintindex":0},"south":{"uv":[15.1375,4.2625,15.2375,4.3625],"rotation":0,"texture":"#4","tintindex":0},"north":{"uv":[15.1375,4.0125,15.2375,4.1125],"rotation":0,"texture":"#4","tintindex":0},"west":{"uv":[13.5125,10.1375,13.9875,10.2375],"rotation":0,"texture":"#4","tintindex":0},"up":{"uv":[3.4875,13.9875,3.3875,13.5125],"rotation":0,"texture":"#4","tintindex":0},"down":{"uv":[11.8625,13.5125,11.7625,13.9875],"rotation":0,"texture":"#4","tintindex":0}}},{"from":[6.4066095,6.9874015,6.9142857],"to":[8.40661,7.5588303,7.0],"rotation":{"angle":0.0,"axis":"y","origin":[1.5494666,6.273116,11.714286]},"faces":{"east":{"uv":[3.6375,15.1375,3.7375,15.2375],"rotation":0,"texture":"#4","tintindex":0},"south":{"uv":[13.5125,8.7625,13.9875,8.8625],"rotation":0,"texture":"#4","tintindex":0},"north":{"uv":[13.5125,8.5125,13.9875,8.6125],"rotation":0,"texture":"#4","tintindex":0},"west":{"uv":[15.1375,3.7625,15.2375,3.8625],"rotation":0,"texture":"#4","tintindex":0},"up":{"uv":[13.9875,9.1125,13.5125,9.0125],"rotation":0,"texture":"#4","tintindex":0},"down":{"uv":[13.9875,9.2625,13.5125,9.3625],"rotation":0,"texture":"#4","tintindex":0}}},{"from":[6.320895,6.9874015,7.0],"to":[6.4066095,7.5588303,9.0],"rotation":{"angle":0.0,"axis":"y","origin":[7.1208954,6.273116,9.857143]},"faces":{"east":{"uv":[13.5125,6.5125,13.9875,6.6125],"rotation":0,"texture":"#4","tintindex":0},"south":{"uv":[3.3875,15.1375,3.4875,15.2375],"rotation":0,"texture":"#4","tintindex":0},"north":{"uv":[3.1375,15.1375,3.2375,15.2375],"rotation":0,"texture":"#4","tintindex":0},"west":{"uv":[8.5125,13.5125,8.9875,13.6125],"rotation":0,"texture":"#4","tintindex":0},"up":{"uv":[11.6125,13.8625,11.5125,13.3875],"rotation":0,"texture":"#4","tintindex":0},"down":{"uv":[1.3625,13.5125,1.2625,13.9875],"rotation":0,"texture":"#4","tintindex":0}}},{"from":[8.40661,6.9874015,7.0],"to":[8.492324,7.5588303,9.0],"rotation":{"angle":0.0,"axis":"y","origin":[7.1208954,6.273116,9.857143]},"faces":{"east":{"uv":[13.5125,6.0125,13.9875,6.1125],"rotation":0,"texture":"#4","tintindex":0},"south":{"uv":[15.1375,2.8875,15.2375,2.9875],"rotation":0,"texture":"#4","tintindex":0},"north":{"uv":[2.8875,15.1375,2.9875,15.2375],"rotation":0,"texture":"#4","tintindex":0},"west":{"uv":[13.5125,6.2625,13.9875,6.3625],"rotation":0,"texture":"#4","tintindex":0},"up":{"uv":[8.3625,13.8625,8.2625,13.3875],"rotation":0,"texture":"#4","tintindex":0},"down":{"uv":[11.3625,13.3875,11.2625,13.8625],"rotation":0,"texture":"#4","tintindex":0}}},{"from":[6.4066095,6.9874015,9.0],"to":[8.40661,7.5588303,9.085714],"rotation":{"angle":0.0,"axis":"y","origin":[1.5494666,6.273116,11.714286]},"faces":{"east":{"uv":[15.1375,2.0125,15.2375,2.1125],"rotation":0,"texture":"#4","tintindex":0},"south":{"uv":[13.5125,3.6375,13.9875,3.7375],"rotation":0,"texture":"#4","tintindex":0},"north":{"uv":[13.5125,3.3875,13.9875,3.4875],"rotation":0,"texture":"#4","tintindex":0},"west":{"uv":[2.6375,15.1375,2.7375,15.2375],"rotation":0,"texture":"#4","tintindex":0},"up":{"uv":[5.6125,13.6125,5.1375,13.5125],"rotation":0,"texture":"#4","tintindex":0},"down":{"uv":[13.9875,5.7625,13.5125,5.8625],"rotation":0,"texture":"#4","tintindex":0}}},{"from":[8.412047,7.2457814,7.285714],"to":[8.697762,8.3886385,7.857143],"rotation":{"angle":22.5,"axis":"z","origin":[8.626332,7.2457814,8.428572]},"faces":{"east":{"uv":[14.6375,5.2625,14.7375,5.4875],"rotation":0,"texture":"#4","tintindex":0},"south":{"uv":[14.6375,5.6375,14.7375,5.8625],"rotation":0,"texture":"#4","tintindex":0},"north":{"uv":[4.1375,14.6375,4.2375,14.8625],"rotation":0,"texture":"#4","tintindex":0},"west":{"uv":[6.0125,14.6375,6.1125,14.8625],"rotation":0,"texture":"#4","tintindex":0},