{"elements":[{"from":[6.8285713,4.542857,6.8285713],"to":[9.171429,8.6,9.171429],"rotation":{"angle":0.0,"axis":"y","origin":[6.9142857,0.5714283,8.0]},"faces":{"east":{"uv":[7.2625,0.0125,7.7375,0.8625],"rotation":0,"texture":"#4","tintindex":0},"south":{"uv":[0.6375,7.2625,1.1125,8.1125],"rotation":0,"texture":"#4","tintindex":0},"north":{"uv":[7.1375,5.5125,7.6125,6.3625],"rotation":0,"texture":"#4","tintindex":0},"west":{"uv":[4.2625,7.2625,4.7375,8.1125],"rotation":0,"texture":"#4","tintindex":0},"up":{"uv":[10.3625,2.3625,9.8875,1.8875],"rotation":0,"texture":"#4","tintindex":0},"down":{"uv":[3.6125,9.8875,3.1375,10.3625],"rotation":0,"texture":"#4","tintindex":0}}},{"from":[6.857143,5.714286,6.857143],"to":[9.142858,8.571428,9.142858],"rotation":{"angle":0.0,"axis":"y","origin":[6.9142857,0.5714283,8.0]},"faces":{"east":{"uv":[6.8875,8.1375,7.3625,8.7375],"rotation":0,"texture":"#4","tintindex":0},"south":{"uv":[8.1375,8.0125,8.6125,8.6125],"rotation":0,"texture":"#4","tintindex":0},"north":{"uv":[2.5125,8.1375,2.9875,8.7375],"rotation":0,"texture":"#4","tintindex":0},"west":{"uv":[0.6375,8.2625,1.1125,8.8625],"rotation":0,"texture":"#4","tintindex":0},"up":{"uv":[9.6125,1.1125,9.1375,0.6375],"rotation":0,"texture":"#4","tintindex":0},"down":{"uv":[9.6125,1.2625,9.1375,1.7375],"rotation":0,"texture":"#4","tintindex":0}}},{"from":[7.0,4.5714283,7.142857],"to":[8.714286,5.714286,8.857143],"rotation":{"angle":0.0,"axis":"y","origin":[6.9142857,0.5714283,8.0]},"faces":{"east":{"uv":[0.004,4.004,5.996,7.996],"rotation":0,"texture":"#0","tintindex":0},"south":{"uv":[0.004,4.004,5.996,7.996],"rotation":0,"texture":"#0","tintindex":0},"north":{"uv":[5.996,4.004,0.004,7.996],"rotation":0,"texture":"#0","tintindex":0},"west":{"uv":[0.004,4.004,5.996,7.996],"rotation":0,"texture":"#0","tintindex":0},"up":{"uv":[3.742,18.742,3.008,18.008],"rotation":0,"texture":"#missing","tintindex":0},"down":{"uv":[0.004,4.004,5.996,7.996],"rotation":0,"texture":"#0","tintindex":0}}}],"textures":{"0":"modelengine:entity/boneshadingreaper","4":"modelengine:entity/fallenreaper"},"display":{"head":{"translation":[0.0,-6.4,0.0],"scale":[4.0,4.0,4.0]}}}