{"elements":[{"from":[7.725,3.3999996,6.8285713],"to":[10.114286,6.885714,9.171429],"rotation":{"angle":0.0,"axis":"y","origin":[5.0,-6.285715,8.0]},"faces":{"east":{"uv":[7.2625,1.0125,7.7375,1.7375],"rotation":0,"texture":"#4","tintindex":0},"south":{"uv":[6.8875,7.2625,7.3625,7.9875],"rotation":0,"texture":"#4","tintindex":0},"north":{"uv":[0.8875,3.6375,1.3625,4.3625],"rotation":0,"texture":"#4","tintindex":0},"west":{"uv":[0.0125,7.5125,0.4875,8.2375],"rotation":0,"texture":"#4","tintindex":0},"up":{"uv":[10.2375,1.1125,9.7625,0.6375],"rotation":0,"texture":"#4","tintindex":0},"down":{"uv":[10.2375,1.2625,9.7625,1.7375],"rotation":0,"texture":"#4","tintindex":0}}},{"from":[7.714286,5.714286,6.857143],"to":[10.0,8.0,9.142858],"rotation":{"angle":0.0,"axis":"y","origin":[5.428571,-5.1428576,8.0]},"faces":{"east":{"uv":[6.2625,9.5125,6.7375,9.9875],"rotation":0,"texture":"#4","tintindex":0},"south":{"uv":[8.6375,9.5125,9.1125,9.9875],"rotation":0,"texture":"#4","tintindex":0},"north":{"uv":[4.3875,9.5125,4.8625,9.9875],"rotation":0,"texture":"#4","tintindex":0},"west":{"uv":[0.0125,9.6375,0.4875,10.1125],"rotation":0,"texture":"#4","tintindex":0},"up":{"uv":[1.1125,10.1125,0.6375,9.6375],"rotation":0,"texture":"#4","tintindex":0},"down":{"uv":[10.1125,2.5125,9.6375,2.9875],"rotation":0,"texture":"#4","tintindex":0}}},{"from":[7.857143,5.142857,6.857143],"to":[8.428572,5.714286,9.142858],"rotation":{"angle":0.0,"axis":"y","origin":[5.5714283,-5.714287,8.0]},"faces":{"east":{"uv":[13.6375,13.2625,14.1125,13.3625],"rotation":0,"texture":"#4","tintindex":0},"south":{"uv":[15.1375,9.8875,15.2375,9.9875],"rotation":0,"texture":"#4","tintindex":0},"north":{"uv":[8.3875,15.1375,8.4875,15.2375],"rotation":0,"texture":"#4","tintindex":0},"west":{"uv":[13.5125,13.6375,13.9875,13.7375],"rotation":0,"texture":"#4","tintindex":0},"up":{"uv":[8.1125,14.1125,8.0125,13.6375],"rotation":0,"texture":"#4","tintindex":0},"down":{"uv":[0.1125,13.7625,0.0125,14.2375],"rotation":0,"texture":"#4","tintindex":0}}},{"from":[9.285714,5.142857,6.857143],"to":[9.857143,5.714286,9.142858],"rotation":{"angle":0.0,"axis":"y","origin":[7.0,-5.714287,8.0]},"faces":{"east":{"uv":[12.2625,13.6375,12.7375,13.7375],"rotation":0,"texture":"#4","tintindex":0},"south":{"uv":[15.1375,7.3875,15.2375,7.4875],"rotation":0,"texture":"#4","tintindex":0},"north":{"uv":[15.1375,7.1375,15.2375,7.2375],"rotation":0,"texture":"#4","tintindex":0},"west":{"uv":[12.8875,13.6375,13.3625,13.7375],"rotation":0,"texture":"#4","tintindex":0},"up":{"uv":[5.8625,14.1125,5.7625,13.6375],"rotation":0,"texture":"#4","tintindex":0},"down":{"uv":[7.8625,13.6375,7.7625,14.1125],"rotation":0,"texture":"#4","tintindex":0}}},{"from":[7.714286,8.0,6.857143],"to":[9.428572,8.571428,9.142858],"rotation":{"angle":0.0,"axis":"y","origin":[5.428571,-5.1428576,8.0]},"faces":{"east":{"uv":[9.1375,13.6375,9.6125,13.7375],"rotation":0,"texture":"#4","tintindex":0},"south":{"uv":[1.3875,14.2625,1.7375,14.3625],"rotation":0,"texture":"#4","tintindex":0},"north":{"uv":[14.1375,12.3875,14.4875,12.4875],"rotation":0,"texture":"#4","tintindex":0},"west":{"uv":[10.5125,13.6375,10.9875,13.7375],"rotation":0,"texture":"#4","tintindex":0},"up":{"uv":[10.6125,10.9875,10.2625,10.5125],"rotation":0,"texture":"#4","tintindex":0},"down":{"uv":[0.3625,10.6375,0.0125,11.1125],"rotation":0,"texture":"#4","tintindex":0}}},{"from":[7.714286,8.571428,6.857143],"to":[8.857143,8.857143,9.142858],"rotation":{"angle":0.0,"axis":"y","origin":[5.428571,-4.5714293,8.0]},"faces":{"east":{"uv":[14.0125,9.7625,14.4875,9.8625],"rotation":0,"texture":"#4","tintindex":0},"south":{"uv":[11.2625,14.7625,11.4875,14.8625],"rotation":0,"texture":"#4","tintindex":0},"north":{"uv":[10.8875,14.7625,11.1125,14.8625],"rotation":0,"texture":"#4","tintindex":0},"west":{"uv":[11.1375,14.0125,11.6125,14.1125],"rotation":0,"texture":"#4","tintindex":0},"up":{"uv":[11.6125,5.9875,11.3875,5.5125],"rotation":0,"texture":"#4","tintindex":0},"down":{"uv":[5.9875,11.3875,5.7625,11.8625],"rotation":0,"texture":"#4","tintindex":0}}},{"from":[7.857143,8.857143,7.428571],"to":[8.428572,9.142858,8.571428],"rotation":{"angle":0.0,"axis":"y","origin":[5.0,-4.285715,8.0]},"faces":{"east":{"uv":[11.6375,14.7625,11.8625,14.8625],"rotation":0,"texture":"#4","tintindex":0},"south":{"uv":[12.3875,15.3875,12.4875,15.4875],"rotation":0,"texture":"#4","tintindex":0},"north":{"uv":[12.1375,15.3875,12.2375,15.4875],"rotation":0,"texture":"#4","tintindex":0},"west":{"uv":[12.0125,14.7625,12.2375,14.8625],"rotation":0,"texture":"#4","tintindex":0},"up":{"uv":[5.8625,14.9875,5.7625,14.7625],"rotation":0,"texture":"#4","tintindex":0},"down":{"uv":[12.4875,14.7625,12.3875,14.9875],"rotation":0,"texture":"#4","tintindex":0}}},{"from":[8.857143,8.571428,7.428571],"to":[9.428572,8.857143,8.571428],"rotation":{"angle":0.0,"axis":"y","origin":[6.0,-4.5714293,8.0]},"faces":{"east":{"uv":[14.7625,13.1375,14.9875,13.2375],"rotation":0,"texture":"#4","tintindex":0},"south":{"uv":[12.6375,15.3875,12.7375,15.4875],"rotation":0,"texture":"#4","tintindex":0},"north":{"uv":[15.3875,12.5125,15.4875,12.6125],"rotation":0,"texture":"#4","tintindex":0},"west":{"uv":[13.7625,14.7625,13.9875,14.8625],"rotation":0,"texture":"#4","tintindex":0},"up":{"uv":[14.2375,14.9875,14.1375,14.7625],"rotation":0,"texture":"#4","tintindex":0},"down":{"uv":[14.4875,14.7625,14.3875,14.9875],"rotation":0,"texture":"#4","tintindex":0}}},{"from":[9.141066,7.572626,6.8599997],"to":[9.712494,8.286912,9.14],"rotation":{"angle":22.5,"axis":"z","origin":[8.8553505,8.286912,8.0]},"faces":{"east":{"uv":[13.6375,7.1375,14.1125,7.2375],"rotation":0,"texture":"#4","tintindex":0},"south":{"uv":[15.1375,6.8875,15.2375,6.9875],"rotation":0,"texture":"#4","tintindex":0},"north":{"uv":[15.1375,6.2625,15.2375,6.3625],"rotation":0,"texture":"#4","tintindex":0},"west":{"uv":[13.6375,7.3875,14.1125,7.4875],"rotation":0,"texture":"#4","tintindex":0},"up":{"uv":[4.7375,14.1125,4.6375,13.6375],"rotation":0,"texture":"#4","tintindex":0},"down":{"uv":[4.9875,13.6375,4.8875,14.1125],"rotation":0,"texture":"#4","tintindex":0}}},{"from":[8.0,4.5714283,7.142857],"to":[9.714286,5.714286,8.857143],"rotation":{"angle":0.0,"axis":"y","origin":[5.428571,-5.1428576,8.0]},"faces":{"east":{"uv":[5.996,0.004,0.004,3.996],"rotation":0,"texture":"#0","tintindex":0},"south":{"uv":[5.996,0.004,0.004,3.996],"rotation":0,"texture":"#0","tintindex":0},"north":{"uv":[5.996,0.004,0.004,3.996],"rotation":0,"texture":"#0","tintindex":0},"west":{"uv":[5.996,0.004,0.004,3.996],"rotation":0,"texture":"#0","tintindex":0},"up":{"uv":[0.004,0.004,5.996,3.996],"rotation":0,"texture":"#0","tintindex":0},"down":{"uv":[0.004,0.004,5.996,3.996],"rotation":0,"texture":"#0","tintindex":0}}}],"textures":{"0":"modelengine:entity/boneshadingreaper","4":"modelengine:entity/fallenreaper"},"display":{"head":{"translation":[0.0,-6.4,0.0],"scale":[4.0,4.0,4.0]}}}