{"elements":[{"from":[4.0,3.885714,0.91007996],"to":[11.428572,6.742857,6.624366],"rotation":{"angle":-45.0,"axis":"x","origin":[8.0,7.6,2.3386517]},"faces":{"east":{"uv":[9.1325,2.0075,10.3675,2.6175],"rotation":0,"texture":"#0","tintindex":0},"south":{"uv":[7.8825,1.3825,9.4925,1.9925],"rotation":0,"texture":"#0","tintindex":0},"north":{"uv":[7.8825,0.7575,9.4925,1.3675],"rotation":0,"texture":"#0","tintindex":0},"west":{"uv":[9.1325,2.6325,10.3675,3.2425],"rotation":0,"texture":"#0","tintindex":0},"up":{"uv":[5.3675,6.2425,3.7575,5.0075],"rotation":0,"texture":"#0","tintindex":0},"down":{"uv":[6.8675,3.7575,5.2575,4.9925],"rotation":0,"texture":"#0","tintindex":0}}},{"from":[3.4285712,6.742857,0.33865166],"to":[12.0,9.028571,7.1957946],"rotation":{"angle":-45.0,"axis":"x","origin":[8.0,7.6,2.3386517]},"faces":{"east":{"uv":[9.3825,3.2575,10.8675,3.7425],"rotation":0,"texture":"#0","tintindex":0},"south":{"uv":[8.5075,5.6325,10.3675,6.1175],"rotation":0,"texture":"#0","tintindex":0},"north":{"uv":[4.3825,8.3825,6.2425,8.8675],"rotation":0,"texture":"#0","tintindex":0},"west":{"uv":[0.3825,9.7575,1.8675,10.2425],"rotation":0,"texture":"#0","tintindex":0},"up":{"uv":[1.8675,6.4925,0.0075,5.0075],"rotation":0,"texture":"#0","tintindex":0},"down":{"uv":[3.7425,5.0075,1.8825,6.4925],"rotation":0,"texture":"#0","tintindex":0}}},{"from":[3.4285712,12.262819,4.719739],"to":[12.0,12.262819,5.8625965],"rotation":{"angle":-22.5,"axis":"x","origin":[7.714286,12.262819,5.2911673]},"faces":{"east":{"uv":[0.0075,0.0075,0.2425,0.0075],"rotation":0,"texture":"#0","tintindex":0},"south":{"uv":[0.0075,0.0075,1.8675,0.0075],"rotation":0,"texture":"#0","tintindex":0},"north":{"uv":[0.0075,0.0075,1.8675,0.0075],"rotation":0,"texture":"#0","tintindex":0},"west":{"uv":[0.0075,0.0075,0.2425,0.0075],"rotation":0,"texture":"#0","tintindex":0},"up":{"uv":[12.8675,6.4925,11.0075,6.2575],"rotation":0,"texture":"#0","tintindex":0},"down":{"uv":[12.8675,6.5075,11.0075,6.7425],"rotation":0,"texture":"#0","tintindex":0}}},{"from":[4.5714283,3.7673674,-0.08571434],"to":[10.857143,7.195939,-0.08571434],"rotation":{"angle":0.0,"axis":"y","origin":[8.0,5.7673674,1.9142857]},"faces":{"east":{"uv":[0.0075,0.0075,0.0075,0.7425],"rotation":0,"texture":"#0","tintindex":0},"south":{"uv":[7.1325,6.6325,8.4925,7.3675],"rotation":0,"texture":"#0","tintindex":0},"north":{"uv":[7.1325,5.8825,8.4925,6.6175],"rotation":0,"texture":"#0","tintindex":0},"west":{"uv":[0.0075,0.0075,0.0075,0.7425],"rotation":0,"texture":"#0","tintindex":0},"up":{"uv":[1.3675,0.0075,0.0075,0.0075],"rotation":0,"texture":"#0","tintindex":0},"down":{"uv":[1.3675,0.0075,0.0075,0.0075],"rotation":0,"texture":"#0","tintindex":0}}}],"textures":{"0":"modelengine:entity/gp2_goblin_king"},"display":{"head":{"translation":[0.0,-6.4,0.0],"scale":[4.0,4.0,4.0]}}}