{"elements":[{"from":[5.428571,8.658423,4.437352],"to":[10.571428,12.086995,9.58021],"rotation":{"angle":0.0,"axis":"y","origin":[8.0,10.372709,7.008781]},"faces":{"east":{"uv":[9.0075,0.0075,10.1175,0.7425],"rotation":0,"texture":"#0","tintindex":0},"south":{"uv":[0.3825,9.0075,1.4925,9.7425],"rotation":0,"texture":"#0","tintindex":0},"north":{"uv":[8.8825,4.7575,9.9925,5.4925],"rotation":0,"texture":"#0","tintindex":0},"west":{"uv":[1.5075,9.0075,2.6175,9.7425],"rotation":0,"texture":"#0","tintindex":0},"up":{"uv":[1.4925,7.9925,0.3825,6.8825],"rotation":0,"texture":"#0","tintindex":0},"down":{"uv":[2.6175,6.8825,1.5075,7.9925],"rotation":0,"texture":"#0","tintindex":0}}},{"from":[7.142857,8.086995,3.294495],"to":[8.857143,10.372709,5.008781],"rotation":{"angle":0.0,"axis":"y","origin":[8.0,10.372709,5.865924]},"faces":{"east":{"uv":[12.8825,4.1325,13.2425,4.6175],"rotation":0,"texture":"#0","tintindex":0},"south":{"uv":[4.2575,12.8825,4.6175,13.3675],"rotation":0,"texture":"#0","tintindex":0},"north":{"uv":[12.8825,3.6325,13.2425,4.1175],"rotation":0,"texture":"#0","tintindex":0},"west":{"uv":[12.8825,4.6325,13.2425,5.1175],"rotation":0,"texture":"#0","tintindex":0},"up":{"uv":[13.3675,9.4925,13.0075,9.1325],"rotation":0,"texture":"#0","tintindex":0},"down":{"uv":[13.3675,9.5075,13.0075,9.8675],"rotation":0,"texture":"#0","tintindex":0}}},{"from":[6.285714,12.086995,5.5802097],"to":[9.714286,13.229853,9.008781],"rotation":{"angle":0.0,"axis":"y","origin":[8.0,12.086995,6.151638]},"faces":{"east":{"uv":[7.0075,1.0075,7.7425,1.2425],"rotation":0,"texture":"#0","tintindex":0},"south":{"uv":[7.5075,5.6325,8.2425,5.8675],"rotation":0,"texture":"#0","tintindex":0},"north":{"uv":[6.2575,1.0075,6.9925,1.2425],"rotation":0,"texture":"#0","tintindex":0},"west":{"uv":[9.0075,4.5075,9.7425,4.7425],"rotation":0,"texture":"#0","tintindex":0},"up":{"uv":[11.6175,3.4925,10.8825,2.7575],"rotation":0,"texture":"#0","tintindex":0},"down":{"uv":[2.6175,11.0075,1.8825,11.7425],"rotation":0,"texture":"#0","tintindex":0}}},{"from":[6.285714,13.229853,5.5802097],"to":[6.285714,14.944138,9.008781],"rotation":{"angle":0.0,"axis":"y","origin":[8.0,12.086995,6.151638]},"faces":{"east":{"uv":[12.2575,9.5075,12.9925,9.8675],"rotation":0,"texture":"#0","tintindex":0},"south":{"uv":[0.0075,0.0075,0.0075,0.3675],"rotation":0,"texture":"#0","tintindex":0},"north":{"uv":[0.0075,0.0075,0.0075,0.3675],"rotation":0,"texture":"#0","tintindex":0},"west":{"uv":[1.0075,12.3825,1.7425,12.7425],"rotation":0,"texture":"#0","tintindex":0},"up":{"uv":[0.0075,0.7425,0.0075,0.0075],"rotation":0,"texture":"#0","tintindex":0},"down":{"uv":[0.0075,0.0075,0.0075,0.7425],"rotation":0,"texture":"#0","tintindex":0}}},{"from":[9.714286,13.229853,5.5802097],"to":[9.714286,14.944138,9.008781],"rotation":{"angle":0.0,"axis":"y","origin":[8.0,12.086995,6.151638]},"faces":{"east":{"uv":[1.7575,12.3825,2.4925,12.7425],"rotation":0,"texture":"#0","tintindex":0},"south":{"uv":[0.0075,0.0075,0.0075,0.3675],"rotation":0,"texture":"#0","tintindex":0},"north":{"uv":[0.0075,0.0075,0.0075,0.3675],"rotation":0,"texture":"#0","tintindex":0},"west":{"uv":[3.6325,12.3825,4.3675,12.7425],"rotation":0,"texture":"#0","tintindex":0},"up":{"uv":[0.0075,0.7425,0.0075,0.0075],"rotation":0,"texture":"#0","tintindex":0},"down":{"uv":[0.0075,0.0075,0.0075,0.7425],"rotation":0,"texture":"#0","tintindex":0}}},{"from":[6.285714,13.142858,5.142857],"to":[9.714286,15.428572,5.142857],"rotation":{"angle":-22.5,"axis":"x","origin":[8.0,14.285715,5.142857]},"faces":{"east":{"uv":[0.0075,0.0075,0.0075,0.4925],"rotation":0,"texture":"#0","tintindex":0},"south":{"uv":[12.1325,7.8825,12.8675,8.3675],"rotation":0,"texture":"#0","tintindex":0},"north":{"uv":[12.1325,5.7575,12.8675,6.2425],"rotation":0,"texture":"#0","tintindex":0},"west":{"uv":[0.0075,0.0075,0.0075,0.4925],"rotation":0,"texture":"#0","tintindex":0},"up":{"uv":[0.7425,0.0075,0.0075,0.0075],"rotation":0,"texture":"#0","tintindex":0},"down":{"uv":[0.7425,0.0075,0.0075,0.0075],"rotation":0,"texture":"#0","tintindex":0}}}],"textures":{"0":"modelengine:entity/gp2_goblin_king"},"display":{"head":{"translation":[0.0,-6.4,0.0],"scale":[4.0,4.0,4.0]}}}