{"elements":[{"from":[6.5714283,5.930674,1.9999995],"to":[9.428572,7.64496,3.7142854],"rotation":{"angle":-45.0,"axis":"x","origin":[8.0,6.787817,2.8571424]},"faces":{"east":{"uv":[9.8825,13.0075,10.2425,13.3675],"rotation":0,"texture":"#0","tintindex":0},"south":{"uv":[3.6325,12.7575,4.2425,13.1175],"rotation":0,"texture":"#0","tintindex":0},"north":{"uv":[1.3825,12.7575,1.9925,13.1175],"rotation":0,"texture":"#0","tintindex":0},"west":{"uv":[13.0075,9.8825,13.3675,10.2425],"rotation":0,"texture":"#0","tintindex":0},"up":{"uv":[5.8675,13.1175,5.2575,12.7575],"rotation":0,"texture":"#0","tintindex":0},"down":{"uv":[13.3675,11.2575,12.7575,11.6175],"rotation":0,"texture":"#0","tintindex":0}}},{"from":[5.428571,7.073531,0.28571415],"to":[10.571428,7.073531,3.142857],"rotation":{"angle":-45.0,"axis":"x","origin":[8.0,6.787817,2.8571424]},"faces":{"east":{"uv":[0.0075,0.0075,0.6175,0.0075],"rotation":0,"texture":"#0","tintindex":0},"south":{"uv":[0.0075,0.0075,1.1175,0.0075],"rotation":0,"texture":"#0","tintindex":0},"north":{"uv":[0.0075,0.0075,1.1175,0.0075],"rotation":0,"texture":"#0","tintindex":0},"west":{"uv":[0.0075,0.0075,0.6175,0.0075],"rotation":0,"texture":"#0","tintindex":0},"up":{"uv":[10.9925,7.3675,9.8825,6.7575],"rotation":0,"texture":"#0","tintindex":0},"down":{"uv":[10.9925,7.3825,9.8825,7.9925],"rotation":0,"texture":"#0","tintindex":0}}},{"from":[5.428571,6.177241,-0.9640341],"to":[10.571428,6.177241,0.75025177],"rotation":{"angle":-22.5,"axis":"x","origin":[8.0,5.891526,3.3216805]},"faces":{"east":{"uv":[0.0075,0.0075,0.3675,0.0075],"rotation":0,"texture":"#0","tintindex":0},"south":{"uv":[0.0075,0.0075,1.1175,0.0075],"rotation":0,"texture":"#0","tintindex":0},"north":{"uv":[0.0075,0.0075,1.1175,0.0075],"rotation":0,"texture":"#0","tintindex":0},"west":{"uv":[0.0075,0.0075,0.3675,0.0075],"rotation":0,"texture":"#0","tintindex":0},"up":{"uv":[12.4925,10.3675,11.3825,10.0075],"rotation":0,"texture":"#0","tintindex":0},"down":{"uv":[12.4925,10.3825,11.3825,10.7425],"rotation":0,"texture":"#0","tintindex":0}}},{"from":[5.428571,5.714286,2.8571424],"to":[10.571428,8.0,8.0],"rotation":{"angle":0.0,"axis":"y","origin":[8.0,6.285714,5.428571]},"faces":{"east":{"uv":[11.0075,3.5075,12.1175,3.9925],"rotation":0,"texture":"#0","tintindex":0},"south":{"uv":[11.0075,4.0075,12.1175,4.4925],"rotation":0,"texture":"#0","tintindex":0},"north":{"uv":[11.0075,2.1325,12.1175,2.6175],"rotation":0,"texture":"#0","tintindex":0},"west":{"uv":[11.0075,5.7575,12.1175,6.2425],"rotation":0,"texture":"#0","tintindex":0},"up":{"uv":[3.7425,7.9925,2.6325,6.8825],"rotation":0,"texture":"#0","tintindex":0},"down":{"uv":[7.9925,3.7575,6.8825,4.8675],"rotation":0,"texture":"#0","tintindex":0}}},{"from":[2.5714283,6.6978006,2.661623],"to":[5.428571,6.6978006,7.8044806],"rotation":{"angle":-22.5,"axis":"x","origin":[4.0,6.6978006,5.233052]},"faces":{"east":{"uv":[0.0075,0.0075,1.1175,0.0075],"rotation":0,"texture":"#0","tintindex":0},"south":{"uv":[0.0075,0.0075,0.6175,0.0075],"rotation":0,"texture":"#0","tintindex":0},"north":{"uv":[0.0075,0.0075,0.6175,0.0075],"rotation":0,"texture":"#0","tintindex":0},"west":{"uv":[0.0075,0.0075,1.1175,0.0075],"rotation":0,"texture":"#0","tintindex":0},"up":{"uv":[3.6175,10.8675,3.0075,9.7575],"rotation":0,"texture":"#0","tintindex":0},"down":{"uv":[9.2425,9.7575,8.6325,10.8675],"rotation":0,"texture":"#0","tintindex":0}}},{"from":[10.571428,6.6978006,2.661623],"to":[13.428572,6.6978006,7.8044806],"rotation":{"angle":-22.5,"axis":"x","origin":[12.0,6.6978006,5.233052]},"faces":{"east":{"uv":[0.0075,0.0075,1.1175,0.0075],"rotation":0,"texture":"#0","tintindex":0},"south":{"uv":[0.0075,0.0075,0.6175,0.0075],"rotation":0,"texture":"#0","tintindex":0},"north":{"uv":[0.0075,0.0075,0.6175,0.0075],"rotation":0,"texture":"#0","tintindex":0},"west":{"uv":[0.0075,0.0075,1.1175,0.0075],"rotation":0,"texture":"#0","tintindex":0},"up":{"uv":[10.6175,5.6175,10.0075,4.5075],"rotation":0,"texture":"#0","tintindex":0},"down":{"uv":[10.6175,8.0075,10.0075,9.1175],"rotation":0,"texture":"#0","tintindex":0}}},{"from":[9.428572,8.0,2.8571424],"to":[10.571428,9.142858,4.0],"rotation":{"angle":0.0,"axis":"y","origin":[8.0,6.285714,5.428571]},"faces":{"east":{"uv":[11.8825,13.3825,12.1175,13.6175],"rotation":0,"texture":"#0","tintindex":0},"south":{"uv":[12.1325,13.3825,12.3675,13.6175],"rotation":0,"texture":"#0","tintindex":0},"north":{"uv":[13.3825,11.2575,13.6175,11.4925],"rotation":0,"texture":"#0","tintindex":0},"west":{"uv":[12.6325,13.3825,12.8675,13.6175],"rotation":0,"texture":"#0","tintindex":0},"up":{"uv":[13.1175,13.6175,12.8825,13.3825],"rotation":0,"texture":"#0","tintindex":0},"down":{"uv":[13.3675,13.3825,13.1325,13.6175],"rotation":0,"texture":"#0","tintindex":0}}},{"from":[6.0,8.0,3.142857],"to":[9.428572,9.142858,3.142857],"rotation":{"angle":0.0,"axis":"y","origin":[8.0,6.285714,5.428571]},"faces":{"east":{"uv":[0.0075,0.0075,0.0075,0.2425],"rotation":0,"texture":"#0","tintindex":0},"south":{"uv":[12.8825,5.6325,13.6175,5.8675],"rotation":0,"texture":"#0","tintindex":0},"north":{"uv":[6.3825,9.5075,7.1175,9.7425],"rotation":0,"texture":"#0","tintindex":0},"west":{"uv":[0.0075,0.0075,0.0075,0.2425],"rotation":0,"texture":"#0","tintindex":0},"up":{"uv":[0.7425,0.0075,0.0075,0.0075],"rotation":0,"texture":"#0","tintindex":0},"down":{"uv":[0.7425,0.0075,0.0075,0.0075],"rotation":0,"texture":"#0","tintindex":0}}},{"from":[10.285714,8.0,4.0],"to":[10.285714,9.142858,6.285714],"rotation":{"angle":0.0,"axis":"y","origin":[8.0,6.285714,5.428571]},"faces":{"east":{"uv":[13.2575,4.1325,13.7425,4.3675],"rotation":0,"texture":"#0","tintindex":0},"south":{"uv":[0.0075,0.0075,0.0075,0.2425],"rotation":0,"texture":"#0","tintindex":0},"north":{"uv":[0.0075,0.0075,0.0075,0.2425],"rotation":0,"texture":"#0","tintindex":0},"west":{"uv":[13.2575,4.3825,13.7425,4.6175],"rotation":0,"texture":"#0","tintindex":0},"up":{"uv":[0.0075,0.4925,0.0075,0.0075],"rotation":0,"texture":"#0","tintindex":0},"down":{"uv":[0.0075,0.0075,0.0075,0.4925],"rotation":0,"texture":"#0","tintindex":0}}},{"from":[5.714286,8.0,3.4285712],"to":[5.714286,9.142858,6.285714],"rotation":{"angle":0.0,"axis":"y","origin":[8.0,6.285714,5.428571]},"faces":{"east":{"uv":[12.8825,10.7575,13.4925,10.9925],"rotation":0,"texture":"#0","tintindex":0},"south":{"uv":[0.0075,0.0075,0.0075,0.2425],"rotation":0,"texture":"#0","tintindex":0},"north":{"uv":[0.0075,0.0075,0.0075,0.2425],"rotation":0,"texture":"#0","tintindex":0},"west":{"uv":[12.8825,11.0075,13.4925,11.2425],"rotation":0,"texture":"#0","tintindex":0},"up":{"uv":[0.0075,0.6175,0.0075,0.0075],"rotation":0,"texture":"#0","tintindex":0},"down":{"uv":[0.0075,0.0075,0.0075,0.6175],"rotation":0,"texture":"#0","tintindex":0}}}],"textures":{"0":"modelengine:entity/gp2_goblin_king"},"display":{"head":{"translation":[0.0,-6.4,0.0],"scale":[4.0,4.0,4.0]}}}