{"elements":[{"from":[5.1240973,5.032924,7.428571],"to":[6.266955,7.890067,8.571428],"rotation":{"angle":-22.5,"axis":"z","origin":[5.695526,6.461496,8.0]},"faces":{"east":{"uv":[0.5075,13.0075,0.7425,13.6175],"rotation":0,"texture":"#0","tintindex":0},"south":{"uv":[2.5075,13.0075,2.7425,13.6175],"rotation":0,"texture":"#0","tintindex":0},"north":{"uv":[0.2575,13.0075,0.4925,13.6175],"rotation":0,"texture":"#0","tintindex":0},"west":{"uv":[2.7575,13.0075,2.9925,13.6175],"rotation":0,"texture":"#0","tintindex":0},"up":{"uv":[13.6175,3.6175,13.3825,3.3825],"rotation":0,"texture":"#0","tintindex":0},"down":{"uv":[3.7425,13.3825,3.5075,13.6175],"rotation":0,"texture":"#0","tintindex":0}}},{"from":[5.714286,6.857143,7.428571],"to":[8.0,8.0,8.571428],"rotation":{"angle":0.0,"axis":"y","origin":[21.714287,5.142857,8.0]},"faces":{"east":{"uv":[3.7575,13.3825,3.9925,13.6175],"rotation":0,"texture":"#0","tintindex":0},"south":{"uv":[13.1325,7.6325,13.6175,7.8675],"rotation":0,"texture":"#0","tintindex":0},"north":{"uv":[6.1325,13.1325,6.6175,13.3675],"rotation":0,"texture":"#0","tintindex":0},"west":{"uv":[4.2575,13.3825,4.4925,13.6175],"rotation":0,"texture":"#0","tintindex":0},"up":{"uv":[13.6175,8.1175,13.1325,7.8825],"rotation":0,"texture":"#0","tintindex":0},"down":{"uv":[13.6175,8.1325,13.1325,8.3675],"rotation":0,"texture":"#0","tintindex":0}}}],"textures":{"0":"modelengine:entity/gp2_goblin_king"},"display":{"head":{"translation":[0.0,-6.4,0.0],"scale":[4.0,4.0,4.0]}}}