{"elements":[{"from":[6.0,6.285714,4.8571424],"to":[8.857143,8.0,9.428572],"rotation":{"angle":0.0,"axis":"y","origin":[14.220491,23.698025,10.390656]},"faces":{"east":{"uv":[8.1325,3.0075,9.1175,3.3675],"rotation":0,"texture":"#0","tintindex":0},"south":{"uv":[12.5075,10.3825,13.1175,10.7425],"rotation":0,"texture":"#0","tintindex":0},"north":{"uv":[10.3825,5.7575,10.9925,6.1175],"rotation":0,"texture":"#0","tintindex":0},"west":{"uv":[10.8825,11.7575,11.8675,12.1175],"rotation":0,"texture":"#0","tintindex":0},"up":{"uv":[6.2425,11.1175,5.6325,10.1325],"rotation":0,"texture":"#0","tintindex":0},"down":{"uv":[1.8675,10.2575,1.2575,11.2425],"rotation":0,"texture":"#0","tintindex":0}}},{"from":[5.714286,6.285714,3.7142854],"to":[9.142858,8.571428,5.428571],"rotation":{"angle":22.5,"axis":"x","origin":[8.0,7.142857,4.5714283]},"faces":{"east":{"uv":[0.0075,10.5075,0.3675,10.9925],"rotation":0,"texture":"#0","tintindex":0},"south":{"uv":[11.8825,7.3825,12.6175,7.8675],"rotation":0,"texture":"#0","tintindex":0},"north":{"uv":[6.8825,11.8825,7.6175,12.3675],"rotation":0,"texture":"#0","tintindex":0},"west":{"uv":[11.3825,10.7575,11.7425,11.2425],"rotation":0,"texture":"#0","tintindex":0},"up":{"uv":[5.1175,8.3675,4.3825,8.0075],"rotation":0,"texture":"#0","tintindex":0},"down":{"uv":[12.9925,2.8825,12.2575,3.2425],"rotation":0,"texture":"#0","tintindex":0}}}],"textures":{"0":"modelengine:entity/gp2_goblin_king"},"display":{"head":{"translation":[0.0,-6.4,0.0],"scale":[4.0,4.0,4.0]}}}