{"elements":[{"from":[8.0,6.285714,8.0],"to":[8.0,9.714286,13.142858],"rotation":{"angle":0.0,"axis":"y","origin":[10.571428,8.0,10.571428]},"faces":{"east":{"uv":[2.6325,9.0075,3.7425,9.7425],"rotation":0,"texture":"#0","tintindex":0},"south":{"uv":[0.0075,0.0075,0.0075,0.7425],"rotation":0,"texture":"#0","tintindex":0},"north":{"uv":[0.0075,0.0075,0.0075,0.7425],"rotation":0,"texture":"#0","tintindex":0},"west":{"uv":[9.0075,3.7575,10.1175,4.4925],"rotation":0,"texture":"#0","tintindex":0},"up":{"uv":[0.0075,1.1175,0.0075,0.0075],"rotation":0,"texture":"#0","tintindex":0},"down":{"uv":[0.0075,0.0075,0.0075,1.1175],"rotation":0,"texture":"#0","tintindex":0}}},{"from":[6.857143,5.142857,9.714286],"to":[9.142858,7.428571,9.714286],"rotation":{"angle":0.0,"axis":"y","origin":[10.571428,8.0,10.571428]},"faces":{"east":{"uv":[0.0075,0.0075,0.0075,0.4925],"rotation":0,"texture":"#0","tintindex":0},"south":{"uv":[7.7575,12.5075,8.2425,12.9925],"rotation":0,"texture":"#0","tintindex":0},"north":{"uv":[7.2575,12.5075,7.7425,12.9925],"rotation":0,"texture":"#0","tintindex":0},"west":{"uv":[0.0075,0.0075,0.0075,0.4925],"rotation":0,"texture":"#0","tintindex":0},"up":{"uv":[0.4925,0.0075,0.0075,0.0075],"rotation":0,"texture":"#0","tintindex":0},"down":{"uv":[0.4925,0.0075,0.0075,0.0075],"rotation":0,"texture":"#0","tintindex":0}}},{"from":[6.857143,5.714286,10.285714],"to":[9.142858,8.0,10.285714],"rotation":{"angle":22.5,"axis":"y","origin":[8.0,6.857143,10.285714]},"faces":{"east":{"uv":[0.0075,0.0075,0.0075,0.4925],"rotation":0,"texture":"#0","tintindex":0},"south":{"uv":[12.5075,9.8825,12.9925,10.3675],"rotation":0,"texture":"#0","tintindex":0},"north":{"uv":[9.8825,12.5075,10.3675,12.9925],"rotation":0,"texture":"#0","tintindex":0},"west":{"uv":[0.0075,0.0075,0.0075,0.4925],"rotation":0,"texture":"#0","tintindex":0},"up":{"uv":[0.4925,0.0075,0.0075,0.0075],"rotation":0,"texture":"#0","tintindex":0},"down":{"uv":[0.4925,0.0075,0.0075,0.0075],"rotation":0,"texture":"#0","tintindex":0}}}],"textures":{"0":"modelengine:entity/gp2_goblin_king"},"display":{"head":{"translation":[0.0,-6.4,0.0],"scale":[4.0,4.0,4.0]}}}