{"elements":[{"from":[1.7142854,7.142857,5.142857],"to":[8.0,9.428572,8.0],"rotation":{"angle":0.0,"axis":"y","origin":[15.428572,6.5714283,5.142857]},"faces":{"east":{"uv":[9.2575,12.1325,9.8675,12.6175],"rotation":0,"texture":"#0","tintindex":0},"south":{"uv":[10.0075,9.6325,11.3675,10.1175],"rotation":0,"texture":"#0","tintindex":0},"north":{"uv":[10.0075,9.1325,11.3675,9.6175],"rotation":0,"texture":"#0","tintindex":0},"west":{"uv":[12.2575,4.2575,12.8675,4.7425],"rotation":0,"texture":"#0","tintindex":0},"up":{"uv":[9.8675,6.7425,8.5075,6.1325],"rotation":0,"texture":"#0","tintindex":0},"down":{"uv":[9.8675,6.7575,8.5075,7.3675],"rotation":0,"texture":"#0","tintindex":0}}},{"from":[1.2755613,6.857143,4.083684],"to":[2.4184184,8.0,5.7979693],"rotation":{"angle":45.0,"axis":"y","origin":[1.8469901,6.0,4.9408264]},"faces":{"east":{"uv":[12.2575,7.1325,12.6175,7.3675],"rotation":0,"texture":"#0","tintindex":0},"south":{"uv":[8.2575,5.6325,8.4925,5.8675],"rotation":0,"texture":"#0","tintindex":0},"north":{"uv":[7.6325,0.7575,7.8675,0.9925],"rotation":0,"texture":"#0","tintindex":0},"west":{"uv":[9.2575,13.2575,9.6175,13.4925],"rotation":0,"texture":"#0","tintindex":0},"up":{"uv":[10.4925,13.6175,10.2575,13.2575],"rotation":0,"texture":"#0","tintindex":0},"down":{"uv":[10.7425,13.2575,10.5075,13.6175],"rotation":0,"texture":"#0","tintindex":0}}}],"textures":{"0":"modelengine:entity/gp2_goblin_king"},"display":{"head":{"translation":[0.0,-6.4,0.0],"scale":[4.0,4.0,4.0]}}}