{"elements":[{"from":[5.1240973,5.032924,7.428571],"to":[6.266955,7.890067,8.571428],"rotation":{"angle":-22.5,"axis":"z","origin":[5.695526,6.461496,8.0]},"faces":{"east":{"uv":[4.6325,12.8825,4.8675,13.4925],"rotation":0,"texture":"#0","tintindex":0},"south":{"uv":[6.8825,12.8825,7.1175,13.4925],"rotation":0,"texture":"#0","tintindex":0},"north":{"uv":[2.6325,11.0075,2.8675,11.6175],"rotation":0,"texture":"#0","tintindex":0},"west":{"uv":[12.8825,7.7575,13.1175,8.3675],"rotation":0,"texture":"#0","tintindex":0},"up":{"uv":[9.9925,4.7425,9.7575,4.5075],"rotation":0,"texture":"#0","tintindex":0},"down":{"uv":[10.3675,1.7575,10.1325,1.9925],"rotation":0,"texture":"#0","tintindex":0}}},{"from":[5.714286,6.857143,7.428571],"to":[8.0,8.0,8.571428],"rotation":{"angle":0.0,"axis":"y","origin":[21.714287,5.142857,8.0]},"faces":{"east":{"uv":[1.0075,11.0075,1.2425,11.2425],"rotation":0,"texture":"#0","tintindex":0},"south":{"uv":[10.2575,13.0075,10.7425,13.2425],"rotation":0,"texture":"#0","tintindex":0},"north":{"uv":[11.6325,3.2575,12.1175,3.4925],"rotation":0,"texture":"#0","tintindex":0},"west":{"uv":[1.7575,13.3825,1.9925,13.6175],"rotation":0,"texture":"#0","tintindex":0},"up":{"uv":[11.2425,13.2425,10.7575,13.0075],"rotation":0,"texture":"#0","tintindex":0},"down":{"uv":[1.8675,13.1325,1.3825,13.3675],"rotation":0,"texture":"#0","tintindex":0}}},{"from":[6.285714,6.5714283,7.142857],"to":[7.428571,8.285714,8.857143],"rotation":{"angle":0.0,"axis":"y","origin":[21.714287,5.142857,8.0]},"faces":{"east":{"uv":[6.8825,11.0075,7.2425,11.3675],"rotation":0,"texture":"#0","tintindex":0},"south":{"uv":[11.0075,13.2575,11.2425,13.6175],"rotation":0,"texture":"#0","tintindex":0},"north":{"uv":[10.7575,13.2575,10.9925,13.6175],"rotation":0,"texture":"#0","tintindex":0},"west":{"uv":[12.8825,12.2575,13.2425,12.6175],"rotation":0,"texture":"#0","tintindex":0},"up":{"uv":[13.4925,12.4925,13.2575,12.1325],"rotation":0,"texture":"#0","tintindex":0},"down":{"uv":[12.6175,13.2575,12.3825,13.6175],"rotation":0,"texture":"#0","tintindex":0}}}],"textures":{"0":"modelengine:entity/gp2_goblin_king"},"display":{"head":{"translation":[0.0,-6.4,0.0],"scale":[4.0,4.0,4.0]}}}