{"elements":[{"from":[6.857143,2.8571424,8.0],"to":[9.142858,8.0,10.285714],"rotation":{"angle":0.0,"axis":"y","origin":[15.077635,18.555168,11.247799]},"faces":{"east":{"uv":[8.5075,10.8825,8.9925,11.9925],"rotation":0,"texture":"#0","tintindex":0},"south":{"uv":[9.8825,10.8825,10.3675,11.9925],"rotation":0,"texture":"#0","tintindex":0},"north":{"uv":[2.8825,10.8825,3.3675,11.9925],"rotation":0,"texture":"#0","tintindex":0},"west":{"uv":[10.8825,10.1325,11.3675,11.2425],"rotation":0,"texture":"#0","tintindex":0},"up":{"uv":[10.8675,3.2425,10.3825,2.7575],"rotation":0,"texture":"#0","tintindex":0},"down":{"uv":[4.8675,12.3825,4.3825,12.8675],"rotation":0,"texture":"#0","tintindex":0}}},{"from":[7.428571,6.285714,6.857143],"to":[7.428571,8.0,8.0],"rotation":{"angle":0.0,"axis":"y","origin":[15.077635,18.555168,11.247799]},"faces":{"east":{"uv":[13.2575,4.6325,13.4925,4.9925],"rotation":0,"texture":"#0","tintindex":0},"south":{"uv":[0.0075,0.0075,0.0075,0.3675],"rotation":0,"texture":"#0","tintindex":0},"north":{"uv":[0.0075,0.0075,0.0075,0.3675],"rotation":0,"texture":"#0","tintindex":0},"west":{"uv":[13.2575,6.3825,13.4925,6.7425],"rotation":0,"texture":"#0","tintindex":0},"up":{"uv":[0.0075,0.2425,0.0075,0.0075],"rotation":0,"texture":"#0","tintindex":0},"down":{"uv":[0.0075,0.0075,0.0075,0.2425],"rotation":0,"texture":"#0","tintindex":0}}}],"textures":{"0":"modelengine:entity/gp2_goblin_king"},"display":{"head":{"translation":[0.0,-6.4,0.0],"scale":[4.0,4.0,4.0]}}}