{"elements":[{"from":[5.1240973,5.032924,7.428571],"to":[6.266955,7.890067,8.571428],"rotation":{"angle":-22.5,"axis":"z","origin":[5.695526,6.461496,8.0]},"faces":{"east":{"uv":[11.6325,12.8825,11.8675,13.4925],"rotation":0,"texture":"#0","tintindex":0},"south":{"uv":[12.8825,11.6325,13.1175,12.2425],"rotation":0,"texture":"#0","tintindex":0},"north":{"uv":[11.3825,12.8825,11.6175,13.4925],"rotation":0,"texture":"#0","tintindex":0},"west":{"uv":[0.0075,13.0075,0.2425,13.6175],"rotation":0,"texture":"#0","tintindex":0},"up":{"uv":[13.6175,2.1175,13.3825,1.8825],"rotation":0,"texture":"#0","tintindex":0},"down":{"uv":[13.6175,2.1325,13.3825,2.3675],"rotation":0,"texture":"#0","tintindex":0}}},{"from":[5.714286,6.857143,7.428571],"to":[8.0,8.0,8.571428],"rotation":{"angle":0.0,"axis":"y","origin":[21.714287,5.142857,8.0]},"faces":{"east":{"uv":[13.3825,2.8825,13.6175,3.1175],"rotation":0,"texture":"#0","tintindex":0},"south":{"uv":[13.1325,2.6325,13.6175,2.8675],"rotation":0,"texture":"#0","tintindex":0},"north":{"uv":[13.1325,2.3825,13.6175,2.6175],"rotation":0,"texture":"#0","tintindex":0},"west":{"uv":[13.3825,3.1325,13.6175,3.3675],"rotation":0,"texture":"#0","tintindex":0},"up":{"uv":[3.9925,13.3675,3.5075,13.1325],"rotation":0,"texture":"#0","tintindex":0},"down":{"uv":[5.6175,13.1325,5.1325,13.3675],"rotation":0,"texture":"#0","tintindex":0}}}],"textures":{"0":"modelengine:entity/gp2_goblin_king"},"display":{"head":{"translation":[0.0,-6.4,0.0],"scale":[4.0,4.0,4.0]}}}