{"elements":[{"from":[1.1428566,8.0,6.857143],"to":[5.142857,9.714286,9.142858],"rotation":{"angle":0.0,"axis":"y","origin":[14.857143,7.428571,6.285714]},"faces":{"east":{"uv":[12.8825,0.5075,13.3675,0.8675],"rotation":0,"texture":"#0","tintindex":0},"south":{"uv":[10.6325,12.1325,11.4925,12.4925],"rotation":0,"texture":"#0","tintindex":0},"north":{"uv":[12.1325,8.3825,12.9925,8.7425],"rotation":0,"texture":"#0","tintindex":0},"west":{"uv":[12.8825,0.8825,13.3675,1.2425],"rotation":0,"texture":"#0","tintindex":0},"up":{"uv":[11.8675,7.9925,11.0075,7.5075],"rotation":0,"texture":"#0","tintindex":0},"down":{"uv":[1.8675,11.2575,1.0075,11.7425],"rotation":0,"texture":"#0","tintindex":0}}},{"from":[5.142857,8.0,6.285714],"to":[9.142858,10.285714,9.714286],"rotation":{"angle":0.0,"axis":"y","origin":[19.428572,7.428571,6.285714]},"faces":{"east":{"uv":[0.0075,12.1325,0.7425,12.6175],"rotation":0,"texture":"#0","tintindex":0},"south":{"uv":[11.2575,8.5075,12.1175,8.9925],"rotation":0,"texture":"#0","tintindex":0},"north":{"uv":[11.2575,8.0075,12.1175,8.4925],"rotation":0,"texture":"#0","tintindex":0},"west":{"uv":[12.1325,0.0075,12.8675,0.4925],"rotation":0,"texture":"#0","tintindex":0},"up":{"uv":[10.9925,1.7425,10.1325,1.0075],"rotation":0,"texture":"#0","tintindex":0},"down":{"uv":[10.9925,3.7575,10.1325,4.4925],"rotation":0,"texture":"#0","tintindex":0}}}],"textures":{"0":"modelengine:entity/gp2_goblin_king"},"display":{"head":{"translation":[0.0,-6.4,0.0],"scale":[4.0,4.0,4.0]}}}