{"elements":[{"from":[5.714286,7.428571,8.0],"to":[9.142858,9.714286,8.0],"rotation":{"angle":0.0,"axis":"y","origin":[9.428572,7.428571,10.6285715]},"faces":{"east":{"uv":[0.0075,0.0075,0.0075,0.4925],"rotation":0,"texture":"#0","tintindex":0},"south":{"uv":[12.1325,2.0075,12.8675,2.4925],"rotation":0,"texture":"#0","tintindex":0},"north":{"uv":[12.1325,1.5075,12.8675,1.9925],"rotation":0,"texture":"#0","tintindex":0},"west":{"uv":[0.0075,0.0075,0.0075,0.4925],"rotation":0,"texture":"#0","tintindex":0},"up":{"uv":[0.7425,0.0075,0.0075,0.0075],"rotation":0,"texture":"#0","tintindex":0},"down":{"uv":[0.7425,0.0075,0.0075,0.0075],"rotation":0,"texture":"#0","tintindex":0}}},{"from":[4.5714283,7.428571,8.0],"to":[5.714286,9.714286,8.0],"rotation":{"angle":22.5,"axis":"y","origin":[5.714286,8.571428,8.0]},"faces":{"east":{"uv":[0.0075,0.0075,0.0075,0.4925],"rotation":0,"texture":"#0","tintindex":0},"south":{"uv":[6.6325,13.1325,6.8675,13.6175],"rotation":0,"texture":"#0","tintindex":0},"north":{"uv":[5.6325,13.1325,5.8675,13.6175],"rotation":0,"texture":"#0","tintindex":0},"west":{"uv":[0.0075,0.0075,0.0075,0.4925],"rotation":0,"texture":"#0","tintindex":0},"up":{"uv":[0.2425,0.0075,0.0075,0.0075],"rotation":0,"texture":"#0","tintindex":0},"down":{"uv":[0.2425,0.0075,0.0075,0.0075],"rotation":0,"texture":"#0","tintindex":0}}}],"textures":{"0":"modelengine:entity/gp2_goblin_king"},"display":{"head":{"translation":[0.0,-6.4,0.0],"scale":[4.0,4.0,4.0]}}}