{"elements":[{"from":[5.428571,3.7142854,6.5714283],"to":[8.285714,9.428572,9.428572],"rotation":{"angle":0.0,"axis":"y","origin":[14.220491,14.269455,9.819227]},"faces":{"east":{"uv":[5.7575,8.8825,6.3675,10.1175],"rotation":0,"texture":"#0","tintindex":0},"south":{"uv":[3.7575,9.0075,4.3675,10.2425],"rotation":0,"texture":"#0","tintindex":0},"north":{"uv":[6.1325,7.1325,6.7425,8.3675],"rotation":0,"texture":"#0","tintindex":0},"west":{"uv":[9.3825,8.0075,9.9925,9.2425],"rotation":0,"texture":"#0","tintindex":0},"up":{"uv":[8.3675,11.9925,7.7575,11.3825],"rotation":0,"texture":"#0","tintindex":0},"down":{"uv":[12.1175,0.0075,11.5075,0.6175],"rotation":0,"texture":"#0","tintindex":0}}},{"from":[5.4285717,3.3098207,5.596343],"to":[8.285714,3.3098207,6.7392],"rotation":{"angle":-45.0,"axis":"x","origin":[6.857143,3.3098207,6.1677713]},"faces":{"east":{"uv":[0.0075,0.0075,0.2425,0.0075],"rotation":0,"texture":"#0","tintindex":0},"south":{"uv":[0.0075,0.0075,0.6175,0.0075],"rotation":0,"texture":"#0","tintindex":0},"north":{"uv":[0.0075,0.0075,0.6175,0.0075],"rotation":0,"texture":"#0","tintindex":0},"west":{"uv":[0.0075,0.0075,0.2425,0.0075],"rotation":0,"texture":"#0","tintindex":0},"up":{"uv":[12.1175,2.1175,11.5075,1.8825],"rotation":0,"texture":"#0","tintindex":0},"down":{"uv":[13.4925,5.8825,12.8825,6.1175],"rotation":0,"texture":"#0","tintindex":0}}}],"textures":{"0":"modelengine:entity/gp2_goblin_king"},"display":{"head":{"translation":[0.0,-6.4,0.0],"scale":[4.0,4.0,4.0]}}}