{"elements":[{"from":[9.733046,5.032924,7.428571],"to":[10.875902,7.890067,8.571428],"rotation":{"angle":22.5,"axis":"z","origin":[10.304474,6.461496,8.0]},"faces":{"east":{"uv":[3.2575,13.0075,3.4925,13.6175],"rotation":0,"texture":"#0","tintindex":0},"south":{"uv":[4.8825,13.0075,5.1175,13.6175],"rotation":0,"texture":"#0","tintindex":0},"north":{"uv":[3.0075,13.0075,3.2425,13.6175],"rotation":0,"texture":"#0","tintindex":0},"west":{"uv":[5.8825,13.0075,6.1175,13.6175],"rotation":0,"texture":"#0","tintindex":0},"up":{"uv":[13.6175,5.4925,13.3825,5.2575],"rotation":0,"texture":"#0","tintindex":0},"down":{"uv":[5.6175,13.3825,5.3825,13.6175],"rotation":0,"texture":"#0","tintindex":0}}},{"from":[8.0,6.857143,7.428571],"to":[10.285714,8.0,8.571428],"rotation":{"angle":0.0,"axis":"y","origin":[-5.714287,5.142857,8.0]},"faces":{"east":{"uv":[6.1325,13.3825,6.3675,13.6175],"rotation":0,"texture":"#0","tintindex":0},"south":{"uv":[13.1325,10.5075,13.6175,10.7425],"rotation":0,"texture":"#0","tintindex":0},"north":{"uv":[13.1325,10.2575,13.6175,10.4925],"rotation":0,"texture":"#0","tintindex":0},"west":{"uv":[6.3825,13.3825,6.6175,13.6175],"rotation":0,"texture":"#0","tintindex":0},"up":{"uv":[13.6175,11.8675,13.1325,11.6325],"rotation":0,"texture":"#0","tintindex":0},"down":{"uv":[12.3675,13.1325,11.8825,13.3675],"rotation":0,"texture":"#0","tintindex":0}}}],"textures":{"0":"modelengine:entity/gp2_goblin_king"},"display":{"head":{"translation":[0.0,-6.4,0.0],"scale":[4.0,4.0,4.0]}}}