{"elements":[{"from":[7.142857,5.714286,12.0],"to":[9.428572,8.0,12.0],"rotation":{"angle":0.0,"axis":"y","origin":[5.428571,8.0,10.571428]},"faces":{"east":{"uv":[0.0075,0.0075,0.0075,0.4925],"rotation":0,"texture":"#0","tintindex":0},"south":{"uv":[10.8825,12.5075,11.3675,12.9925],"rotation":0,"texture":"#0","tintindex":0},"north":{"uv":[10.8675,12.5075,10.3825,12.9925],"rotation":0,"texture":"#0","tintindex":0},"west":{"uv":[0.0075,0.0075,0.0075,0.4925],"rotation":0,"texture":"#0","tintindex":0},"up":{"uv":[0.4925,0.0075,0.0075,0.0075],"rotation":0,"texture":"#0","tintindex":0},"down":{"uv":[0.4925,0.0075,0.0075,0.0075],"rotation":0,"texture":"#0","tintindex":0}}},{"from":[8.0,6.285714,8.0],"to":[8.0,9.714286,13.142858],"rotation":{"angle":0.0,"axis":"y","origin":[5.428571,8.0,10.571428]},"faces":{"east":{"uv":[7.1325,9.0075,8.2425,9.7425],"rotation":0,"texture":"#0","tintindex":0},"south":{"uv":[0.0075,0.0075,0.0075,0.7425],"rotation":0,"texture":"#0","tintindex":0},"north":{"uv":[0.0075,0.0075,0.0075,0.7425],"rotation":0,"texture":"#0","tintindex":0},"west":{"uv":[8.2575,9.0075,9.3675,9.7425],"rotation":0,"texture":"#0","tintindex":0},"up":{"uv":[0.0075,1.1175,0.0075,0.0075],"rotation":0,"texture":"#0","tintindex":0},"down":{"uv":[0.0075,0.0075,0.0075,1.1175],"rotation":0,"texture":"#0","tintindex":0}}}],"textures":{"0":"modelengine:entity/gp2_goblin_king"},"display":{"head":{"translation":[0.0,-6.4,0.0],"scale":[4.0,4.0,4.0]}}}