{"elements":[{"from":[9.733046,5.032924,7.428571],"to":[10.875902,7.890067,8.571428],"rotation":{"angle":22.5,"axis":"z","origin":[10.304474,6.461496,8.0]},"faces":{"east":{"uv":[13.0075,7.0075,13.2425,7.6175],"rotation":0,"texture":"#0","tintindex":0},"south":{"uv":[7.1325,13.0075,7.3675,13.6175],"rotation":0,"texture":"#0","tintindex":0},"north":{"uv":[13.0075,6.3825,13.2425,6.9925],"rotation":0,"texture":"#0","tintindex":0},"west":{"uv":[7.3825,13.0075,7.6175,13.6175],"rotation":0,"texture":"#0","tintindex":0},"up":{"uv":[13.6175,8.6175,13.3825,8.3825],"rotation":0,"texture":"#0","tintindex":0},"down":{"uv":[13.6175,8.6325,13.3825,8.8675],"rotation":0,"texture":"#0","tintindex":0}}},{"from":[8.0,6.857143,7.428571],"to":[10.285714,8.0,8.571428],"rotation":{"angle":0.0,"axis":"y","origin":[-5.714287,5.142857,8.0]},"faces":{"east":{"uv":[13.3825,8.8825,13.6175,9.1175],"rotation":0,"texture":"#0","tintindex":0},"south":{"uv":[13.1325,12.6325,13.6175,12.8675],"rotation":0,"texture":"#0","tintindex":0},"north":{"uv":[13.1325,11.8825,13.6175,12.1175],"rotation":0,"texture":"#0","tintindex":0},"west":{"uv":[13.3825,9.1325,13.6175,9.3675],"rotation":0,"texture":"#0","tintindex":0},"up":{"uv":[13.2425,13.3675,12.7575,13.1325],"rotation":0,"texture":"#0","tintindex":0},"down":{"uv":[13.6175,12.8825,13.1325,13.1175],"rotation":0,"texture":"#0","tintindex":0}}}],"textures":{"0":"modelengine:entity/gp2_goblin_king"},"display":{"head":{"translation":[0.0,-6.4,0.0],"scale":[4.0,4.0,4.0]}}}