{"elements":[{"from":[7.714286,3.7142854,6.5714283],"to":[10.571428,9.428572,9.428572],"rotation":{"angle":0.0,"axis":"y","origin":[1.7795081,14.269455,9.819227]},"faces":{"east":{"uv":[9.5075,0.7575,10.1175,1.9925],"rotation":0,"texture":"#0","tintindex":0},"south":{"uv":[4.3825,9.5075,4.9925,10.7425],"rotation":0,"texture":"#0","tintindex":0},"north":{"uv":[9.3825,9.2575,9.9925,10.4925],"rotation":0,"texture":"#0","tintindex":0},"west":{"uv":[5.0075,9.5075,5.6175,10.7425],"rotation":0,"texture":"#0","tintindex":0},"up":{"uv":[12.1175,1.2425,11.5075,0.6325],"rotation":0,"texture":"#0","tintindex":0},"down":{"uv":[12.1175,1.2575,11.5075,1.8675],"rotation":0,"texture":"#0","tintindex":0}}},{"from":[7.7142854,3.3098207,5.596343],"to":[10.571428,3.3098207,6.7392],"rotation":{"angle":-45.0,"axis":"x","origin":[9.142857,3.3098207,6.1677713]},"faces":{"east":{"uv":[0.0075,0.0075,0.2425,0.0075],"rotation":0,"texture":"#0","tintindex":0},"south":{"uv":[0.0075,0.0075,0.6175,0.0075],"rotation":0,"texture":"#0","tintindex":0},"north":{"uv":[0.0075,0.0075,0.6175,0.0075],"rotation":0,"texture":"#0","tintindex":0},"west":{"uv":[0.0075,0.0075,0.2425,0.0075],"rotation":0,"texture":"#0","tintindex":0},"up":{"uv":[13.4925,6.3675,12.8825,6.1325],"rotation":0,"texture":"#0","tintindex":0},"down":{"uv":[6.8675,12.8825,6.2575,13.1175],"rotation":0,"texture":"#0","tintindex":0}}}],"textures":{"0":"modelengine:entity/gp2_goblin_king"},"display":{"head":{"translation":[0.0,-6.4,0.0],"scale":[4.0,4.0,4.0]}}}