{"elements":[{"from":[10.857143,8.0,6.857143],"to":[14.857143,9.714286,9.142858],"rotation":{"angle":0.0,"axis":"y","origin":[1.1428566,7.428571,6.285714]},"faces":{"east":{"uv":[12.8825,1.2575,13.3675,1.6175],"rotation":0,"texture":"#0","tintindex":0},"south":{"uv":[12.2575,2.5075,13.1175,2.8675],"rotation":0,"texture":"#0","tintindex":0},"north":{"uv":[11.5075,12.1325,12.3675,12.4925],"rotation":0,"texture":"#0","tintindex":0},"west":{"uv":[12.8825,1.6325,13.3675,1.9925],"rotation":0,"texture":"#0","tintindex":0},"up":{"uv":[11.7425,11.7425,10.8825,11.2575],"rotation":0,"texture":"#0","tintindex":0},"down":{"uv":[7.7425,11.3825,6.8825,11.8675],"rotation":0,"texture":"#0","tintindex":0}}},{"from":[6.857143,8.0,6.285714],"to":[10.857143,10.285714,9.714286],"rotation":{"angle":0.0,"axis":"y","origin":[-3.4285717,7.428571,6.285714]},"faces":{"east":{"uv":[12.1325,0.5075,12.8675,0.9925],"rotation":0,"texture":"#0","tintindex":0},"south":{"uv":[11.3825,9.5075,12.2425,9.9925],"rotation":0,"texture":"#0","tintindex":0},"north":{"uv":[11.3825,9.0075,12.2425,9.4925],"rotation":0,"texture":"#0","tintindex":0},"west":{"uv":[12.1325,1.0075,12.8675,1.4925],"rotation":0,"texture":"#0","tintindex":0},"up":{"uv":[10.8675,10.8675,10.0075,10.1325],"rotation":0,"texture":"#0","tintindex":0},"down":{"uv":[1.2425,10.2575,0.3825,10.9925],"rotation":0,"texture":"#0","tintindex":0}}}],"textures":{"0":"modelengine:entity/gp2_goblin_king"},"display":{"head":{"translation":[0.0,-6.4,0.0],"scale":[4.0,4.0,4.0]}}}