{"elements":[{"from":[6.857143,2.8571424,8.0],"to":[9.142858,8.0,10.285714],"rotation":{"angle":0.0,"axis":"y","origin":[0.9223652,18.555168,11.247799]},"faces":{"east":{"uv":[0.0075,11.0075,0.4925,12.1175],"rotation":0,"texture":"#0","tintindex":0},"south":{"uv":[0.5075,11.0075,0.9925,12.1175],"rotation":0,"texture":"#0","tintindex":0},"north":{"uv":[10.3825,10.8825,10.8675,11.9925],"rotation":0,"texture":"#0","tintindex":0},"west":{"uv":[11.0075,1.0075,11.4925,2.1175],"rotation":0,"texture":"#0","tintindex":0},"up":{"uv":[6.7425,12.8675,6.2575,12.3825],"rotation":0,"texture":"#0","tintindex":0},"down":{"uv":[7.2425,12.3825,6.7575,12.8675],"rotation":0,"texture":"#0","tintindex":0}}},{"from":[8.571428,6.285714,6.857143],"to":[8.571428,8.0,8.0],"rotation":{"angle":0.0,"axis":"y","origin":[0.9223652,18.555168,11.247799]},"faces":{"east":{"uv":[13.2575,6.7575,13.4925,7.1175],"rotation":0,"texture":"#0","tintindex":0},"south":{"uv":[0.0075,0.0075,0.0075,0.3675],"rotation":0,"texture":"#0","tintindex":0},"north":{"uv":[0.0075,0.0075,0.0075,0.3675],"rotation":0,"texture":"#0","tintindex":0},"west":{"uv":[13.2575,7.1325,13.4925,7.4925],"rotation":0,"texture":"#0","tintindex":0},"up":{"uv":[0.0075,0.2425,0.0075,0.0075],"rotation":0,"texture":"#0","tintindex":0},"down":{"uv":[0.0075,0.0075,0.0075,0.2425],"rotation":0,"texture":"#0","tintindex":0}}}],"textures":{"0":"modelengine:entity/gp2_goblin_king"},"display":{"head":{"translation":[0.0,-6.4,0.0],"scale":[4.0,4.0,4.0]}}}