{"elements":[{"from":[7.142857,6.285714,4.8571424],"to":[10.0,8.0,9.428572],"rotation":{"angle":0.0,"axis":"y","origin":[1.7795081,23.698025,10.390656]},"faces":{"east":{"uv":[11.7575,11.3825,12.7425,11.7425],"rotation":0,"texture":"#0","tintindex":0},"south":{"uv":[0.0075,12.6325,0.6175,12.9925],"rotation":0,"texture":"#0","tintindex":0},"north":{"uv":[11.3825,12.5075,11.9925,12.8675],"rotation":0,"texture":"#0","tintindex":0},"west":{"uv":[11.8825,11.7575,12.8675,12.1175],"rotation":0,"texture":"#0","tintindex":0},"up":{"uv":[4.2425,11.2425,3.6325,10.2575],"rotation":0,"texture":"#0","tintindex":0},"down":{"uv":[10.9925,1.7575,10.3825,2.7425],"rotation":0,"texture":"#0","tintindex":0}}},{"from":[6.857143,6.285714,3.7142854],"to":[10.285714,8.571428,5.428571],"rotation":{"angle":22.5,"axis":"x","origin":[8.0,7.142857,4.5714283]},"faces":{"east":{"uv":[12.7575,12.6325,13.1175,13.1175],"rotation":0,"texture":"#0","tintindex":0},"south":{"uv":[9.8825,12.0075,10.6175,12.4925],"rotation":0,"texture":"#0","tintindex":0},"north":{"uv":[7.6325,12.0075,8.3675,12.4925],"rotation":0,"texture":"#0","tintindex":0},"west":{"uv":[12.8825,0.0075,13.2425,0.4925],"rotation":0,"texture":"#0","tintindex":0},"up":{"uv":[12.9925,5.6175,12.2575,5.2575],"rotation":0,"texture":"#0","tintindex":0},"down":{"uv":[12.9925,6.7575,12.2575,7.1175],"rotation":0,"texture":"#0","tintindex":0}}}],"textures":{"0":"modelengine:entity/gp2_goblin_king"},"display":{"head":{"translation":[0.0,-6.4,0.0],"scale":[4.0,4.0,4.0]}}}