{"elements":[{"from":[8.571428,6.5714283,7.142857],"to":[9.714286,8.285714,8.857143],"rotation":{"angle":0.0,"axis":"y","origin":[-5.714287,5.142857,6.285714]},"faces":{"east":{"uv":[13.0075,8.3825,13.3675,8.7425],"rotation":0,"texture":"#0","tintindex":0},"south":{"uv":[1.2575,13.3825,1.4925,13.7425],"rotation":0,"texture":"#0","tintindex":0},"north":{"uv":[13.3825,1.1325,13.6175,1.4925],"rotation":0,"texture":"#0","tintindex":0},"west":{"uv":[13.0075,8.7575,13.3675,9.1175],"rotation":0,"texture":"#0","tintindex":0},"up":{"uv":[1.7425,13.7425,1.5075,13.3825],"rotation":0,"texture":"#0","tintindex":0},"down":{"uv":[13.6175,1.5075,13.3825,1.8675],"rotation":0,"texture":"#0","tintindex":0}}},{"from":[9.733046,5.032924,7.428571],"to":[10.875902,7.890067,8.571428],"rotation":{"angle":22.5,"axis":"z","origin":[10.304474,6.461496,8.0]},"faces":{"east":{"uv":[7.8825,13.0075,8.1175,13.6175],"rotation":0,"texture":"#0","tintindex":0},"south":{"uv":[8.1325,13.0075,8.3675,13.6175],"rotation":0,"texture":"#0","tintindex":0},"north":{"uv":[7.6325,13.0075,7.8675,13.6175],"rotation":0,"texture":"#0","tintindex":0},"west":{"uv":[8.3825,13.0075,8.6175,13.6175],"rotation":0,"texture":"#0","tintindex":0},"up":{"uv":[13.6175,9.6175,13.3825,9.3825],"rotation":0,"texture":"#0","tintindex":0},"down":{"uv":[13.6175,9.6325,13.3825,9.8675],"rotation":0,"texture":"#0","tintindex":0}}},{"from":[8.0,6.857143,7.428571],"to":[10.285714,8.0,8.571428],"rotation":{"angle":0.0,"axis":"y","origin":[-5.714287,5.142857,8.0]},"faces":{"east":{"uv":[9.8825,13.3825,10.1175,13.6175],"rotation":0,"texture":"#0","tintindex":0},"south":{"uv":[13.2575,0.2575,13.7425,0.4925],"rotation":0,"texture":"#0","tintindex":0},"north":{"uv":[13.2575,0.0075,13.7425,0.2425],"rotation":0,"texture":"#0","tintindex":0},"west":{"uv":[13.3825,9.8825,13.6175,10.1175],"rotation":0,"texture":"#0","tintindex":0},"up":{"uv":[13.7425,3.8675,13.2575,3.6325],"rotation":0,"texture":"#0","tintindex":0},"down":{"uv":[13.7425,3.8825,13.2575,4.1175],"rotation":0,"texture":"#0","tintindex":0}}}],"textures":{"0":"modelengine:entity/gp2_goblin_king"},"display":{"head":{"translation":[0.0,-6.4,0.0],"scale":[4.0,4.0,4.0]}}}