{"elements":[{"from":[6.857143,7.428571,8.0],"to":[10.285714,9.714286,8.0],"rotation":{"angle":0.0,"axis":"y","origin":[6.5714283,7.428571,10.6285715]},"faces":{"east":{"uv":[0.0075,0.0075,0.0075,0.4925],"rotation":0,"texture":"#0","tintindex":0},"south":{"uv":[12.1325,3.7575,12.8675,4.2425],"rotation":0,"texture":"#0","tintindex":0},"north":{"uv":[12.1325,3.2575,12.8675,3.7425],"rotation":0,"texture":"#0","tintindex":0},"west":{"uv":[0.0075,0.0075,0.0075,0.4925],"rotation":0,"texture":"#0","tintindex":0},"up":{"uv":[0.7425,0.0075,0.0075,0.0075],"rotation":0,"texture":"#0","tintindex":0},"down":{"uv":[0.7425,0.0075,0.0075,0.0075],"rotation":0,"texture":"#0","tintindex":0}}},{"from":[10.285714,7.428571,8.0],"to":[11.428572,9.714286,8.0],"rotation":{"angle":-22.5,"axis":"y","origin":[10.285714,8.571428,8.0]},"faces":{"east":{"uv":[0.0075,0.0075,0.0075,0.4925],"rotation":0,"texture":"#0","tintindex":0},"south":{"uv":[0.7575,13.2575,0.9925,13.7425],"rotation":0,"texture":"#0","tintindex":0},"north":{"uv":[8.6325,13.1325,8.8675,13.6175],"rotation":0,"texture":"#0","tintindex":0},"west":{"uv":[0.0075,0.0075,0.0075,0.4925],"rotation":0,"texture":"#0","tintindex":0},"up":{"uv":[0.2425,0.0075,0.0075,0.0075],"rotation":0,"texture":"#0","tintindex":0},"down":{"uv":[0.2425,0.0075,0.0075,0.0075],"rotation":0,"texture":"#0","tintindex":0}}}],"textures":{"0":"modelengine:entity/gp2_goblin_king"},"display":{"head":{"translation":[0.0,-6.4,0.0],"scale":[4.0,4.0,4.0]}}}