{"elements":[{"from":[8.0,7.142857,5.142857],"to":[14.285715,9.428572,8.0],"rotation":{"angle":0.0,"axis":"y","origin":[0.5714283,6.5714283,5.142857]},"faces":{"east":{"uv":[12.2575,4.7575,12.8675,5.2425],"rotation":0,"texture":"#0","tintindex":0},"south":{"uv":[10.1325,0.5075,11.4925,0.9925],"rotation":0,"texture":"#0","tintindex":0},"north":{"uv":[10.1325,0.0075,11.4925,0.4925],"rotation":0,"texture":"#0","tintindex":0},"west":{"uv":[5.2575,12.2575,5.8675,12.7425],"rotation":0,"texture":"#0","tintindex":0},"up":{"uv":[9.8675,7.9925,8.5075,7.3825],"rotation":0,"texture":"#0","tintindex":0},"down":{"uv":[5.7425,8.8825,4.3825,9.4925],"rotation":0,"texture":"#0","tintindex":0}}},{"from":[13.581581,6.857143,4.083684],"to":[14.724439,8.0,5.7979693],"rotation":{"angle":-45.0,"axis":"y","origin":[14.153009,6.0,4.9408264]},"faces":{"east":{"uv":[13.2575,13.1325,13.6175,13.3675],"rotation":0,"texture":"#0","tintindex":0},"south":{"uv":[5.1325,13.3825,5.3675,13.6175],"rotation":0,"texture":"#0","tintindex":0},"north":{"uv":[13.3825,5.0075,13.6175,5.2425],"rotation":0,"texture":"#0","tintindex":0},"west":{"uv":[13.3825,0.5075,13.7425,0.7425],"rotation":0,"texture":"#0","tintindex":0},"up":{"uv":[13.6175,1.1175,13.3825,0.7575],"rotation":0,"texture":"#0","tintindex":0},"down":{"uv":[1.2425,13.3825,1.0075,13.7425],"rotation":0,"texture":"#0","tintindex":0}}}],"textures":{"0":"modelengine:entity/gp2_goblin_king"},"display":{"head":{"translation":[0.0,-6.4,0.0],"scale":[4.0,4.0,4.0]}}}