{"elements":[{"from":[4.5714283,6.5714283,4.285714],"to":[10.857143,12.285715,8.857143],"rotation":{"angle":-22.5,"axis":"x","origin":[8.0,10.857143,4.5714283]},"faces":{"east":{"uv":[7.1325,2.1325,8.1175,3.3675],"rotation":0,"texture":"#0","tintindex":0},"south":{"uv":[5.3825,5.8825,6.7425,7.1175],"rotation":0,"texture":"#0","tintindex":0},"north":{"uv":[5.7575,2.1325,7.1175,3.3675],"rotation":0,"texture":"#0","tintindex":0},"west":{"uv":[5.1325,7.1325,6.1175,8.3675],"rotation":0,"texture":"#0","tintindex":0},"up":{"uv":[7.6175,0.9925,6.2575,0.0075],"rotation":0,"texture":"#0","tintindex":0},"down":{"uv":[5.1175,6.2575,3.7575,7.2425],"rotation":0,"texture":"#0","tintindex":0}}}],"textures":{"0":"modelengine:entity/gp2_goblin_king"},"display":{"head":{"translation":[0.0,-6.4,0.0],"scale":[4.0,4.0,4.0]}}}