{"elements":[{"from":[-3.7142859,5.7043934,-4.261552],"to":[13.428572,19.41868,8.309877],"rotation":{"angle":-45.0,"axis":"x","origin":[4.8571424,11.704393,2.0241632]},"faces":{"east":{"uv":[7.93125,0.00625,6.56875,1.49375],"rotation":0,"texture":"#5","tintindex":0},"south":{"uv":[3.50625,5.63125,5.36875,7.11875],"rotation":0,"texture":"#5","tintindex":0},"north":{"uv":[1.63125,5.63125,3.49375,7.11875],"rotation":0,"texture":"#5","tintindex":0},"west":{"uv":[6.56875,0.00625,7.93125,1.49375],"rotation":0,"texture":"#5","tintindex":0},"up":{"uv":[7.24375,6.99375,5.38125,5.63125],"rotation":0,"texture":"#5","tintindex":0},"down":{"uv":[8.11875,1.75625,6.25625,3.11875],"rotation":0,"texture":"#5","tintindex":0}}},{"from":[-0.2857151,5.428571,4.0],"to":[10.0,10.571428,12.0],"rotation":{"angle":-22.5,"axis":"x","origin":[8.0,8.0,8.0]},"faces":{"east":{"uv":[10.18125,6.94375,9.31875,7.49375],"rotation":0,"texture":"#5","tintindex":0},"south":{"uv":[1.50625,8.81875,2.61875,9.36875],"rotation":0,"texture":"#5","tintindex":0},"north":{"uv":[8.00625,8.69375,9.11875,9.24375],"rotation":0,"texture":"#5","tintindex":0},"west":{"uv":[9.31875,6.94375,10.18125,7.49375],"rotation":0,"texture":"#5","tintindex":0},"up":{"uv":[9.36875,5.24375,8.25625,4.38125],"rotation":0,"texture":"#5","tintindex":0},"down":{"uv":[7.99375,8.31875,6.88125,9.18125],"rotation":0,"texture":"#5","tintindex":0}}}],"textures":{"5":"modelengine:entity/bufo_bufo_hit"},"display":{"head":{"translation":[0.0,-6.4,0.0],"scale":[4.0,4.0,4.0]}}}