{"elements":[{"from":[-1.8816528,6.6897755,7.142857],"to":[17.546919,11.261204,13.428572],"rotation":{"angle":0.0,"axis":"y","origin":[7.8326325,-3.0245104,-15.1428585]},"faces":{"east":{"uv":[9.88125,6.31875,10.55625,6.80625],"rotation":0,"texture":"#5","tintindex":0},"south":{"uv":[8.13125,1.88125,10.24375,2.36875],"rotation":0,"texture":"#5","tintindex":0},"north":{"uv":[8.13125,1.38125,10.24375,1.86875],"rotation":0,"texture":"#5","tintindex":0},"west":{"uv":[9.88125,8.25625,10.55625,8.74375],"rotation":0,"texture":"#5","tintindex":0},"up":{"uv":[3.74375,7.80625,1.63125,7.13125],"rotation":0,"texture":"#5","tintindex":0},"down":{"uv":[9.30625,7.00625,7.19375,7.68125],"rotation":0,"texture":"#5","tintindex":0}}},{"from":[-2.285715,11.093837,7.142857],"to":[-2.285715,12.236694,13.428572],"rotation":{"angle":45.0,"axis":"z","origin":[-2.285715,11.665265,10.285714]},"faces":{"east":{"uv":[10.25625,1.50625,10.93125,1.61875],"rotation":0,"texture":"#5","tintindex":0},"south":{"uv":[8.13125,1.88125,8.13125,1.99375],"rotation":0,"texture":"#5","tintindex":0},"north":{"uv":[8.13125,1.38125,8.13125,1.49375],"rotation":0,"texture":"#5","tintindex":0},"west":{"uv":[10.25625,1.50625,10.93125,1.61875],"rotation":0,"texture":"#5","tintindex":0},"up":{"uv":[1.63125,7.80625,1.63125,7.13125],"rotation":0,"texture":"#5","tintindex":0},"down":{"uv":[7.19375,7.00625,7.19375,7.68125],"rotation":0,"texture":"#5","tintindex":0}}},{"from":[-1.8816528,11.093837,13.832632],"to":[17.546919,12.236694,13.832632],"rotation":{"angle":45.0,"axis":"x","origin":[7.8326325,11.665265,13.832632]},"faces":{"east":{"uv":[9.88125,6.31875,9.88125,6.43125],"rotation":0,"texture":"#5","tintindex":0},"south":{"uv":[11.06875,0.00625,13.18125,0.11875],"rotation":0,"texture":"#5","tintindex":0},"north":{"uv":[11.06875,0.00625,13.18125,0.11875],"rotation":0,"texture":"#5","tintindex":0},"west":{"uv":[9.88125,8.25625,9.88125,8.36875],"rotation":0,"texture":"#5","tintindex":0},"up":{"uv":[3.74375,7.13125,1.63125,7.13125],"rotation":0,"texture":"#5","tintindex":0},"down":{"uv":[9.30625,7.00625,7.19375,7.00625],"rotation":0,"texture":"#5","tintindex":0}}},{"from":[-1.8816528,6.6897755,13.428572],"to":[17.546919,6.6897755,14.571428],"rotation":{"angle":0.0,"axis":"y","origin":[7.8326325,-3.0245104,-15.1428585]},"faces":{"east":{"uv":[9.88125,6.31875,9.99375,6.31875],"rotation":0,"texture":"#5","tintindex":0},"south":{"uv":[8.13125,1.88125,10.24375,1.88125],"rotation":0,"texture":"#5","tintindex":0},"north":{"uv":[8.13125,1.38125,10.24375,1.38125],"rotation":0,"texture":"#5","tintindex":0},"west":{"uv":[9.88125,8.25625,9.99375,8.25625],"rotation":0,"texture":"#5","tintindex":0},"up":{"uv":[15.99375,0.11875,13.88125,0.00625],"rotation":0,"texture":"#5","tintindex":0},"down":{"uv":[15.99375,0.00625,13.88125,0.11875],"rotation":0,"texture":"#5","tintindex":0}}},{"from":[-2.285715,5.714286,7.142857],"to":[-2.285715,6.857143,13.428572],"rotation":{"angle":-45.0,"axis":"z","origin":[-2.285715,6.285714,10.285714]},"faces":{"east":{"uv":[10.25625,1.75625,10.93125,1.86875],"rotation":0,"texture":"#5","tintindex":0},"south":{"uv":[8.13125,1.88125,8.13125,1.99375],"rotation":0,"texture":"#5","tintindex":0},"north":{"uv":[8.13125,1.38125,8.13125,1.49375],"rotation":0,"texture":"#5","tintindex":0},"west":{"uv":[10.25625,1.75625,10.93125,1.86875],"rotation":0,"texture":"#5","tintindex":0},"up":{"uv":[1.63125,7.80625,1.63125,7.13125],"rotation":0,"texture":"#5","tintindex":0},"down":{"uv":[7.19375,7.00625,7.19375,7.68125],"rotation":0,"texture":"#5","tintindex":0}}}],"textures":{"5":"modelengine:entity/bufo_bufo_hit"},"display":{"head":{"translation":[0.0,-6.4,0.0],"scale":[4.0,4.0,4.0]}}}