{"elements":[{"from":[0.5714283,9.714286,-6.8571434],"to":[15.428572,14.857143,9.714286],"rotation":{"angle":0.0,"axis":"y","origin":[8.0,-2.285715,-15.428572]},"faces":{"east":{"uv":[7.19375,7.00625,5.38125,7.56875],"rotation":0,"texture":"#1","tintindex":0},"south":{"uv":[7.25625,5.44375,8.88125,6.00625],"rotation":0,"texture":"#1","tintindex":0},"north":{"uv":[3.75625,7.13125,5.38125,7.69375],"rotation":0,"texture":"#1","tintindex":0},"west":{"uv":[5.38125,7.00625,7.19375,7.56875],"rotation":0,"texture":"#1","tintindex":0},"up":{"uv":[6.25625,3.56875,4.63125,1.75625],"rotation":0,"texture":"#1","tintindex":0},"down":{"uv":[1.63125,5.50625,0.00625,7.31875],"rotation":0,"texture":"#1","tintindex":0}}},{"from":[5.142857,14.857143,0.0],"to":[10.857143,24.57143,0.0],"rotation":{"angle":0.0,"axis":"y","origin":[8.0,19.714287,2.8571424]},"faces":{"east":{"uv":[8.38125,9.25625,8.99375,10.11875],"rotation":0,"texture":"#1","tintindex":0},"south":{"uv":[8.38125,9.25625,8.99375,10.11875],"rotation":0,"texture":"#1","tintindex":0},"north":{"uv":[8.38125,9.25625,8.99375,10.11875],"rotation":0,"texture":"#1","tintindex":0},"west":{"uv":[8.38125,9.25625,8.99375,10.11875],"rotation":0,"texture":"#1","tintindex":0},"up":{"uv":[10.05625,1.24375,9.44375,0.63125],"rotation":0,"texture":"#1","tintindex":0},"down":{"uv":[4.86875,9.44375,4.25625,10.05625],"rotation":0,"texture":"#1","tintindex":0}}},{"from":[5.142857,14.857143,5.714286],"to":[10.857143,24.57143,5.714286],"rotation":{"angle":0.0,"axis":"y","origin":[8.0,19.714287,2.8571424]},"faces":{"east":{"uv":[8.38125,9.25625,8.99375,10.11875],"rotation":0,"texture":"#1","tintindex":0},"south":{"uv":[8.38125,9.25625,8.99375,10.11875],"rotation":0,"texture":"#1","tintindex":0},"north":{"uv":[8.38125,9.25625,8.99375,10.11875],"rotation":0,"texture":"#1","tintindex":0},"west":{"uv":[8.38125,9.25625,8.99375,10.11875],"rotation":0,"texture":"#1","tintindex":0},"up":{"uv":[10.05625,1.24375,9.44375,0.63125],"rotation":0,"texture":"#1","tintindex":0},"down":{"uv":[4.86875,9.44375,4.25625,10.05625],"rotation":0,"texture":"#1","tintindex":0}}},{"from":[10.857143,14.857143,0.0],"to":[10.857143,24.57143,5.714286],"rotation":{"angle":0.0,"axis":"y","origin":[8.0,19.714287,2.8571424]},"faces":{"east":{"uv":[8.38125,9.25625,8.99375,10.11875],"rotation":0,"texture":"#1","tintindex":0},"south":{"uv":[8.38125,9.25625,8.99375,10.11875],"rotation":0,"texture":"#1","tintindex":0},"north":{"uv":[8.38125,9.25625,8.99375,10.11875],"rotation":0,"texture":"#1","tintindex":0},"west":{"uv":[8.38125,9.25625,8.99375,10.11875],"rotation":0,"texture":"#1","tintindex":0},"up":{"uv":[10.05625,1.24375,9.44375,0.63125],"rotation":0,"texture":"#1","tintindex":0},"down":{"uv":[4.86875,9.44375,4.25625,10.05625],"rotation":0,"texture":"#1","tintindex":0}}},{"from":[5.142857,14.857143,0.0],"to":[5.142857,24.57143,5.714286],"rotation":{"angle":0.0,"axis":"y","origin":[8.0,19.714287,2.8571424]},"faces":{"east":{"uv":[8.38125,9.25625,8.99375,10.11875],"rotation":0,"texture":"#1","tintindex":0},"south":{"uv":[8.38125,9.25625,8.99375,10.11875],"rotation":0,"texture":"#1","tintindex":0},"north":{"uv":[8.38125,9.25625,8.99375,10.11875],"rotation":0,"texture":"#1","tintindex":0},"west":{"uv":[8.38125,9.25625,8.99375,10.11875],"rotation":0,"texture":"#1","tintindex":0},"up":{"uv":[10.05625,1.24375,9.44375,0.63125],"rotation":0,"texture":"#1","tintindex":0},"down":{"uv":[4.86875,9.44375,4.25625,10.05625],"rotation":0,"texture":"#1","tintindex":0}}},{"from":[9.94207,11.989058,0.28776646],"to":[13.94207,16.560486,4.859195],"rotation":{"angle":22.5,"axis":"y","origin":[13.663621,18.285715,-3.6520376]},"faces":{"east":{"uv":[0.0,0.0,4.0,4.0],"rotation":0,"texture":"#2","tintindex":0},"south":{"uv":[4.0,4.0,7.5,8.0],"rotation":0,"texture":"#2","tintindex":0},"north":{"uv":[4.0,0.0,7.5,4.0],"rotation":0,"texture":"#2","tintindex":0},"west":{"uv":[0.0,4.0,4.0,8.0],"rotation":0,"texture":"#2","tintindex":0},"up":{"uv":[11.0,4.0,7.5,0.0],"rotation":0,"texture":"#2","tintindex":0},"down":{"uv":[11.0,4.0,7.5,8.0],"rotation":0,"texture":"#2","tintindex":0}}},{"from":[2.0579305,11.989058,0.28776646],"to":[6.0579305,16.560486,4.859195],"rotation":{"angle":-22.5,"axis":"y","origin":[2.336379,18.285715,-3.6520376]},"faces":{"east":{"uv":[4.0,4.0,0.0,8.0],"rotation":0,"texture":"#2","tintindex":0},"south":{"uv":[7.5,4.0,4.0,8.0],"rotation":0,"texture":"#2","tintindex":0},"north":{"uv":[7.5,0.0,4.0,4.0],"rotation":0,"texture":"#2","tintindex":0},"west":{"uv":[4.0,0.0,0.0,4.0],"rotation":0,"texture":"#2","tintindex":0},"up":{"uv":[7.5,4.0,11.0,0.0],"rotation":0,"texture":"#2","tintindex":0},"down":{"uv":[7.5,4.0,11.0,8.0],"rotation":0,"texture":"#2","tintindex":0}}}],"textures":{"1":"modelengine:entity/bufo_bufo","2":"modelengine:entity/bufo_bufo_eyes_dizzy"},"display":{"head":{"translation":[0.0,-6.4,0.0],"scale":[4.0,4.0,4.0]}}}