{"elements":[{"from":[-2.285715,-9.714287,-6.8571434],"to":[18.285715,6.285714,10.857143],"rotation":{"angle":0.0,"axis":"y","origin":[8.0,-2.8571434,-12.57143]},"faces":{"east":{"uv":[4.50625,3.88125,6.43125,5.61875],"rotation":0,"texture":"#5","tintindex":0},"south":{"uv":[2.25625,3.88125,4.49375,5.61875],"rotation":0,"texture":"#5","tintindex":0},"north":{"uv":[0.00625,3.75625,2.24375,5.49375],"rotation":0,"texture":"#5","tintindex":0},"west":{"uv":[6.43125,3.88125,4.50625,5.61875],"rotation":0,"texture":"#5","tintindex":0},"up":{"uv":[4.61875,1.93125,2.38125,0.00625],"rotation":0,"texture":"#5","tintindex":0},"down":{"uv":[4.61875,1.94375,2.38125,3.86875],"rotation":0,"texture":"#5","tintindex":0}}},{"from":[11.428572,0.0,-8.57143],"to":[13.714286,2.2857141,-6.8571434],"rotation":{"angle":22.5,"axis":"z","origin":[12.571428,1.1428566,-7.714287]},"faces":{"east":{"uv":[13.00625,1.69375,13.18125,1.93125],"rotation":0,"texture":"#5","tintindex":0},"south":{"uv":[12.31875,1.69375,12.55625,1.93125],"rotation":0,"texture":"#5","tintindex":0},"north":{"uv":[11.81875,1.69375,12.05625,1.93125],"rotation":0,"texture":"#5","tintindex":0},"west":{"uv":[12.56875,1.69375,12.74375,1.93125],"rotation":0,"texture":"#5","tintindex":0},"up":{"uv":[12.06875,1.69375,12.30625,1.86875],"rotation":0,"texture":"#5","tintindex":0},"down":{"uv":[12.75625,1.69375,12.99375,1.86875],"rotation":0,"texture":"#5","tintindex":0}}},{"from":[5.714286,-2.8571434,-8.57143],"to":[9.714286,1.1428566,-6.8571434],"rotation":{"angle":0.0,"axis":"y","origin":[8.0,-9.1428585,6.857143]},"faces":{"east":{"uv":[13.00625,2.38125,13.18125,2.80625],"rotation":0,"texture":"#5","tintindex":0},"south":{"uv":[11.94375,2.38125,12.36875,2.80625],"rotation":0,"texture":"#5","tintindex":0},"north":{"uv":[12.38125,2.38125,12.80625,2.80625],"rotation":0,"texture":"#5","tintindex":0},"west":{"uv":[12.81875,2.38125,12.99375,2.80625],"rotation":0,"texture":"#5","tintindex":0},"up":{"uv":[11.50625,2.38125,11.93125,2.55625],"rotation":0,"texture":"#5","tintindex":0},"down":{"uv":[11.50625,2.56875,11.93125,2.74375],"rotation":0,"texture":"#5","tintindex":0}}},{"from":[1.7142854,0.0,-8.57143],"to":[4.0,2.2857141,-6.8571434],"rotation":{"angle":-22.5,"axis":"z","origin":[2.8571424,1.1428566,-7.714287]},"faces":{"east":{"uv":[12.74375,1.69375,12.56875,1.93125],"rotation":0,"texture":"#5","tintindex":0},"south":{"uv":[12.55625,1.69375,12.31875,1.93125],"rotation":0,"texture":"#5","tintindex":0},"north":{"uv":[12.05625,1.69375,11.81875,1.93125],"rotation":0,"texture":"#5","tintindex":0},"west":{"uv":[13.18125,1.69375,13.00625,1.93125],"rotation":0,"texture":"#5","tintindex":0},"up":{"uv":[12.30625,1.69375,12.06875,1.86875],"rotation":0,"texture":"#5","tintindex":0},"down":{"uv":[12.99375,1.69375,12.75625,1.86875],"rotation":0,"texture":"#5","tintindex":0}}},{"from":[-2.8571434,6.285714,-7.4285717],"to":[18.857143,9.714286,9.714286],"rotation":{"angle":0.0,"axis":"y","origin":[8.0,8.0,1.1428566]},"faces":{"east":{"uv":[8.00625,8.31875,9.86875,8.68125],"rotation":0,"texture":"#5","tintindex":0},"south":{"uv":[8.13125,2.75625,10.49375,3.11875],"rotation":0,"texture":"#5","tintindex":0},"north":{"uv":[8.13125,2.38125,10.49375,2.74375],"rotation":0,"texture":"#5","tintindex":0},"west":{"uv":[1.50625,8.44375,3.36875,8.80625],"rotation":0,"texture":"#5","tintindex":0},"up":{"uv":[2.36875,1.86875,0.00625,0.00625],"rotation":0,"texture":"#5","tintindex":0},"down":{"uv":[2.36875,1.88125,0.00625,3.74375],"rotation":0,"texture":"#5","tintindex":0}}}],"textures":{"5":"modelengine:entity/bufo_bufo_hit"},"display":{"head":{"translation":[0.0,-6.4,0.0],"scale":[4.0,4.0,4.0]}}}