{"elements":[{"from":[5.142857,8.0,8.0],"to":[10.285714,12.571428,14.857143],"rotation":{"angle":0.0,"axis":"y","origin":[8.0,10.0,13.428572]},"faces":{"east":{"uv":[0.74375,9.81875,0.00625,10.30625],"rotation":0,"texture":"#5","tintindex":0},"south":{"uv":[2.49375,10.00625,1.94375,10.49375],"rotation":0,"texture":"#5","tintindex":0},"north":{"uv":[10.49375,7.50625,9.94375,7.99375],"rotation":0,"texture":"#5","tintindex":0},"west":{"uv":[10.43125,3.69375,9.69375,4.18125],"rotation":0,"texture":"#5","tintindex":0},"up":{"uv":[9.38125,5.11875,9.93125,4.38125],"rotation":0,"texture":"#5","tintindex":0},"down":{"uv":[4.88125,9.38125,5.43125,10.11875],"rotation":0,"texture":"#5","tintindex":0}}},{"from":[6.285714,8.0,14.857143],"to":[9.714286,11.428572,18.285715],"rotation":{"angle":0.0,"axis":"y","origin":[8.0,10.0,13.428572]},"faces":{"east":{"uv":[10.49375,4.88125,10.13125,5.24375],"rotation":0,"texture":"#5","tintindex":0},"south":{"uv":[5.05625,10.13125,4.69375,10.49375],"rotation":0,"texture":"#5","tintindex":0},"north":{"uv":[7.68125,10.06875,7.31875,10.43125],"rotation":0,"texture":"#5","tintindex":0},"west":{"uv":[9.36875,10.06875,9.00625,10.43125],"rotation":0,"texture":"#5","tintindex":0},"up":{"uv":[5.06875,10.49375,5.43125,10.13125],"rotation":0,"texture":"#5","tintindex":0},"down":{"uv":[10.13125,5.25625,10.49375,5.61875],"rotation":0,"texture":"#5","tintindex":0}}}],"textures":{"5":"modelengine:entity/bufo_bufo_hit"},"display":{"head":{"translation":[0.0,-6.4,0.0],"scale":[4.0,4.0,4.0]}}}