{"elements":[{"from":[5.1293783,3.5127378,7.327932],"to":[11.415092,5.7984524,7.8993607],"rotation":{"angle":0.0,"axis":"y","origin":[7.672093,4.94258,10.495819]},"faces":{"east":{"uv":[12.43125,3.25625,12.38125,3.49375],"rotation":0,"texture":"#5","tintindex":0},"south":{"uv":[12.24375,2.81875,11.56875,3.05625],"rotation":0,"texture":"#5","tintindex":0},"north":{"uv":[12.24375,2.81875,11.56875,3.05625],"rotation":0,"texture":"#5","tintindex":0},"west":{"uv":[12.43125,2.88125,12.38125,3.11875],"rotation":0,"texture":"#5","tintindex":0},"up":{"uv":[11.56875,3.30625,12.24375,3.25625],"rotation":0,"texture":"#5","tintindex":0},"down":{"uv":[11.50625,3.13125,12.18125,3.18125],"rotation":0,"texture":"#5","tintindex":0}}},{"from":[5.1006646,2.9425802,7.9243903],"to":[11.386379,8.085438,13.638677],"rotation":{"angle":0.0,"axis":"y","origin":[7.672093,4.94258,10.495819]},"faces":{"east":{"uv":[10.49375,5.75625,9.88125,6.30625],"rotation":0,"texture":"#5","tintindex":0},"south":{"uv":[10.36875,3.13125,9.69375,3.68125],"rotation":0,"texture":"#5","tintindex":0},"north":{"uv":[10.30625,9.44375,9.63125,9.99375],"rotation":0,"texture":"#5","tintindex":0},"west":{"uv":[10.43125,0.00625,9.81875,0.55625],"rotation":0,"texture":"#5","tintindex":0},"up":{"uv":[1.25625,9.99375,1.93125,9.38125],"rotation":0,"texture":"#5","tintindex":0},"down":{"uv":[1.94375,9.38125,2.61875,9.99375],"rotation":0,"texture":"#5","tintindex":0}}}],"textures":{"5":"modelengine:entity/bufo_bufo_hit"},"display":{"head":{"translation":[0.0,-6.4,0.0],"scale":[4.0,4.0,4.0]}}}