{"elements":[{"from":[5.7318068,2.6352286,4.716176],"to":[10.303236,10.063801,12.144748],"rotation":{"angle":22.5,"axis":"z","origin":[8.0,8.0,8.0]},"faces":{"east":{"uv":[6.49375,8.56875,5.69375,9.36875],"rotation":0,"texture":"#5","tintindex":0},"south":{"uv":[6.43125,9.38125,5.94375,10.18125],"rotation":0,"texture":"#5","tintindex":0},"north":{"uv":[5.93125,9.38125,5.44375,10.18125],"rotation":0,"texture":"#5","tintindex":0},"west":{"uv":[5.68125,8.56875,4.88125,9.36875],"rotation":0,"texture":"#5","tintindex":0},"up":{"uv":[3.25625,10.24375,3.74375,9.44375],"rotation":0,"texture":"#5","tintindex":0},"down":{"uv":[3.75625,9.44375,4.24375,10.24375],"rotation":0,"texture":"#5","tintindex":0}}}],"textures":{"5":"modelengine:entity/bufo_bufo_hit"},"display":{"head":{"translation":[0.0,-6.4,0.0],"scale":[4.0,4.0,4.0]}}}