{"elements":[{"from":[8.0,2.2857141,5.8571424],"to":[13.714286,8.0,11.571428],"rotation":{"angle":0.0,"axis":"y","origin":[10.857143,0.0,8.0]},"faces":{"east":{"uv":[9.49375,5.25625,8.88125,6.18125],"rotation":0,"texture":"#5","tintindex":0},"south":{"uv":[1.24375,8.88125,0.63125,9.80625],"rotation":0,"texture":"#5","tintindex":0},"north":{"uv":[3.24375,8.81875,2.63125,9.74375],"rotation":0,"texture":"#5","tintindex":0},"west":{"uv":[0.61875,8.88125,0.00625,9.80625],"rotation":0,"texture":"#5","tintindex":0},"up":{"uv":[9.00625,10.05625,9.61875,9.44375],"rotation":0,"texture":"#5","tintindex":0},"down":{"uv":[9.50625,5.13125,10.11875,5.74375],"rotation":0,"texture":"#5","tintindex":0}}}],"textures":{"5":"modelengine:entity/bufo_bufo_hit"},"display":{"head":{"translation":[0.0,-6.4,0.0],"scale":[4.0,4.0,4.0]}}}