{"elements":[{"from":[-1.1428576,-1.1428576,8.0],"to":[17.142857,17.142857,8.0],"rotation":{"angle":0.0,"axis":"y","origin":[8.0,8.0,8.0]},"faces":{"east":{"uv":[0.001,-0.03175,7.999,-0.047875],"rotation":270,"texture":"#10","tintindex":0},"south":{"uv":[2.4995,15.5005,2.0005,15.9995],"rotation":270,"texture":"#10","tintindex":0},"north":{"uv":[2.0005,15.5005,2.4995,15.9995],"rotation":270,"texture":"#10","tintindex":0},"west":{"uv":[0.001,-0.03175,7.999,-0.047875],"rotation":270,"texture":"#10","tintindex":0},"up":{"uv":[-0.03175,0.001,-0.047875,7.999],"rotation":270,"texture":"#10","tintindex":0},"down":{"uv":[-0.03175,0.001,-0.047875,7.999],"rotation":270,"texture":"#10","tintindex":0}}}],"textures":{"10":"modelengine:entity/fdefender_firesourcesprit"},"display":{"head":{"translation":[0.0,-6.4,0.0],"scale":[4.0,4.0,4.0]}}}