{"elements":[{"from":[7.6007667,3.4342856,7.412537],"to":[8.732195,8.565714,8.543965],"rotation":{"angle":0.0,"axis":"y","origin":[8.166481,6.285714,7.9782515]},"faces":{"east":{"uv":[5.625,1.125,5.875,2.25],"rotation":0,"texture":"#0","tintindex":0},"south":{"uv":[1.25,5.75,1.5,6.875],"rotation":0,"texture":"#0","tintindex":0},"north":{"uv":[5.625,0.0,5.875,1.125],"rotation":0,"texture":"#0","tintindex":0},"west":{"uv":[1.5,5.75,1.75,6.875],"rotation":0,"texture":"#0","tintindex":0},"up":{"uv":[8.125,1.875,7.875,1.625],"rotation":0,"texture":"#0","tintindex":0},"down":{"uv":[2.125,7.875,1.875,8.125],"rotation":0,"texture":"#0","tintindex":0}}},{"from":[7.25791,4.0057144,5.6982512],"to":[7.8179097,4.565714,7.972537],"rotation":{"angle":22.5,"axis":"y","origin":[7.5379095,4.285714,7.1211085]},"faces":{"east":{"uv":[7.625,6.75,8.125,6.875],"rotation":0,"texture":"#0","tintindex":0},"south":{"uv":[8.125,5.75,8.25,5.875],"rotation":0,"texture":"#0","tintindex":0},"north":{"uv":[5.75,8.125,5.875,8.25],"rotation":0,"texture":"#0","tintindex":0},"west":{"uv":[7.75,6.25,8.25,6.375],"rotation":0,"texture":"#0","tintindex":0},"up":{"uv":[2.25,8.375,2.125,7.875],"rotation":0,"texture":"#0","tintindex":0},"down":{"uv":[2.375,7.875,2.25,8.375],"rotation":0,"texture":"#0","tintindex":0}}},{"from":[8.515053,4.0057144,6.26968],"to":[9.075052,4.565714,7.972537],"rotation":{"angle":-22.5,"axis":"y","origin":[8.795053,4.285714,7.1211085]},"faces":{"east":{"uv":[7.875,6.625,8.25,6.75],"rotation":0,"texture":"#0","tintindex":0},"south":{"uv":[8.125,6.0,8.25,6.125],"rotation":0,"texture":"#0","tintindex":0},"north":{"uv":[8.125,5.875,8.25,6.0],"rotation":0,"texture":"#0","tintindex":0},"west":{"uv":[8.0,1.375,8.375,1.5],"rotation":0,"texture":"#0","tintindex":0},"up":{"uv":[8.125,6.125,8.0,5.75],"rotation":0,"texture":"#0","tintindex":0},"down":{"uv":[6.125,8.0,6.0,8.375],"rotation":0,"texture":"#0","tintindex":0}}},{"from":[7.5013237,4.0057144,7.962217],"to":[8.061324,4.565714,9.665074],"rotation":{"angle":-45.0,"axis":"y","origin":[8.0,4.285714,8.571428]},"faces":{"east":{"uv":[8.0,1.5,8.375,1.625],"rotation":0,"texture":"#0","tintindex":0},"south":{"uv":[6.5,8.125,6.625,8.25],"rotation":0,"texture":"#0","tintindex":0},"north":{"uv":[6.375,8.125,6.5,8.25],"rotation":0,"texture":"#0","tintindex":0},"west":{"uv":[8.0,3.875,8.375,4.0],"rotation":0,"texture":"#0","tintindex":0},"up":{"uv":[6.25,8.375,6.125,8.0],"rotation":0,"texture":"#0","tintindex":0},"down":{"uv":[6.375,8.0,6.25,8.375],"rotation":0,"texture":"#0","tintindex":0}}}],"textures":{"0":"modelengine:entity/em_dyerftum2"},"display":{"head":{"translation":[0.0,-6.4,0.0],"scale":[4.0,4.0,4.0]}}}