{"elements":[{"from":[7.4496865,3.036827,7.525915],"to":[8.478258,8.6368265,8.554486],"rotation":{"angle":0.0,"axis":"y","origin":[7.963972,7.265398,8.040201]},"faces":{"east":{"uv":[2.5,5.125,2.75,6.375],"rotation":0,"texture":"#0","tintindex":0},"south":{"uv":[0.0,5.25,0.25,6.5],"rotation":0,"texture":"#0","tintindex":0},"north":{"uv":[2.25,5.125,2.5,6.375],"rotation":0,"texture":"#0","tintindex":0},"west":{"uv":[0.25,5.25,0.5,6.5],"rotation":0,"texture":"#0","tintindex":0},"up":{"uv":[8.0,2.625,7.75,2.375],"rotation":0,"texture":"#0","tintindex":0},"down":{"uv":[8.0,2.625,7.75,2.875],"rotation":0,"texture":"#0","tintindex":0}}},{"from":[8.60683,0.17968369,7.990201],"to":[9.063972,2.351112,8.447344],"rotation":{"angle":-22.5,"axis":"x","origin":[8.549686,0.9796839,8.504486]},"faces":{"east":{"uv":[7.75,5.25,7.875,5.75],"rotation":0,"texture":"#0","tintindex":0},"south":{"uv":[7.75,5.75,7.875,6.25],"rotation":0,"texture":"#0","tintindex":0},"north":{"uv":[7.75,3.0,7.875,3.5],"rotation":0,"texture":"#0","tintindex":0},"west":{"uv":[7.125,7.75,7.25,8.25],"rotation":0,"texture":"#0","tintindex":0},"up":{"uv":[3.75,8.25,3.625,8.125],"rotation":0,"texture":"#0","tintindex":0},"down":{"uv":[8.25,3.625,8.125,3.75],"rotation":0,"texture":"#0","tintindex":0}}},{"from":[8.038258,1.9111123,7.543058],"to":[8.461115,3.4768267,7.965915],"rotation":{"angle":22.5,"axis":"z","origin":[8.249686,3.5511122,7.7544866]},"faces":{"east":{"uv":[6.875,7.875,7.0,8.25],"rotation":0,"texture":"#0","tintindex":0},"south":{"uv":[7.875,6.875,8.0,7.25],"rotation":0,"texture":"#0","tintindex":0},"north":{"uv":[6.75,7.875,6.875,8.25],"rotation":0,"texture":"#0","tintindex":0},"west":{"uv":[7.0,7.875,7.125,8.25],"rotation":0,"texture":"#0","tintindex":0},"up":{"uv":[8.25,3.875,8.125,3.75],"rotation":0,"texture":"#0","tintindex":0},"down":{"uv":[4.125,8.125,4.0,8.25],"rotation":0,"texture":"#0","tintindex":0}}},{"from":[7.0925436,0.69396925,8.525915],"to":[7.5496864,2.8653975,8.983058],"rotation":{"angle":-22.5,"axis":"x","origin":[7.606829,1.4939694,9.040201]},"faces":{"east":{"uv":[7.375,7.75,7.5,8.25],"rotation":0,"texture":"#0","tintindex":0},"south":{"uv":[7.75,7.5,7.875,8.0],"rotation":0,"texture":"#0","tintindex":0},"north":{"uv":[7.25,7.75,7.375,8.25],"rotation":0,"texture":"#0","tintindex":0},"west":{"uv":[0.0,7.875,0.125,8.375],"rotation":0,"texture":"#0","tintindex":0},"up":{"uv":[8.25,4.125,8.125,4.0],"rotation":0,"texture":"#0","tintindex":0},"down":{"uv":[4.25,8.125,4.125,8.25],"rotation":0,"texture":"#0","tintindex":0}}},{"from":[7.5068293,2.4653983,8.025915],"to":[7.963972,3.4939694,8.483058],"rotation":{"angle":-22.5,"axis":"z","origin":[7.7354007,3.5511122,8.254486]},"faces":{"east":{"uv":[0.25,8.125,0.375,8.375],"rotation":0,"texture":"#0","tintindex":0},"south":{"uv":[0.375,8.125,0.5,8.375],"rotation":0,"texture":"#0","tintindex":0},"north":{"uv":[8.0,7.75,8.125,8.0],"rotation":0,"texture":"#0","tintindex":0},"west":{"uv":[8.125,0.375,8.25,0.625],"rotation":0,"texture":"#0","tintindex":0},"up":{"uv":[8.25,4.25,8.125,4.125],"rotation":0,"texture":"#0","tintindex":0},"down":{"uv":[4.375,8.125,4.25,8.25],"rotation":0,"texture":"#0","tintindex":0}}},{"from":[7.663972,-0.90603065,7.725915],"to":[8.121115,1.8368268,8.183058],"rotation":{"angle":-22.5,"axis":"x","origin":[8.178258,0.4653983,8.240201]},"faces":{"east":{"uv":[4.25,7.5,4.375,8.125],"rotation":0,"texture":"#0","tintindex":0},"south":{"uv":[4.375,7.5,4.5,8.125],"rotation":0,"texture":"#0","tintindex":0},"north":{"uv":[4.125,7.5,4.25,8.125],"rotation":0,"texture":"#0","tintindex":0},"west":{"uv":[5.375,7.5,5.5,8.125],"rotation":0,"texture":"#0","tintindex":0},"up":{"uv":[8.25,4.375,8.125,4.25],"rotation":0,"texture":"#0","tintindex":0},"down":{"uv":[4.5,8.125,4.375,8.25],"rotation":0,"texture":"#0","tintindex":0}}},{"from":[7.663972,1.5356245,7.2402396],"to":[8.121115,3.1356244,7.6973825],"rotation":{"angle":0.0,"axis":"y","origin":[7.8925433,2.3356242,7.468811]},"faces":{"east":{"uv":[7.5,7.875,7.625,8.25],"rotation":0,"texture":"#0","tintindex":0},"south":{"uv":[7.625,7.875,7.75,8.25],"rotation":0,"texture":"#0","tintindex":0},"north":{"uv":[7.875,7.25,8.0,7.625],"rotation":0,"texture":"#0","tintindex":0},"west":{"uv":[7.875,7.625,8.0,8.0],"rotation":0,"texture":"#0","tintindex":0},"up":{"uv":[8.25,4.5,8.125,4.375],"rotation":0,"texture":"#0","tintindex":0},"down":{"uv":[8.25,4.5,8.125,4.625],"rotation":0,"texture":"#0","tintindex":0}}}],"textures":{"0":"modelengine:entity/em_dyerftum2"},"display":{"head":{"translation":[0.0,-6.4,0.0],"scale":[4.0,4.0,4.0]}}}