{"elements":[{"from":[7.2678046,3.4342856,7.412537],"to":[8.399233,8.565714,8.543965],"rotation":{"angle":0.0,"axis":"y","origin":[7.833519,6.285714,7.9782515]},"faces":{"east":{"uv":[2.0,5.75,2.25,6.875],"rotation":0,"texture":"#0","tintindex":0},"south":{"uv":[5.875,0.0,6.125,1.125],"rotation":0,"texture":"#0","tintindex":0},"north":{"uv":[1.75,5.75,2.0,6.875],"rotation":0,"texture":"#0","tintindex":0},"west":{"uv":[5.875,1.125,6.125,2.25],"rotation":0,"texture":"#0","tintindex":0},"up":{"uv":[2.625,8.125,2.375,7.875],"rotation":0,"texture":"#0","tintindex":0},"down":{"uv":[8.125,3.0,7.875,3.25],"rotation":0,"texture":"#0","tintindex":0}}},{"from":[8.182091,4.0057144,5.6982512],"to":[8.74209,4.565714,7.972537],"rotation":{"angle":-22.5,"axis":"y","origin":[8.4620905,4.285714,7.1211085]},"faces":{"east":{"uv":[7.875,1.0,8.375,1.125],"rotation":0,"texture":"#0","tintindex":0},"south":{"uv":[8.125,6.75,8.25,6.875],"rotation":0,"texture":"#0","tintindex":0},"north":{"uv":[6.625,8.125,6.75,8.25],"rotation":0,"texture":"#0","tintindex":0},"west":{"uv":[7.875,1.875,8.375,2.0],"rotation":0,"texture":"#0","tintindex":0},"up":{"uv":[3.875,8.375,3.75,7.875],"rotation":0,"texture":"#0","tintindex":0},"down":{"uv":[4.0,7.875,3.875,8.375],"rotation":0,"texture":"#0","tintindex":0}}},{"from":[6.9249477,4.0057144,6.26968],"to":[7.4849477,4.565714,7.972537],"rotation":{"angle":22.5,"axis":"y","origin":[7.2049475,4.285714,7.1211085]},"faces":{"east":{"uv":[6.375,8.0,6.75,8.125],"rotation":0,"texture":"#0","tintindex":0},"south":{"uv":[8.125,7.0,8.25,7.125],"rotation":0,"texture":"#0","tintindex":0},"north":{"uv":[8.125,6.875,8.25,7.0],"rotation":0,"texture":"#0","tintindex":0},"west":{"uv":[8.0,6.375,8.375,6.5],"rotation":0,"texture":"#0","tintindex":0},"up":{"uv":[8.125,7.25,8.0,6.875],"rotation":0,"texture":"#0","tintindex":0},"down":{"uv":[8.125,7.25,8.0,7.625],"rotation":0,"texture":"#0","tintindex":0}}},{"from":[7.9386764,4.0057144,7.962217],"to":[8.498676,4.565714,9.665074],"rotation":{"angle":45.0,"axis":"y","origin":[8.0,4.285714,8.571428]},"faces":{"east":{"uv":[8.0,7.625,8.375,7.75],"rotation":0,"texture":"#0","tintindex":0},"south":{"uv":[8.125,7.25,8.25,7.375],"rotation":0,"texture":"#0","tintindex":0},"north":{"uv":[8.125,7.125,8.25,7.25],"rotation":0,"texture":"#0","tintindex":0},"west":{"uv":[7.75,8.0,8.125,8.125],"rotation":0,"texture":"#0","tintindex":0},"up":{"uv":[8.25,0.375,8.125,0.0],"rotation":0,"texture":"#0","tintindex":0},"down":{"uv":[0.25,8.125,0.125,8.5],"rotation":0,"texture":"#0","tintindex":0}}}],"textures":{"0":"modelengine:entity/em_dyerftum2"},"display":{"head":{"translation":[0.0,-6.4,0.0],"scale":[4.0,4.0,4.0]}}}