{"elements":[{"from":[7.878885,1.5356245,7.2402396],"to":[8.336028,3.1356244,7.6973825],"rotation":{"angle":0.0,"axis":"y","origin":[8.107456,2.3356242,7.468811]},"faces":{"east":{"uv":[8.0,0.375,8.125,0.75],"rotation":0,"texture":"#0","tintindex":0},"south":{"uv":[0.5,8.0,0.625,8.375],"rotation":0,"texture":"#0","tintindex":0},"north":{"uv":[8.0,0.0,8.125,0.375],"rotation":0,"texture":"#0","tintindex":0},"west":{"uv":[0.625,8.0,0.75,8.375],"rotation":0,"texture":"#0","tintindex":0},"up":{"uv":[8.25,4.75,8.125,4.625],"rotation":0,"texture":"#0","tintindex":0},"down":{"uv":[8.25,4.75,8.125,4.875],"rotation":0,"texture":"#0","tintindex":0}}},{"from":[7.878885,-0.90603065,7.725915],"to":[8.336028,1.8368268,8.183058],"rotation":{"angle":-22.5,"axis":"x","origin":[7.821742,0.4653983,8.240201]},"faces":{"east":{"uv":[5.625,7.5,5.75,8.125],"rotation":0,"texture":"#0","tintindex":0},"south":{"uv":[5.75,7.5,5.875,8.125],"rotation":0,"texture":"#0","tintindex":0},"north":{"uv":[5.5,7.5,5.625,8.125],"rotation":0,"texture":"#0","tintindex":0},"west":{"uv":[7.5,7.0,7.625,7.625],"rotation":0,"texture":"#0","tintindex":0},"up":{"uv":[8.25,5.0,8.125,4.875],"rotation":0,"texture":"#0","tintindex":0},"down":{"uv":[8.25,5.0,8.125,5.125],"rotation":0,"texture":"#0","tintindex":0}}},{"from":[8.036028,2.4653983,8.025915],"to":[8.493171,3.4939694,8.483058],"rotation":{"angle":22.5,"axis":"z","origin":[8.264599,3.5511122,8.254486]},"faces":{"east":{"uv":[8.125,1.125,8.25,1.375],"rotation":0,"texture":"#0","tintindex":0},"south":{"uv":[1.625,8.125,1.75,8.375],"rotation":0,"texture":"#0","tintindex":0},"north":{"uv":[8.125,0.625,8.25,0.875],"rotation":0,"texture":"#0","tintindex":0},"west":{"uv":[8.125,1.625,8.25,1.875],"rotation":0,"texture":"#0","tintindex":0},"up":{"uv":[8.25,5.25,8.125,5.125],"rotation":0,"texture":"#0","tintindex":0},"down":{"uv":[5.375,8.125,5.25,8.25],"rotation":0,"texture":"#0","tintindex":0}}},{"from":[8.450314,0.69396925,8.525915],"to":[8.907456,2.8653975,8.983058],"rotation":{"angle":-22.5,"axis":"x","origin":[8.39317,1.4939694,9.040201]},"faces":{"east":{"uv":[0.75,7.875,0.875,8.375],"rotation":0,"texture":"#0","tintindex":0},"south":{"uv":[0.875,7.875,1.0,8.375],"rotation":0,"texture":"#0","tintindex":0},"north":{"uv":[7.875,0.25,8.0,0.75],"rotation":0,"texture":"#0","tintindex":0},"west":{"uv":[1.0,7.875,1.125,8.375],"rotation":0,"texture":"#0","tintindex":0},"up":{"uv":[8.25,5.375,8.125,5.25],"rotation":0,"texture":"#0","tintindex":0},"down":{"uv":[5.5,8.125,5.375,8.25],"rotation":0,"texture":"#0","tintindex":0}}},{"from":[7.538885,1.9111123,7.543058],"to":[7.9617424,3.4768267,7.965915],"rotation":{"angle":-22.5,"axis":"z","origin":[7.7503138,3.5511122,7.7544866]},"faces":{"east":{"uv":[8.0,2.5,8.125,2.875],"rotation":0,"texture":"#0","tintindex":0},"south":{"uv":[8.0,3.5,8.125,3.875],"rotation":0,"texture":"#0","tintindex":0},"north":{"uv":[8.0,2.125,8.125,2.5],"rotation":0,"texture":"#0","tintindex":0},"west":{"uv":[8.0,5.25,8.125,5.625],"rotation":0,"texture":"#0","tintindex":0},"up":{"uv":[8.25,5.5,8.125,5.375],"rotation":0,"texture":"#0","tintindex":0},"down":{"uv":[5.625,8.125,5.5,8.25],"rotation":0,"texture":"#0","tintindex":0}}},{"from":[6.936028,0.17968369,7.990201],"to":[7.393171,2.351112,8.447344],"rotation":{"angle":-22.5,"axis":"x","origin":[7.4503136,0.9796839,8.504486]},"faces":{"east":{"uv":[1.25,7.875,1.375,8.375],"rotation":0,"texture":"#0","tintindex":0},"south":{"uv":[1.375,7.875,1.5,8.375],"rotation":0,"texture":"#0","tintindex":0},"north":{"uv":[1.125,7.875,1.25,8.375],"rotation":0,"texture":"#0","tintindex":0},"west":{"uv":[1.5,7.875,1.625,8.375],"rotation":0,"texture":"#0","tintindex":0},"up":{"uv":[8.25,5.625,8.125,5.5],"rotation":0,"texture":"#0","tintindex":0},"down":{"uv":[5.75,8.125,5.625,8.25],"rotation":0,"texture":"#0","tintindex":0}}},{"from":[7.5217423,3.036827,7.525915],"to":[8.550314,8.6368265,8.554486],"rotation":{"angle":0.0,"axis":"y","origin":[8.036028,7.265398,8.040201]},"faces":{"east":{"uv":[5.25,4.75,5.5,6.0],"rotation":0,"texture":"#0","tintindex":0},"south":{"uv":[5.375,0.0,5.625,1.25],"rotation":0,"texture":"#0","tintindex":0},"north":{"uv":[0.5,5.25,0.75,6.5],"rotation":0,"texture":"#0","tintindex":0},"west":{"uv":[5.375,1.25,5.625,2.5],"rotation":0,"texture":"#0","tintindex":0},"up":{"uv":[8.125,1.0,7.875,0.75],"rotation":0,"texture":"#0","tintindex":0},"down":{"uv":[1.875,7.875,1.625,8.125],"rotation":0,"texture":"#0","tintindex":0}}}],"textures":{"0":"modelengine:entity/em_dyerftum2"},"display":{"head":{"translation":[0.0,-6.4,0.0],"scale":[4.0,4.0,4.0]}}}