{"elements":[{"from":[7.878885,1.5356245,7.2402396],"to":[8.336028,3.1356244,7.6973825],"rotation":{"angle":0.0,"axis":"y","origin":[8.107456,2.3356242,7.468811]},"faces":{"east":{"uv":[4.5,7.875,4.625,8.25],"rotation":0,"texture":"#0","tintindex":0},"south":{"uv":[4.625,7.875,4.75,8.25],"rotation":0,"texture":"#0","tintindex":0},"north":{"uv":[5.375,3.75,5.5,4.125],"rotation":0,"texture":"#0","tintindex":0},"west":{"uv":[4.75,7.875,4.875,8.25],"rotation":0,"texture":"#0","tintindex":0},"up":{"uv":[6.625,1.875,6.5,1.75],"rotation":0,"texture":"#0","tintindex":0},"down":{"uv":[6.0,6.875,5.875,7.0],"rotation":0,"texture":"#0","tintindex":0}}},{"from":[7.878885,-0.90603065,7.725915],"to":[8.336028,1.8368268,8.183058],"rotation":{"angle":-22.5,"axis":"x","origin":[7.821742,0.4653983,8.240201]},"faces":{"east":{"uv":[0.375,7.5,0.5,8.125],"rotation":0,"texture":"#0","tintindex":0},"south":{"uv":[2.625,7.5,2.75,8.125],"rotation":0,"texture":"#0","tintindex":0},"north":{"uv":[5.25,0.625,5.375,1.25],"rotation":0,"texture":"#0","tintindex":0},"west":{"uv":[2.75,7.5,2.875,8.125],"rotation":0,"texture":"#0","tintindex":0},"up":{"uv":[7.375,2.25,7.25,2.125],"rotation":0,"texture":"#0","tintindex":0},"down":{"uv":[7.5,2.125,7.375,2.25],"rotation":0,"texture":"#0","tintindex":0}}},{"from":[8.036028,2.4653983,8.025915],"to":[8.493171,3.4939694,8.483058],"rotation":{"angle":22.5,"axis":"z","origin":[8.264599,3.5511122,8.254486]},"faces":{"east":{"uv":[4.875,3.25,5.0,3.5],"rotation":0,"texture":"#0","tintindex":0},"south":{"uv":[5.25,1.25,5.375,1.5],"rotation":0,"texture":"#0","tintindex":0},"north":{"uv":[4.5,2.375,4.625,2.625],"rotation":0,"texture":"#0","tintindex":0},"west":{"uv":[4.75,6.625,4.875,6.875],"rotation":0,"texture":"#0","tintindex":0},"up":{"uv":[7.75,7.625,7.625,7.5],"rotation":0,"texture":"#0","tintindex":0},"down":{"uv":[7.875,0.25,7.75,0.375],"rotation":0,"texture":"#0","tintindex":0}}},{"from":[8.450314,0.69396925,8.525915],"to":[8.907456,2.8653975,8.983058],"rotation":{"angle":-22.5,"axis":"x","origin":[8.39317,1.4939694,9.040201]},"faces":{"east":{"uv":[1.125,6.375,1.25,6.875],"rotation":0,"texture":"#0","tintindex":0},"south":{"uv":[2.625,6.375,2.75,6.875],"rotation":0,"texture":"#0","tintindex":0},"north":{"uv":[4.875,5.5,5.0,6.0],"rotation":0,"texture":"#0","tintindex":0},"west":{"uv":[2.875,7.625,3.0,8.125],"rotation":0,"texture":"#0","tintindex":0},"up":{"uv":[7.875,1.75,7.75,1.625],"rotation":0,"texture":"#0","tintindex":0},"down":{"uv":[8.25,0.875,8.125,1.0],"rotation":0,"texture":"#0","tintindex":0}}},{"from":[7.538885,1.9111123,7.543058],"to":[7.9617424,3.4768267,7.965915],"rotation":{"angle":-22.5,"axis":"z","origin":[7.7503138,3.5511122,7.7544866]},"faces":{"east":{"uv":[5.0,7.875,5.125,8.25],"rotation":0,"texture":"#0","tintindex":0},"south":{"uv":[5.125,7.875,5.25,8.25],"rotation":0,"texture":"#0","tintindex":0},"north":{"uv":[4.875,7.875,5.0,8.25],"rotation":0,"texture":"#0","tintindex":0},"west":{"uv":[7.875,5.25,8.0,5.625],"rotation":0,"texture":"#0","tintindex":0},"up":{"uv":[1.875,8.25,1.75,8.125],"rotation":0,"texture":"#0","tintindex":0},"down":{"uv":[2.0,8.125,1.875,8.25],"rotation":0,"texture":"#0","tintindex":0}}},{"from":[6.936028,0.17968369,7.990201],"to":[7.393171,2.351112,8.447344],"rotation":{"angle":-22.5,"axis":"x","origin":[7.4503136,0.9796839,8.504486]},"faces":{"east":{"uv":[3.125,7.625,3.25,8.125],"rotation":0,"texture":"#0","tintindex":0},"south":{"uv":[3.25,7.625,3.375,8.125],"rotation":0,"texture":"#0","tintindex":0},"north":{"uv":[3.0,7.625,3.125,8.125],"rotation":0,"texture":"#0","tintindex":0},"west":{"uv":[3.375,7.625,3.5,8.125],"rotation":0,"texture":"#0","tintindex":0},"up":{"uv":[2.125,8.25,2.0,8.125],"rotation":0,"texture":"#0","tintindex":0},"down":{"uv":[8.25,2.0,8.125,2.125],"rotation":0,"texture":"#0","tintindex":0}}},{"from":[7.5217423,3.036827,7.525915],"to":[8.550314,8.6368265,8.554486],"rotation":{"angle":0.0,"axis":"y","origin":[8.036028,7.265398,8.040201]},"faces":{"east":{"uv":[5.0,4.75,5.25,6.0],"rotation":0,"texture":"#0","tintindex":0},"south":{"uv":[0.75,5.125,1.0,6.375],"rotation":0,"texture":"#0","tintindex":0},"north":{"uv":[4.25,4.625,4.5,5.875],"rotation":0,"texture":"#0","tintindex":0},"west":{"uv":[1.0,5.125,1.25,6.375],"rotation":0,"texture":"#0","tintindex":0},"up":{"uv":[4.5,2.625,4.25,2.375],"rotation":0,"texture":"#0","tintindex":0},"down":{"uv":[4.875,3.25,4.625,3.5],"rotation":0,"texture":"#0","tintindex":0}}},{"from":[6.778885,0.17968369,8.554486],"to":[8.950314,2.9225407,10.154487],"rotation":{"angle":0.0,"axis":"y","origin":[8.436028,4.979684,9.068772]},"faces":{"east":{"uv":[6.125,0.0,6.5,0.625],"rotation":0,"texture":"#0","tintindex":0},"south":{"uv":[5.0,4.125,5.5,4.75],"rotation":0,"texture":"#0","tintindex":0},"north":{"uv":[4.875,0.0,5.375,0.625],"rotation":0,"texture":"#0","tintindex":0},"west":{"uv":[6.125,0.625,6.5,1.25],"rotation":0,"texture":"#0","tintindex":0},"up":{"uv":[6.625,2.25,6.125,1.875],"rotation":0,"texture":"#0","tintindex":0},"down":{"uv":[4.375,6.25,3.875,6.625],"rotation":0,"texture":"#0","tintindex":0}}}],"textures":{"0":"modelengine:entity/em_dyerftum2"},"display":{"head":{"translation":[0.0,-6.4,0.0],"scale":[4.0,4.0,4.0]}}}