{"elements":[{"from":[-17.6,-23.660686,7.200001],"to":[33.6,27.539314,7.200001],"rotation":{"angle":0.0,"axis":"y","origin":[0.7999997,-23.660686,7.600001]},"faces":{"east":{"uv":[0.0,0.0,0.0,4.0],"rotation":0,"texture":"#0","tintindex":0},"south":{"uv":[8.0,0.0,12.0,4.0],"rotation":0,"texture":"#0","tintindex":0},"north":{"uv":[0.0,8.0,4.0,12.0],"rotation":0,"texture":"#0","tintindex":0},"west":{"uv":[0.0,0.0,0.0,4.0],"rotation":0,"texture":"#0","tintindex":0},"up":{"uv":[4.0,0.0,0.0,0.0],"rotation":0,"texture":"#0","tintindex":0},"down":{"uv":[4.0,0.0,0.0,0.0],"rotation":0,"texture":"#0","tintindex":0}}},{"from":[-17.6,11.600006,14.127698],"to":[33.6,32.0,14.127698],"rotation":{"angle":45.0,"axis":"x","origin":[8.0,21.400005,14.127698]},"faces":{"east":{"uv":[0.0,2.34375,0.0,3.9375],"rotation":180,"texture":"#0","tintindex":0},"south":{"uv":[0.0,10.34375,4.0,11.9375],"rotation":180,"texture":"#0","tintindex":0},"north":{"uv":[8.0,2.34375,12.0,3.9375],"rotation":180,"texture":"#0","tintindex":0},"west":{"uv":[0.0,2.34375,0.0,3.9375],"rotation":180,"texture":"#0","tintindex":0},"up":{"uv":[4.0,2.34375,0.0,2.34375],"rotation":0,"texture":"#0","tintindex":0},"down":{"uv":[4.0,2.34375,0.0,2.34375],"rotation":0,"texture":"#0","tintindex":0}}},{"from":[-17.6,11.600006,0.27230358],"to":[33.6,32.0,0.27230358],"rotation":{"angle":-45.0,"axis":"x","origin":[8.0,21.400005,0.27230358]},"faces":{"east":{"uv":[0.0,2.34375,0.0,3.9375],"rotation":180,"texture":"#0","tintindex":0},"south":{"uv":[12.0,2.34375,8.0,3.9375],"rotation":180,"texture":"#0","tintindex":0},"north":{"uv":[4.0,10.34375,0.0,11.9375],"rotation":180,"texture":"#0","tintindex":0},"west":{"uv":[0.0,2.34375,0.0,3.9375],"rotation":180,"texture":"#0","tintindex":0},"up":{"uv":[4.0,2.34375,0.0,2.34375],"rotation":0,"texture":"#0","tintindex":0},"down":{"uv":[4.0,2.34375,0.0,2.34375],"rotation":0,"texture":"#0","tintindex":0}}},{"from":[15.327698,11.600006,-18.0],"to":[15.327698,32.0,33.2],"rotation":{"angle":-45.0,"axis":"z","origin":[15.327698,21.400005,7.600001]},"faces":{"east":{"uv":[4.0,10.34375,0.0,11.9375],"rotation":180,"texture":"#0","tintindex":0},"south":{"uv":[0.0,2.34375,0.0,3.9375],"rotation":180,"texture":"#0","tintindex":0},"north":{"uv":[0.0,2.34375,0.0,3.9375],"rotation":180,"texture":"#0","tintindex":0},"west":{"uv":[12.0,2.34375,8.0,3.9375],"rotation":180,"texture":"#0","tintindex":0},"up":{"uv":[4.0,2.34375,0.0,2.34375],"rotation":90,"texture":"#0","tintindex":0},"down":{"uv":[4.0,2.34375,0.0,2.34375],"rotation":270,"texture":"#0","tintindex":0}}},{"from":[1.4723029,11.600006,-18.0],"to":[1.4723029,32.0,33.2],"rotation":{"angle":45.0,"axis":"z","origin":[1.4723029,21.400005,7.600001]},"faces":{"east":{"uv":[8.0,2.34375,12.0,3.9375],"rotation":180,"texture":"#0","tintindex":0},"south":{"uv":[0.0,2.34375,0.0,3.9375],"rotation":180,"texture":"#0","tintindex":0},"north":{"uv":[0.0,2.34375,0.0,3.9375],"rotation":180,"texture":"#0","tintindex":0},"west":{"uv":[0.0,10.34375,4.0,11.9375],"rotation":180,"texture":"#0","tintindex":0},"up":{"uv":[4.0,2.34375,0.0,2.34375],"rotation":90,"texture":"#0","tintindex":0},"down":{"uv":[4.0,2.34375,0.0,2.34375],"rotation":270,"texture":"#0","tintindex":0}}}],"textures":{"0":"modelengine:entity/nuked"},"display":{"head":{"translation":[0.0,120.242744,3.199997],"scale":[4.0,4.0,4.0]}}}