{"elements":[{"from":[7.428571,7.428571,6.285714],"to":[8.571428,8.571428,11.428572],"rotation":{"angle":0.0,"axis":"y","origin":[11.428572,-0.57142925,6.857143]},"faces":{"east":{"uv":[8.375,15.5,9.5,15.75],"rotation":0,"texture":"#2","tintindex":0},"south":{"uv":[8.375,15.25,8.625,15.5],"rotation":0,"texture":"#2","tintindex":0},"north":{"uv":[8.375,15.0,8.625,15.25],"rotation":0,"texture":"#2","tintindex":0},"west":{"uv":[8.375,15.75,9.5,16.0],"rotation":0,"texture":"#2","tintindex":0},"up":{"uv":[8.125,14.875,8.375,16.0],"rotation":0,"texture":"#2","tintindex":0},"down":{"uv":[7.875,14.875,8.125,16.0],"rotation":0,"texture":"#2","tintindex":0}}},{"from":[8.857143,8.857143,11.714286],"to":[7.142857,7.142857,6.0],"rotation":{"angle":0.0,"axis":"y","origin":[11.428572,-0.57142925,6.857143]},"faces":{"east":{"uv":[15.875,15.25,16.0,15.375],"rotation":0,"texture":"#2","tintindex":0},"south":{"uv":[15.875,15.25,16.0,15.375],"rotation":0,"texture":"#2","tintindex":0},"north":{"uv":[15.75,15.375,15.875,15.5],"rotation":0,"texture":"#2","tintindex":0},"west":{"uv":[15.875,15.25,16.0,15.375],"rotation":0,"texture":"#2","tintindex":0},"up":{"uv":[15.875,15.25,16.0,15.375],"rotation":0,"texture":"#2","tintindex":0},"down":{"uv":[15.875,15.25,16.0,15.375],"rotation":0,"texture":"#2","tintindex":0}}},{"from":[7.428571,7.142857,4.0],"to":[8.571428,8.857143,6.285714],"rotation":{"angle":0.0,"axis":"y","origin":[11.428572,-0.57142925,8.0]},"faces":{"east":{"uv":[10.625,15.25,11.125,15.625],"rotation":0,"texture":"#2","tintindex":0},"south":{"uv":[11.125,15.25,11.375,15.625],"rotation":0,"texture":"#2","tintindex":0},"north":{"uv":[11.125,15.625,11.375,16.0],"rotation":0,"texture":"#2","tintindex":0},"west":{"uv":[10.625,15.625,11.125,16.0],"rotation":0,"texture":"#2","tintindex":0},"up":{"uv":[10.375,15.0,10.625,15.5],"rotation":0,"texture":"#2","tintindex":0},"down":{"uv":[10.375,15.5,10.625,16.0],"rotation":0,"texture":"#2","tintindex":0}}},{"from":[8.828571,9.114285,6.542857],"to":[7.1714287,6.885714,3.742857],"rotation":{"angle":0.0,"axis":"y","origin":[11.428572,-0.57142925,8.0]},"faces":{"east":{"uv":[15.875,15.125,16.0,15.25],"rotation":0,"texture":"#2","tintindex":0},"south":{"uv":[15.875,15.125,16.0,15.25],"rotation":0,"texture":"#2","tintindex":0},"north":{"uv":[15.875,15.125,16.0,15.25],"rotation":0,"texture":"#2","tintindex":0},"west":{"uv":[15.875,15.125,16.0,15.25],"rotation":0,"texture":"#2","tintindex":0},"up":{"uv":[15.875,15.125,16.0,15.25],"rotation":0,"texture":"#2","tintindex":0},"down":{"uv":[15.875,15.125,16.0,15.25],"rotation":0,"texture":"#2","tintindex":0}}},{"from":[8.0,7.428571,-9.714287],"to":[8.0,8.571428,4.0],"rotation":{"angle":0.0,"axis":"y","origin":[11.428572,-0.57142925,8.0]},"faces":{"east":{"uv":[14.5,15.75,11.5,16.0],"rotation":0,"texture":"#2","tintindex":0},"south":{"uv":[15.875,15.875,16.0,16.0],"rotation":0,"texture":"#2","tintindex":0},"north":{"uv":[15.875,15.875,16.0,16.0],"rotation":0,"texture":"#2","tintindex":0},"west":{"uv":[11.5,15.75,14.5,16.0],"rotation":0,"texture":"#2","tintindex":0},"up":{"uv":[15.875,15.875,16.0,16.0],"rotation":0,"texture":"#2","tintindex":0},"down":{"uv":[15.875,15.875,16.0,16.0],"rotation":0,"texture":"#2","tintindex":0}}},{"from":[8.285714,8.857143,4.0],"to":[7.714286,7.142857,-10.0],"rotation":{"angle":0.0,"axis":"y","origin":[11.428572,-0.57142925,7.714286]},"faces":{"east":{"uv":[15.125,15.375,15.25,14.875],"rotation":90,"texture":"#2","tintindex":0},"south":{"uv":[15.25,14.875,15.375,15.0],"rotation":0,"texture":"#2","tintindex":0},"north":{"uv":[15.25,14.875,15.375,15.375],"rotation":0,"texture":"#2","tintindex":0},"west":{"uv":[15.125,14.875,15.25,15.375],"rotation":90,"texture":"#2","tintindex":0},"up":{"uv":[15.25,15.375,15.125,14.875],"rotation":0,"texture":"#2","tintindex":0},"down":{"uv":[15.125,14.875,15.25,15.375],"rotation":0,"texture":"#2","tintindex":0}}},{"from":[7.3714285,7.3714285,10.8],"to":[8.6285715,8.6285715,12.057143],"rotation":{"angle":-45.0,"axis":"x","origin":[8.0,8.0,11.428572]},"faces":{"east":{"uv":[7.375,15.75,7.625,16.0],"rotation":0,"texture":"#2","tintindex":0},"south":{"uv":[7.125,15.25,7.375,15.5],"rotation":0,"texture":"#2","tintindex":0},"north":{"uv":[7.125,15.75,7.375,16.0],"rotation":0,"texture":"#2","tintindex":0},"west":{"uv":[7.375,15.25,7.625,15.5],"rotation":0,"texture":"#2","tintindex":0},"up":{"uv":[7.375,15.5,7.625,15.75],"rotation":0,"texture":"#2","tintindex":0},"down":{"uv":[7.125,15.5,7.375,15.75],"rotation":0,"texture":"#2","tintindex":0}}},{"from":[8.914286,8.914286,12.342857],"to":[7.0857143,7.0857143,10.514286],"rotation":{"angle":-45.0,"axis":"x","origin":[8.0,8.0,11.428572]},"faces":{"east":{"uv":[15.875,15.25,16.0,15.375],"rotation":0,"texture":"#2","tintindex":0},"south":{"uv":[15.875,15.25,16.0,15.375],"rotation":0,"texture":"#2","tintindex":0},"north":{"uv":[15.875,15.25,16.0,15.375],"rotation":0,"texture":"#2","tintindex":0},"west":{"uv":[15.875,15.25,16.0,15.375],"rotation":0,"texture":"#2","tintindex":0},"up":{"uv":[15.875,15.25,16.0,15.375],"rotation":0,"texture":"#2","tintindex":0},"down":{"uv":[15.875,15.25,16.0,15.375],"rotation":0,"texture":"#2","tintindex":0}}},{"from":[8.0,7.6,-10.114286],"to":[8.0,8.4,-9.314285],"rotation":{"angle":45.0,"axis":"x","origin":[8.0,8.0,-9.714287]},"faces":{"east":{"uv":[15.875,15.625,16.0,15.75],"rotation":0,"texture":"#2","tintindex":0},"south":{"uv":[15.875,15.875,16.0,16.0],"rotation":0,"texture":"#2","tintindex":0},"north":{"uv":[15.875,15.875,16.0,16.0],"rotation":0,"texture":"#2","tintindex":0},"west":{"uv":[15.875,15.625,16.0,15.75],"rotation":0,"texture":"#2","tintindex":0},"up":{"uv":[15.875,15.875,16.0,16.0],"rotation":0,"texture":"#2","tintindex":0},"down":{"uv":[15.875,15.875,16.0,16.0],"rotation":0,"texture":"#2","tintindex":0}}},{"from":[8.285714,8.614285,-9.3857155],"to":[7.714286,7.385714,-10.614286],"rotation":{"angle":45.0,"axis":"x","origin":[8.0,8.0,-10.0]},"faces":{"east":{"uv":[15.125,15.25,15.25,15.375],"rotation":0,"texture":"#2","tintindex":0},"south":{"uv":[15.125,15.25,15.25,15.375],"rotation":0,"texture":"#2","tintindex":0},"north":{"uv":[15.25,14.875,15.375,15.375],"rotation":0,"texture":"#2","tintindex":0},"west":{"uv":[15.125,15.25,15.25,15.375],"rotation":0,"texture":"#2","tintindex":0},"up":{"uv":[15.125,15.25,15.25,15.375],"rotation":0,"texture":"#2","tintindex":0},"down":{"uv":[15.25,15.25,15.375,15.375],"rotation":0,"texture":"#2","tintindex":0}}}],"textures":{"2":"modelengine:entity/fog"},"display":{"head":{"translation":[0.0,-6.4,0.0],"scale":[4.0,4.0,4.0]}}}