{"elements":[{"from":[6.857143,3.4285712,7.428571],"to":[9.142858,8.0,9.714286],"rotation":{"angle":0.0,"axis":"y","origin":[6.857143,1.7142854,8.571428]},"faces":{"east":{"uv":[12.25,9.75,11.25,11.75],"rotation":0,"texture":"#0","tintindex":0},"south":{"uv":[12.25,1.25,11.25,3.25],"rotation":0,"texture":"#0","tintindex":0},"north":{"uv":[1.0,11.25,0.0,13.25],"rotation":0,"texture":"#0","tintindex":0},"west":{"uv":[2.0,11.25,1.0,13.25],"rotation":0,"texture":"#0","tintindex":0},"up":{"uv":[9.5,15.0,10.5,14.0],"rotation":0,"texture":"#0","tintindex":0},"down":{"uv":[14.0,9.75,15.0,10.75],"rotation":0,"texture":"#0","tintindex":0}}},{"from":[9.428572,8.285714,10.0],"to":[6.5714283,3.142857,7.142857],"rotation":{"angle":0.0,"axis":"y","origin":[6.857143,1.7142854,8.571428]},"faces":{"east":{"uv":[15.75,15.75,16.0,16.0],"rotation":0,"texture":"#0","tintindex":0},"south":{"uv":[15.75,15.75,16.0,16.0],"rotation":0,"texture":"#0","tintindex":0},"north":{"uv":[15.75,15.75,16.0,16.0],"rotation":0,"texture":"#0","tintindex":0},"west":{"uv":[15.75,15.75,16.0,16.0],"rotation":0,"texture":"#0","tintindex":0},"up":{"uv":[15.75,15.75,16.0,16.0],"rotation":0,"texture":"#0","tintindex":0},"down":{"uv":[15.75,15.75,16.0,16.0],"rotation":0,"texture":"#0","tintindex":0}}},{"from":[6.5714283,6.5714283,6.857143],"to":[9.428572,8.857143,9.714286],"rotation":{"angle":22.5,"axis":"x","origin":[8.0,7.428571,8.571428]},"faces":{"east":{"uv":[14.5,0.0,13.25,1.0],"rotation":0,"texture":"#0","tintindex":0},"south":{"uv":[1.25,13.25,0.0,14.25],"rotation":0,"texture":"#0","tintindex":0},"north":{"uv":[8.0,9.5,6.75,10.5],"rotation":0,"texture":"#0","tintindex":0},"west":{"uv":[14.0,8.75,12.75,9.75],"rotation":0,"texture":"#0","tintindex":0},"up":{"uv":[9.0,14.0,10.25,12.75],"rotation":0,"texture":"#0","tintindex":0},"down":{"uv":[10.25,12.75,11.5,14.0],"rotation":0,"texture":"#0","tintindex":0}}},{"from":[9.714286,9.142858,10.0],"to":[6.285714,6.285714,6.5714283],"rotation":{"angle":22.5,"axis":"x","origin":[8.0,7.428571,8.571428]},"faces":{"east":{"uv":[15.75,15.75,16.0,16.0],"rotation":0,"texture":"#0","tintindex":0},"south":{"uv":[15.75,15.75,16.0,16.0],"rotation":0,"texture":"#0","tintindex":0},"north":{"uv":[15.75,15.75,16.0,16.0],"rotation":0,"texture":"#0","tintindex":0},"west":{"uv":[15.75,15.75,16.0,16.0],"rotation":0,"texture":"#0","tintindex":0},"up":{"uv":[15.75,15.75,16.0,16.0],"rotation":0,"texture":"#0","tintindex":0},"down":{"uv":[15.75,15.75,16.0,16.0],"rotation":0,"texture":"#0","tintindex":0}}}],"textures":{"0":"modelengine:entity/possessed_knight_armor"},"display":{"head":{"translation":[0.0,-6.4,0.0],"scale":[4.0,4.0,4.0]}}}