{"elements":[{"from":[8.045044,7.0448694,6.7301974],"to":[9.187901,8.187727,7.301626],"rotation":{"angle":-45.0,"axis":"z","origin":[8.0,8.23277,7.5214176]},"faces":{"east":{"uv":[3.375,8.375,3.4375,8.5],"rotation":0,"texture":"#1","tintindex":0},"south":{"uv":[7.0,6.875,7.125,7.0],"rotation":0,"texture":"#1","tintindex":0},"north":{"uv":[7.0,4.5,7.125,4.625],"rotation":0,"texture":"#1","tintindex":0},"west":{"uv":[3.625,8.375,3.6875,8.5],"rotation":0,"texture":"#1","tintindex":0},"up":{"uv":[8.5,3.75,8.375,3.6875],"rotation":0,"texture":"#1","tintindex":0},"down":{"uv":[8.5,3.8125,8.375,3.875],"rotation":0,"texture":"#1","tintindex":0}}},{"from":[5.2571425,6.4834385,7.5007286],"to":[10.742857,8.540582,8.986443],"rotation":{"angle":0.0,"axis":"y","origin":[8.0,7.5516777,8.498862]},"faces":{"east":{"uv":[0.6895,4.9395,0.873,5.1855],"rotation":0,"texture":"#0","tintindex":0},"south":{"uv":[2.6895,1.252,3.3105,1.498],"rotation":0,"texture":"#0","tintindex":0},"north":{"uv":[2.6895,0.9395,3.3105,1.1855],"rotation":0,"texture":"#0","tintindex":0},"west":{"uv":[1.252,4.9395,1.4355,5.1855],"rotation":0,"texture":"#0","tintindex":0},"up":{"uv":[3.4355,1.8105,2.8145,1.5645],"rotation":0,"texture":"#0","tintindex":0},"down":{"uv":[3.4355,1.9395,2.8145,2.123],"rotation":0,"texture":"#0","tintindex":0}}},{"from":[7.1165223,6.608494,7.053268],"to":[7.684522,7.1764936,7.621268],"rotation":{"angle":45.0,"axis":"z","origin":[7.428571,6.9205427,7.3068295]},"faces":{"east":{"uv":[8.252,5.0645,8.3105,5.123],"rotation":0,"texture":"#0","tintindex":0},"south":{"uv":[8.252,5.1895,8.3105,5.248],"rotation":0,"texture":"#0","tintindex":0},"north":{"uv":[5.0645,8.252,5.123,8.3105],"rotation":0,"texture":"#0","tintindex":0},"west":{"uv":[8.252,5.877,8.3105,5.9355],"rotation":0,"texture":"#0","tintindex":0},"up":{"uv":[8.3105,6.0605,8.252,6.002],"rotation":0,"texture":"#0","tintindex":0},"down":{"uv":[6.123,8.252,6.0645,8.3105],"rotation":0,"texture":"#0","tintindex":0}}},{"from":[6.8531427,6.4728146,7.3332677],"to":[9.146857,7.0522428,7.9126964],"rotation":{"angle":0.0,"axis":"y","origin":[8.0,-5.4835186,9.021115]},"faces":{"east":{"uv":[8.252,6.252,8.3105,6.3105],"rotation":0,"texture":"#0","tintindex":0},"south":{"uv":[5.127,7.002,5.373,7.0605],"rotation":0,"texture":"#0","tintindex":0},"north":{"uv":[2.9395,7.002,3.1855,7.0605],"rotation":0,"texture":"#0","tintindex":0},"west":{"uv":[8.252,6.377,8.3105,6.4355],"rotation":0,"texture":"#0","tintindex":0},"up":{"uv":[5.6855,7.0605,5.4395,7.002],"rotation":0,"texture":"#0","tintindex":0},"down":{"uv":[6.4355,7.002,6.1895,7.0605],"rotation":0,"texture":"#0","tintindex":0}}},{"from":[6.285714,7.048243,7.337268],"to":[9.714286,8.762528,7.908696],"rotation":{"angle":0.0,"axis":"y","origin":[8.0,-4.9120903,9.021115]},"faces":{"east":{"uv":[5.9395,7.5645,5.998,7.748],"rotation":0,"texture":"#0","tintindex":0},"south":{"uv":[4.002,0.877,4.373,1.0605],"rotation":0,"texture":"#0","tintindex":0},"north":{"uv":[3.9395,3.877,4.3105,4.0605],"rotation":0,"texture":"#0","tintindex":0},"west":{"uv":[7.5645,6.002,7.623,6.1855],"rotation":0,"texture":"#0","tintindex":0},"up":{"uv":[6.623,3.748,6.252,3.6895],"rotation":0,"texture":"#0","tintindex":0},"down":{"uv":[6.623,3.8145,6.252,3.873],"rotation":0,"texture":"#0","tintindex":0}}},{"from":[6.031478,6.610208,7.3406963],"to":[7.1674776,7.1747794,7.9052677],"rotation":{"angle":-45.0,"axis":"z","origin":[6.857143,6.9205427,7.592544]},"faces":{"east":{"uv":[8.252,6.627,8.3105,6.6855],"rotation":0,"texture":"#0","tintindex":0},"south":{"uv":[7.877,2.002,7.998,2.0605],"rotation":0,"texture":"#0","tintindex":0},"north":{"uv":[7.877,1.377,7.998,1.4355],"rotation":0,"texture":"#0","tintindex":0},"west":{"uv":[8.252,6.752,8.3105,6.8105],"rotation":0,"texture":"#0","tintindex":0},"up":{"uv":[7.998,2.1855,7.877,2.127],"rotation":0,"texture":"#0","tintindex":0},"down":{"uv":[7.998,2.252,7.877,2.3105],"rotation":0,"texture":"#0","tintindex":0}}},{"from":[8.832522,6.610208,7.3406963],"to":[9.968522,7.1747794,7.9052677],"rotation":{"angle":45.0,"axis":"z","origin":[9.142858,6.9205427,7.592544]},"faces":{"east":{"uv":[6.4395,8.252,6.498,8.3105],"rotation":0,"texture":"#0","tintindex":0},"south":{"uv":[7.877,1.127,7.998,1.1855],"rotation":0,"texture":"#0","tintindex":0},"north":{"uv":[7.877,1.002,7.998,1.0605],"rotation":0,"texture":"#0","tintindex":0},"west":{"uv":[8.252,6.502,8.3105,6.5605],"rotation":0,"texture":"#0","tintindex":0},"up":{"uv":[1.373,7.9355,1.252,7.877],"rotation":0,"texture":"#0","tintindex":0},"down":{"uv":[7.998,1.252,7.877,1.3105],"rotation":0,"texture":"#0","tintindex":0}}},{"from":[9.447237,7.045386,7.158128],"to":[10.02438,8.765386,7.735271],"rotation":{"angle":-45.0,"axis":"y","origin":[9.714286,7.373625,7.4251766]},"faces":{"east":{"uv":[7.4395,6.752,7.498,6.9355],"rotation":0,"texture":"#0","tintindex":0},"south":{"uv":[6.8145,7.4395,6.873,7.623],"rotation":0,"texture":"#0","tintindex":0},"north":{"uv":[6.502,7.4395,6.5605,7.623],"rotation":0,"texture":"#0","tintindex":0},"west":{"uv":[7.1895,7.4395,7.248,7.623],"rotation":0,"texture":"#0","tintindex":0},"up":{"uv":[8.1855,6.8105,8.127,6.752],"rotation":0,"texture":"#0","tintindex":0},"down":{"uv":[6.873,8.127,6.8145,8.1855],"rotation":0,"texture":"#0","tintindex":0}}},{"from":[5.97562,7.045386,7.158128],"to":[6.552763,8.765386,7.735271],"rotation":{"angle":45.0,"axis":"y","origin":[6.285714,7.373625,7.4251766]},"faces":{"east":{"uv":[6.4395,2.752,6.498,2.9355],"rotation":0,"texture":"#0","tintindex":0},"south":{"uv":[3.0645,7.4395,3.123,7.623],"rotation":0,"texture":"#0","tintindex":0},"north":{"uv":[3.627,4.8145,3.6855,4.998],"rotation":0,"texture":"#0","tintindex":0},"west":{"uv":[3.502,7.4395,3.5605,7.623],"rotation":0,"texture":"#0","tintindex":0},"up":{"uv":[2.5605,8.123,2.502,8.0645],"rotation":0,"texture":"#0","tintindex":0},"down":{"uv":[8.123,2.502,8.0645,2.5605],"rotation":0,"texture":"#0","tintindex":0}}},{"from":[7.428571,6.4768143,7.0515537],"to":[8.571428,8.762528,7.622982],"rotation":{"angle":0.0,"axis":"y","origin":[8.0,-4.9120903,8.735401]},"faces":{"east":{"uv":[6.9395,6.8145,6.998,7.0605],"rotation":0,"texture":"#0","tintindex":0},"south":{"uv":[2.8145,5.8145,2.9355,6.0605],"rotation":0,"texture":"#0","tintindex":0},"north":{"uv":[0.127,5.8145,0.248,6.0605],"rotation":0,"texture":"#0","tintindex":0},"west":{"uv":[0.127,7.002,0.1855,7.248],"rotation":0,"texture":"#0","tintindex":0},"up":{"uv":[5.9355,7.873,5.8145,7.8145],"rotation":0,"texture":"#0","tintindex":0},"down":{"uv":[7.9355,6.002,7.8145,6.0605],"rotation":0,"texture":"#0","tintindex":0}}},{"from":[8.315477,6.608494,7.053268],"to":[8.883478,7.1764936,7.621268],"rotation":{"angle":-45.0,"axis":"z","origin":[8.571428,6.9205427,7.3068295]},"faces":{"east":{"uv":[4.5645,8.252,4.623,8.3105],"rotation":0,"texture":"#0","tintindex":0},"south":{"uv":[8.252,4.5645,8.3105,4.623],"rotation":0,"texture":"#0","tintindex":0},"north":{"uv":[8.252,4.4395,8.3105,4.498],"rotation":0,"texture":"#0","tintindex":0},"west":{"uv":[8.252,4.6895,8.3105,4.748],"rotation":0,"texture":"#0","tintindex":0},"up":{"uv":[8.3105,4.873,8.252,4.8145],"rotation":0,"texture":"#0","tintindex":0},"down":{"uv":[8.3105,4.9395,8.252,4.998],"rotation":0,"texture":"#0","tintindex":0}}},{"from":[7.4314284,6.158243,7.9686966],"to":[8.568571,7.8668146,9.105839],"rotation":{"angle":0.0,"axis":"y","origin":[8.0,6.8021965,8.50683]},"faces":{"east":{"uv":[4.252,0.627,4.373,0.8105],"rotation":0,"texture":"#0","tintindex":0},"south":{"uv":[4.377,5.0645,4.498,5.248],"rotation":0,"texture":"#0","tintindex":0},"north":{"uv":[4.0645,3.252,4.1855,3.4355],"rotation":0,"texture":"#0","tintindex":0},"west":{"uv":[5.5645,6.127,5.6855,6.3105],"rotation":0,"texture":"#0","tintindex":0},"up":{"uv":[7.0605,0.6855,6.9395,0.5645],"rotation":0,"texture":"#0","tintindex":0},"down":{"uv":[7.0605,0.752,6.9395,0.873],"rotation":0,"texture":"#0","tintindex":0}}}],"textures":{"0":"modelengine:entity/fallen_ravageress",