{"elements":[{"from":[5.2474284,6.0571427,9.322408],"to":[6.385714,6.624,9.889265],"rotation":{"angle":0.0,"axis":"y","origin":[8.673715,-9.945143,7.0344076]},"faces":{"east":{"uv":[3.25,9.125,3.3125,9.1875],"rotation":0,"texture":"#1","tintindex":0},"south":{"uv":[8.0,3.4375,8.125,3.5],"rotation":0,"texture":"#1","tintindex":0},"north":{"uv":[3.125,8.0,3.25,8.0625],"rotation":0,"texture":"#1","tintindex":0},"west":{"uv":[9.125,3.3125,9.1875,3.375],"rotation":0,"texture":"#1","tintindex":0},"up":{"uv":[8.1875,3.8125,8.0,3.75],"rotation":0,"texture":"#1","tintindex":0},"down":{"uv":[8.1875,3.875,8.0,3.9375],"rotation":0,"texture":"#1","tintindex":0}}},{"from":[4.1642857,6.285714,6.2714286],"to":[5.421428,7.542857,9.814285],"rotation":{"angle":-45.0,"axis":"z","origin":[4.957143,6.342857,8.042857]},"faces":{"east":{"uv":[4.4375,3.125,4.8125,3.25],"rotation":0,"texture":"#1","tintindex":0},"south":{"uv":[7.3125,0.125,7.4375,0.25],"rotation":0,"texture":"#1","tintindex":0},"north":{"uv":[7.25,6.5625,7.375,6.6875],"rotation":0,"texture":"#1","tintindex":0},"west":{"uv":[4.5625,3.3125,4.9375,3.4375],"rotation":0,"texture":"#1","tintindex":0},"up":{"uv":[4.6875,3.875,4.5625,3.5],"rotation":0,"texture":"#1","tintindex":0},"down":{"uv":[4.6875,3.9375,4.5625,4.3125],"rotation":0,"texture":"#1","tintindex":0}}},{"from":[5.242857,6.0571427,6.2285714],"to":[6.385714,6.6285715,6.8],"rotation":{"angle":0.0,"axis":"y","origin":[8.671429,-9.942858,9.085714]},"faces":{"east":{"uv":[9.125,3.0625,9.1875,3.125],"rotation":0,"texture":"#1","tintindex":0},"south":{"uv":[8.0,0.0,8.125,0.0625],"rotation":0,"texture":"#1","tintindex":0},"north":{"uv":[7.9375,6.5,8.0625,6.5625],"rotation":0,"texture":"#1","tintindex":0},"west":{"uv":[9.125,3.1875,9.1875,3.25],"rotation":0,"texture":"#1","tintindex":0},"up":{"uv":[8.1875,1.8125,8.0,1.75],"rotation":0,"texture":"#1","tintindex":0},"down":{"uv":[3.0625,8.0,2.875,8.0625],"rotation":0,"texture":"#1","tintindex":0}}},{"from":[7.3097863,8.981215,9.2063465],"to":[7.876643,9.548072,9.773204],"rotation":{"angle":-45.0,"axis":"x","origin":[7.593215,9.264644,9.489776]},"faces":{"east":{"uv":[9.125,1.75,9.1875,1.8125],"rotation":0,"texture":"#1","tintindex":0},"south":{"uv":[9.125,1.875,9.1875,1.9375],"rotation":0,"texture":"#1","tintindex":0},"north":{"uv":[9.125,1.625,9.1875,1.6875],"rotation":0,"texture":"#1","tintindex":0},"west":{"uv":[9.125,2.25,9.1875,2.3125],"rotation":0,"texture":"#1","tintindex":0},"up":{"uv":[9.1875,2.875,9.125,2.8125],"rotation":0,"texture":"#1","tintindex":0},"down":{"uv":[9.1875,2.9375,9.125,3.0],"rotation":0,"texture":"#1","tintindex":0}}},{"from":[7.3075004,9.097276,6.6326323],"to":[7.878929,9.668705,9.489776],"rotation":{"angle":0.0,"axis":"y","origin":[8.450357,6.5258474,6.9183464]},"faces":{"east":{"uv":[6.6875,6.125,7.0,6.1875],"rotation":0,"texture":"#1","tintindex":0},"south":{"uv":[9.125,1.25,9.1875,1.3125],"rotation":0,"texture":"#1","tintindex":0},"north":{"uv":[9.125,1.125,9.1875,1.1875],"rotation":0,"texture":"#1","tintindex":0},"west":{"uv":[6.75,0.5625,7.0625,0.625],"rotation":0,"texture":"#1","tintindex":0},"up":{"uv":[0.5625,7.0,0.5,6.6875],"rotation":0,"texture":"#1","tintindex":0},"down":{"uv":[2.8125,6.6875,2.75,7.0],"rotation":0,"texture":"#1","tintindex":0}}},{"from":[7.3097863,8.981215,6.3492036],"to":[7.876643,9.548072,6.916061],"rotation":{"angle":45.0,"axis":"x","origin":[7.593215,9.264644,6.6326323]},"faces":{"east":{"uv":[0.6875,9.125,0.75,9.1875],"rotation":0,"texture":"#1","tintindex":0},"south":{"uv":[9.125,0.75,9.1875,0.8125],"rotation":0,"texture":"#1","tintindex":0},"north":{"uv":[9.125,0.625,9.1875,0.6875],"rotation":0,"texture":"#1","tintindex":0},"west":{"uv":[0.8125,9.125,0.875,9.1875],"rotation":0,"texture":"#1","tintindex":0},"up":{"uv":[9.1875,0.9375,9.125,0.875],"rotation":0,"texture":"#1","tintindex":0},"down":{"uv":[9.1875,1.0,9.125,1.0625],"rotation":0,"texture":"#1","tintindex":0}}},{"from":[6.933703,6.2540703,9.319176],"to":[7.5005603,7.392356,9.886032],"rotation":{"angle":-22.5,"axis":"z","origin":[8.074274,6.537499,9.602604]},"faces":{"east":{"uv":[8.375,3.0,8.4375,3.125],"rotation":0,"texture":"#1","tintindex":0},"south":{"uv":[3.125,8.375,3.1875,8.5],"rotation":0,"texture":"#1","tintindex":0},"north":{"uv":[3.0,8.375,3.0625,8.5],"rotation":0,"texture":"#1","tintindex":0},"west":{"uv":[3.25,8.375,3.3125,8.5],"rotation":0,"texture":"#1","tintindex":0},"up":{"uv":[0.0625,9.1875,0.0,9.125],"rotation":0,"texture":"#1","tintindex":0},"down":{"uv":[9.1875,0.125,9.125,0.1875],"rotation":0,"texture":"#1","tintindex":0}}},{"from":[6.182524,6.4681754,9.314604],"to":[7.3299527,7.044175,9.890604],"rotation":{"angle":22.5,"axis":"z","origin":[7.327667,6.756175,9.602604]},"faces":{"east":{"uv":[8.9375,9.0625,9.0,9.125],"rotation":0,"texture":"#1","tintindex":0},"south":{"uv":[8.375,2.75,8.5,2.8125],"rotation":0,"texture":"#1","tintindex":0},"north":{"uv":[8.375,2.625,8.5,2.6875],"rotation":0,"texture":"#1","tintindex":0},"west":{"uv":[9.0625,9.0625,9.125,9.125],"rotation":0,"texture":"#1","tintindex":0},"up":{"uv":[2.9375,8.4375,2.8125,8.375],"rotation":0,"texture":"#1","tintindex":0},"down":{"uv":[8.5,2.875,8.375,2.9375],"rotation":0,"texture":"#1","tintindex":0}}},{"from":[7.304072,7.549215,9.318032],"to":[7.8732147,9.261215,9.887176],"rotation":{"angle":0.0,"axis":"y","origin":[8.445786,7.2623577,9.602604]},"faces":{"east":{"uv":[8.0,0.9375,8.0625,1.125],"rotation":0,"texture":"#1","tintindex":0},"south":{"uv":[1.0625,8.0,1.125,8.1875],"rotation":0,"texture":"#1","tintindex":0},"north":{"uv":[0.75,8.0,0.8125,8.1875],"rotation":0,"texture":"#1","tintindex":0},"west":{"uv":[1.5625,8.0,1.625,8.1875],"rotation":0,"texture":"#1","tintindex":0},"up":{"uv":[8.75,9.125,8.6875,9.0625],"rotation":0,"texture":"#1","tintindex":0},"down":{"uv":[9.125,8.75,9.0625,8.8125],"rotation":0,"texture":"#1","tintindex":0}}},{"from":[7.305215,7.548072,6.226286],"to":[7.8812146,9.26693,6.8022857],"rotation":{"angle":0.0,"axis":"y","origin":[8.450357,7.264643,6.5142856]},"faces":{"east":{"uv":[1.0625,6.0,1.125,6.1875],"rotation":0,"texture":"#1","tintindex":0},"south":{"uv":[8.0,0.4375,8.0625,0.625],"rotation":0,"texture":"#1","tintindex":0},"north":{"uv":[2.25,5.75,2.3125,5.9375],"rotation":0,"texture":"#1","tintindex":0},"west":{"uv":[8.0,0.6875,8.0625,0.875],"rotation":0,"texture":"#1","tintindex":0},"up":{"uv":[8.5,9.125,8.4375,9.0625],"rotation":0,"texture":"#1","tintindex":0},"down":{"uv":[8.625,9.0625,8.5625,9.125],"rotation":0,"texture":"#1","tintindex":0}}},{"from":[6.1870956,6.470461,6.226286],"to":[7.334524,7.046461,6.8022857],"rotation":{"angle":22.5,"axis":"z","origin":[7.332238,6.758461,6.5142856]},"faces":{"east":{"uv":[9.0625,8.125,9.125,8.1875],"rotation":0,"texture":"#1","tintindex":0},"south":{"uv":[8.375,2.25,8.5,2.3125],"rotation":0,"texture":"#1","tintindex":0},"north":{"uv":[8.375,0.125,8.5,0.1875],"rotation":0,"texture":"#1","tintindex":0},"west":{"uv":[8.3125,9.0625,8.375,9.125],"rotation":0,"texture":"#1","tintindex":0},"up":{"uv":[8.5,2.4375,8.375,2.375],"rotation":0,"texture":"#1","tintindex":0},"down":{"uv":[8.5,2.5,8.375,2.5625],"rotation":0,"texture":"#1","tintindex":0}}},{"from":[6.9359884,6.2540703,6.2285714],"to":[7.507417,7.3969274,6.8],"rotation":{"angle":-22.5,"axis":"z","origin":[8.078846,6.5397844,6.5142856]},"faces":{"east":{"uv":[8.375,0.9375,8.4375,1.0625],"rotation":0,"texture":"#1","tintindex":0},"south":{"uv":[8.375,1.125,8.4375,1.25],"rotation":0,"texture":"#1","tintindex":0},"north":{"uv":[8.375,0.75,8.4375,0.875],"rotation":0,"texture":"#1","tintindex":0},"west":{"uv":[8.375,1.5,8.4375,1.625],"rotation":0,"texture":"#1","tintindex":0},"up":{"uv":[8.0,9.125,7.9375,9.0625],"rotation":0,"texture":"#1","tintindex":0},"down":{"uv":[8.125,9.0625,8.0625,9.125],"rotation":0,"texture":"#1","tintindex":0}}},{"from":[5.021786,6.5706253,9.288661],"to":[7.3075004,7.7134824,9.86009],"rotation":{"angle":0.0,"axis":"y","origin":[9.021786,4.4277678,9.574375]},