{"elements":[{"from":[6.0,8.571428,-3.7142859],"to":[8.857143,11.428572,0.28571415],"rotation":{"angle":22.5,"axis":"z","origin":[7.285714,8.571428,-2.0]},"faces":{"east":{"uv":[5.5,2.625,6.375,3.25],"rotation":0,"texture":"#0","tintindex":0},"south":{"uv":[5.375,7.125,6.0,7.75],"rotation":0,"texture":"#0","tintindex":0},"north":{"uv":[6.75,4.0,7.375,4.625],"rotation":0,"texture":"#0","tintindex":0},"west":{"uv":[3.875,5.5,4.75,6.125],"rotation":0,"texture":"#0","tintindex":0},"up":{"uv":[5.375,6.375,4.75,5.5],"rotation":0,"texture":"#0","tintindex":0},"down":{"uv":[6.0,5.5,5.375,6.375],"rotation":0,"texture":"#0","tintindex":0}}},{"from":[6.0,5.714286,-3.7142859],"to":[8.285714,8.571428,-0.8571434],"rotation":{"angle":22.5,"axis":"z","origin":[7.285714,8.571428,-2.0]},"faces":{"east":{"uv":[7.125,5.375,7.75,6.0],"rotation":0,"texture":"#0","tintindex":0},"south":{"uv":[7.75,7.0,8.25,7.625],"rotation":0,"texture":"#0","tintindex":0},"north":{"uv":[6.125,7.75,6.625,8.375],"rotation":0,"texture":"#0","tintindex":0},"west":{"uv":[6.0,7.125,6.625,7.75],"rotation":0,"texture":"#0","tintindex":0},"up":{"uv":[8.25,8.25,7.75,7.625],"rotation":0,"texture":"#0","tintindex":0},"down":{"uv":[8.375,2.125,7.875,2.75],"rotation":0,"texture":"#0","tintindex":0}}},{"from":[5.714286,6.5714283,1.4285712],"to":[9.142858,9.428572,2.5714283],"rotation":{"angle":22.5,"axis":"y","origin":[7.428571,8.0,0.85714245]},"faces":{"east":{"uv":[6.375,8.375,6.625,9.0],"rotation":0,"texture":"#0","tintindex":0},"south":{"uv":[6.0,4.0,6.75,4.625],"rotation":0,"texture":"#0","tintindex":0},"north":{"uv":[0.75,6.0,1.5,6.625],"rotation":0,"texture":"#0","tintindex":0},"west":{"uv":[4.875,8.75,5.125,9.375],"rotation":0,"texture":"#0","tintindex":0},"up":{"uv":[9.125,4.875,8.375,4.625],"rotation":0,"texture":"#0","tintindex":0},"down":{"uv":[9.125,4.875,8.375,5.125],"rotation":0,"texture":"#0","tintindex":0}}},{"from":[5.714286,6.714286,1.4285712],"to":[9.142858,9.571428,2.5714283],"rotation":{"angle":-22.5,"axis":"y","origin":[7.428571,8.0,2.5714283]},"faces":{"east":{"uv":[8.75,5.375,9.0,6.0],"rotation":0,"texture":"#0","tintindex":0},"south":{"uv":[6.0,6.0,6.75,6.625],"rotation":0,"texture":"#0","tintindex":0},"north":{"uv":[6.0,5.375,6.75,6.0],"rotation":0,"texture":"#0","tintindex":0},"west":{"uv":[8.25,8.75,8.5,9.375],"rotation":0,"texture":"#0","tintindex":0},"up":{"uv":[6.375,8.625,5.625,8.375],"rotation":0,"texture":"#0","tintindex":0},"down":{"uv":[9.25,6.375,8.5,6.625],"rotation":0,"texture":"#0","tintindex":0}}},{"from":[6.5714283,7.142857,2.5714283],"to":[8.285714,8.857143,11.714286],"rotation":{"angle":0.0,"axis":"y","origin":[-8.285715,5.428571,1.4285712]},"faces":{"east":{"uv":[4.375,3.625,6.375,4.0],"rotation":0,"texture":"#0","tintindex":0},"south":{"uv":[9.0,0.0,9.375,0.375],"rotation":0,"texture":"#0","tintindex":0},"north":{"uv":[8.875,7.5,9.25,7.875],"rotation":0,"texture":"#0","tintindex":0},"west":{"uv":[4.0,4.375,6.0,4.75],"rotation":0,"texture":"#0","tintindex":0},"up":{"uv":[0.375,6.5,0.0,4.5],"rotation":0,"texture":"#0","tintindex":0},"down":{"uv":[0.75,4.5,0.375,6.5],"rotation":0,"texture":"#0","tintindex":0}}},{"from":[8.285714,8.857143,3.142857],"to":[9.428572,11.142858,4.285714],"rotation":{"angle":-45.0,"axis":"z","origin":[7.714286,10.0,3.7142854]},"faces":{"east":{"uv":[1.0,9.0,1.25,9.5],"rotation":0,"texture":"#0","tintindex":0},"south":{"uv":[4.625,9.0,4.875,9.5],"rotation":0,"texture":"#0","tintindex":0},"north":{"uv":[4.125,2.125,4.375,2.625],"rotation":0,"texture":"#0","tintindex":0},"west":{"uv":[6.375,9.0,6.625,9.5],"rotation":0,"texture":"#0","tintindex":0},"up":{"uv":[0.25,9.5,0.0,9.25],"rotation":0,"texture":"#0","tintindex":0},"down":{"uv":[0.5,9.25,0.25,9.5],"rotation":0,"texture":"#0","tintindex":0}}},{"from":[9.730823,8.444556,3.7142854],"to":[12.016537,8.444556,5.428571],"rotation":{"angle":-45.0,"axis":"z","origin":[9.742309,9.587413,3.4285712]},"faces":{"east":{"uv":[0.0,0.0,0.375,0.0],"rotation":0,"texture":"#0","tintindex":0},"south":{"uv":[0.0,0.0,0.5,0.0],"rotation":0,"texture":"#0","tintindex":0},"north":{"uv":[0.0,0.0,0.5,0.0],"rotation":0,"texture":"#0","tintindex":0},"west":{"uv":[0.0,0.0,0.375,0.0],"rotation":0,"texture":"#0","tintindex":0},"up":{"uv":[9.0,8.25,8.5,7.875],"rotation":0,"texture":"#0","tintindex":0},"down":{"uv":[9.0,8.25,8.5,8.625],"rotation":0,"texture":"#0","tintindex":0}}},{"from":[6.0,6.857143,-3.7142859],"to":[7.714286,9.142858,1.4285712],"rotation":{"angle":22.5,"axis":"y","origin":[6.857143,8.0,1.1428566]},"faces":{"east":{"uv":[1.625,5.0,2.75,5.5],"rotation":0,"texture":"#0","tintindex":0},"south":{"uv":[8.625,0.0,9.0,0.5],"rotation":0,"texture":"#0","tintindex":0},"north":{"uv":[2.375,8.375,2.75,8.875],"rotation":0,"texture":"#0","tintindex":0},"west":{"uv":[2.75,5.125,3.875,5.625],"rotation":0,"texture":"#0","tintindex":0},"up":{"uv":[1.25,7.75,0.875,6.625],"rotation":0,"texture":"#0","tintindex":0},"down":{"uv":[7.125,5.375,6.75,6.5],"rotation":0,"texture":"#0","tintindex":0}}},{"from":[6.0,9.142858,-4.8571434],"to":[7.714286,9.142858,-3.7142859],"rotation":{"angle":22.5,"axis":"y","origin":[6.857143,8.0,1.1428566]},"faces":{"east":{"uv":[0.0,0.0,0.25,0.0],"rotation":0,"texture":"#0","tintindex":0},"south":{"uv":[0.0,0.0,0.375,0.0],"rotation":0,"texture":"#0","tintindex":0},"north":{"uv":[0.0,0.0,0.375,0.0],"rotation":0,"texture":"#0","tintindex":0},"west":{"uv":[0.0,0.0,0.25,0.0],"rotation":0,"texture":"#0","tintindex":0},"up":{"uv":[9.5,2.625,9.125,2.375],"rotation":0,"texture":"#0","tintindex":0},"down":{"uv":[9.5,2.625,9.125,2.875],"rotation":0,"texture":"#0","tintindex":0}}},{"from":[7.142857,6.857143,-3.7142859],"to":[8.857143,9.142858,1.4285712],"rotation":{"angle":-22.5,"axis":"y","origin":[8.0,8.0,1.1428566]},"faces":{"east":{"uv":[0.75,5.5,1.875,6.0],"rotation":0,"texture":"#0","tintindex":0},"south":{"uv":[5.625,8.625,6.0,9.125],"rotation":0,"texture":"#0","tintindex":0},"north":{"uv":[8.625,1.125,9.0,1.625],"rotation":0,"texture":"#0","tintindex":0},"west":{"uv":[5.5,1.5,6.625,2.0],"rotation":0,"texture":"#0","tintindex":0},"up":{"uv":[3.75,8.0,3.375,6.875],"rotation":0,"texture":"#0","tintindex":0},"down":{"uv":[0.375,7.125,0.0,8.25],"rotation":0,"texture":"#0","tintindex":0}}},{"from":[8.857143,6.857143,-5.4285717],"to":[8.857143,9.142858,-3.7142859],"rotation":{"angle":-22.5,"axis":"y","origin":[8.0,8.0,1.1428566]},"faces":{"east":{"uv":[6.0,8.625,6.375,9.125],"rotation":0,"texture":"#0","tintindex":0},"south":{"uv":[0.0,0.0,0.0,0.5],"rotation":0,"texture":"#0","tintindex":0},"north":{"uv":[0.0,0.0,0.0,0.5],"rotation":0,"texture":"#0","tintindex":0},"west":{"uv":[6.875,8.625,7.25,9.125],"rotation":0,"texture":"#0","tintindex":0},"up":{"uv":[0.0,0.375,0.0,0.0],"rotation":0,"texture":"#0","tintindex":0},"down":{"uv":[0.0,0.0,0.0,0.375],"rotation":0,"texture":"#0","tintindex":0}}}],"textures":{"0":"modelengine:entity/gp2_goblin_warrior"},"display":{"head":{"translation":[0.0,-6.4,0.0],"scale":[4.0,4.0,4.0]}}}