{"elements":[{"from":[7.428571,8.093525,5.3741217],"to":[8.571428,8.664953,7.6598363],"rotation":{"angle":0.0,"axis":"y","origin":[8.0,14.093525,8.231265]},"faces":{"east":{"uv":[11.004,3.129,11.496,3.246],"rotation":0,"texture":"#6","tintindex":0},"south":{"uv":[12.629,10.004,12.871,10.121],"rotation":0,"texture":"#6","tintindex":0},"north":{"uv":[0.879,8.254,1.121,8.371],"rotation":0,"texture":"#6","tintindex":0},"west":{"uv":[3.629,11.004,4.121,11.121],"rotation":0,"texture":"#6","tintindex":0},"up":{"uv":[8.746,2.871,8.504,2.379],"rotation":0,"texture":"#6","tintindex":0},"down":{"uv":[8.871,6.754,8.629,7.246],"rotation":0,"texture":"#6","tintindex":0}}},{"from":[6.857143,7.522096,5.3741217],"to":[9.142858,8.093525,9.374122],"rotation":{"angle":0.0,"axis":"y","origin":[8.0,14.093525,8.231265]},"faces":{"east":{"uv":[9.379,1.879,10.246,1.996],"rotation":0,"texture":"#6","tintindex":0},"south":{"uv":[11.629,11.129,12.121,11.246],"rotation":0,"texture":"#6","tintindex":0},"north":{"uv":[11.629,10.879,12.121,10.996],"rotation":0,"texture":"#6","tintindex":0},"west":{"uv":[9.379,3.504,10.246,3.621],"rotation":0,"texture":"#6","tintindex":0},"up":{"uv":[1.121,6.246,0.629,5.379],"rotation":0,"texture":"#6","tintindex":0},"down":{"uv":[2.996,5.379,2.504,6.246],"rotation":0,"texture":"#6","tintindex":0}}},{"from":[6.9142857,8.093525,7.6598363],"to":[9.085714,9.2363825,9.316979],"rotation":{"angle":0.0,"axis":"y","origin":[8.0,14.664953,8.231265]},"faces":{"east":{"uv":[9.504,8.504,9.871,8.746],"rotation":0,"texture":"#6","tintindex":0},"south":{"uv":[8.754,4.754,9.246,4.996],"rotation":0,"texture":"#6","tintindex":0},"north":{"uv":[8.754,4.379,9.246,4.621],"rotation":0,"texture":"#6","tintindex":0},"west":{"uv":[9.629,3.754,9.996,3.996],"rotation":0,"texture":"#6","tintindex":0},"up":{"uv":[8.621,5.371,8.129,5.004],"rotation":0,"texture":"#6","tintindex":0},"down":{"uv":[8.621,5.504,8.129,5.871],"rotation":0,"texture":"#6","tintindex":0}}},{"from":[6.9754896,7.807811,5.379836],"to":[7.77549,8.379239,7.66555],"rotation":{"angle":45.0,"axis":"z","origin":[7.261204,8.093525,6.22555]},"faces":{"east":{"uv":[11.004,4.254,11.496,4.371],"rotation":0,"texture":"#6","tintindex":0},"south":{"uv":[13.504,4.129,13.621,4.246],"rotation":0,"texture":"#6","tintindex":0},"north":{"uv":[13.504,3.504,13.621,3.621],"rotation":0,"texture":"#6","tintindex":0},"west":{"uv":[11.004,5.254,11.496,5.371],"rotation":0,"texture":"#6","tintindex":0},"up":{"uv":[5.371,11.496,5.254,11.004],"rotation":0,"texture":"#6","tintindex":0},"down":{"uv":[11.121,5.504,11.004,5.996],"rotation":0,"texture":"#6","tintindex":0}}},{"from":[7.428571,7.522096,4.8026934],"to":[8.571428,8.093525,5.3741217],"rotation":{"angle":0.0,"axis":"y","origin":[8.0,14.093525,8.231265]},"faces":{"east":{"uv":[13.629,13.879,13.746,13.996],"rotation":0,"texture":"#6","tintindex":0},"south":{"uv":[13.129,8.129,13.371,8.246],"rotation":0,"texture":"#6","tintindex":0},"north":{"uv":[13.129,6.754,13.371,6.871],"rotation":0,"texture":"#6","tintindex":0},"west":{"uv":[13.879,13.629,13.996,13.746],"rotation":0,"texture":"#6","tintindex":0},"up":{"uv":[8.746,13.246,8.504,13.129],"rotation":0,"texture":"#6","tintindex":0},"down":{"uv":[13.371,9.754,13.129,9.871],"rotation":0,"texture":"#6","tintindex":0}}},{"from":[7.4314284,7.790186,4.9206553],"to":[8.568571,8.604471,5.4920835],"rotation":{"angle":45.0,"axis":"x","origin":[8.0,8.0759,5.2063694]},"faces":{"east":{"uv":[13.879,12.754,13.996,12.871],"rotation":0,"texture":"#6","tintindex":0},"south":{"uv":[6.379,13.129,6.621,13.246],"rotation":0,"texture":"#6","tintindex":0},"north":{"uv":[13.129,6.004,13.371,6.121],"rotation":0,"texture":"#6","tintindex":0},"west":{"uv":[13.879,13.379,13.996,13.496],"rotation":0,"texture":"#6","tintindex":0},"up":{"uv":[13.371,6.621,13.129,6.504],"rotation":0,"texture":"#6","tintindex":0},"down":{"uv":[6.996,13.129,6.754,13.246],"rotation":0,"texture":"#6","tintindex":0}}},{"from":[8.22451,7.807811,5.379836],"to":[9.02451,8.379239,7.66555],"rotation":{"angle":-45.0,"axis":"z","origin":[8.738796,8.093525,6.2312646]},"faces":{"east":{"uv":[11.004,3.754,11.496,3.871],"rotation":0,"texture":"#6","tintindex":0},"south":{"uv":[3.504,13.504,3.621,13.621],"rotation":0,"texture":"#6","tintindex":0},"north":{"uv":[13.504,3.254,13.621,3.371],"rotation":0,"texture":"#6","tintindex":0},"west":{"uv":[11.004,4.004,11.496,4.121],"rotation":0,"texture":"#6","tintindex":0},"up":{"uv":[4.371,11.496,4.254,11.004],"rotation":0,"texture":"#6","tintindex":0},"down":{"uv":[5.121,11.004,5.004,11.496],"rotation":0,"texture":"#6","tintindex":0}}}],"textures":{"6":"modelengine:entity/fallenheraldvoid"},"display":{"head":{"translation":[0.0,-6.4,0.0],"scale":[4.0,4.0,4.0]}}}