{"elements":[{"from":[6.9142857,8.093543,7.6598287],"to":[9.085714,9.236401,9.316972],"rotation":{"angle":0.0,"axis":"y","origin":[8.0,14.664972,8.231257]},"faces":{"east":{"uv":[2.879,9.504,3.246,9.746],"rotation":0,"texture":"#6","tintindex":0},"south":{"uv":[8.754,4.004,9.246,4.246],"rotation":0,"texture":"#6","tintindex":0},"north":{"uv":[8.754,3.629,9.246,3.871],"rotation":0,"texture":"#6","tintindex":0},"west":{"uv":[6.879,9.504,7.246,9.746],"rotation":0,"texture":"#6","tintindex":0},"up":{"uv":[8.621,4.371,8.129,4.004],"rotation":0,"texture":"#6","tintindex":0},"down":{"uv":[8.621,4.504,8.129,4.871],"rotation":0,"texture":"#6","tintindex":0}}},{"from":[7.428571,8.093543,5.374114],"to":[8.571428,8.664971,7.6598287],"rotation":{"angle":0.0,"axis":"y","origin":[8.0,14.093543,8.231257]},"faces":{"east":{"uv":[7.879,11.004,8.371,11.121],"rotation":0,"texture":"#6","tintindex":0},"south":{"uv":[12.754,0.254,12.996,0.371],"rotation":0,"texture":"#6","tintindex":0},"north":{"uv":[12.379,12.629,12.621,12.746],"rotation":0,"texture":"#6","tintindex":0},"west":{"uv":[11.004,9.879,11.496,9.996],"rotation":0,"texture":"#6","tintindex":0},"up":{"uv":[8.746,9.121,8.504,8.629],"rotation":0,"texture":"#6","tintindex":0},"down":{"uv":[8.996,3.004,8.754,3.496],"rotation":0,"texture":"#6","tintindex":0}}},{"from":[8.22451,7.8078284,5.3798285],"to":[9.02451,8.379257,7.6655426],"rotation":{"angle":-45.0,"axis":"z","origin":[8.738796,8.093543,6.225543]},"faces":{"east":{"uv":[11.129,1.504,11.621,1.621],"rotation":0,"texture":"#6","tintindex":0},"south":{"uv":[5.754,13.504,5.871,13.621],"rotation":0,"texture":"#6","tintindex":0},"north":{"uv":[5.504,13.504,5.621,13.621],"rotation":0,"texture":"#6","tintindex":0},"west":{"uv":[11.129,1.754,11.621,1.871],"rotation":0,"texture":"#6","tintindex":0},"up":{"uv":[2.371,11.621,2.254,11.129],"rotation":0,"texture":"#6","tintindex":0},"down":{"uv":[11.246,2.254,11.129,2.746],"rotation":0,"texture":"#6","tintindex":0}}},{"from":[6.857143,7.5221143,5.374114],"to":[9.142858,8.093543,9.374114],"rotation":{"angle":0.0,"axis":"y","origin":[8.0,14.093543,8.231257]},"faces":{"east":{"uv":[9.004,6.254,9.871,6.371],"rotation":0,"texture":"#6","tintindex":0},"south":{"uv":[11.004,7.504,11.496,7.621],"rotation":0,"texture":"#6","tintindex":0},"north":{"uv":[11.004,7.254,11.496,7.371],"rotation":0,"texture":"#6","tintindex":0},"west":{"uv":[9.004,6.504,9.871,6.621],"rotation":0,"texture":"#6","tintindex":0},"up":{"uv":[5.496,5.746,5.004,4.879],"rotation":0,"texture":"#6","tintindex":0},"down":{"uv":[0.496,5.129,0.004,5.996],"rotation":0,"texture":"#6","tintindex":0}}},{"from":[7.4314284,7.7902036,4.9206476],"to":[8.568571,8.604489,5.492076],"rotation":{"angle":45.0,"axis":"x","origin":[8.0,8.075918,5.206362]},"faces":{"east":{"uv":[5.004,13.504,5.121,13.621],"rotation":0,"texture":"#6","tintindex":0},"south":{"uv":[11.254,12.629,11.496,12.746],"rotation":0,"texture":"#6","tintindex":0},"north":{"uv":[10.879,12.629,11.121,12.746],"rotation":0,"texture":"#6","tintindex":0},"west":{"uv":[13.504,5.004,13.621,5.121],"rotation":0,"texture":"#6","tintindex":0},"up":{"uv":[11.871,12.746,11.629,12.629],"rotation":0,"texture":"#6","tintindex":0},"down":{"uv":[12.246,12.629,12.004,12.746],"rotation":0,"texture":"#6","tintindex":0}}},{"from":[7.428571,7.5221143,4.8026857],"to":[8.571428,8.093543,5.374114],"rotation":{"angle":0.0,"axis":"y","origin":[8.0,14.093543,8.231257]},"faces":{"east":{"uv":[13.504,4.379,13.621,4.496],"rotation":0,"texture":"#6","tintindex":0},"south":{"uv":[10.504,12.629,10.746,12.746],"rotation":0,"texture":"#6","tintindex":0},"north":{"uv":[12.629,10.254,12.871,10.371],"rotation":0,"texture":"#6","tintindex":0},"west":{"uv":[4.754,13.504,4.871,13.621],"rotation":0,"texture":"#6","tintindex":0},"up":{"uv":[12.871,10.621,12.629,10.504],"rotation":0,"texture":"#6","tintindex":0},"down":{"uv":[12.871,10.754,12.629,10.871],"rotation":0,"texture":"#6","tintindex":0}}},{"from":[6.9754896,7.8078284,5.3798285],"to":[7.77549,8.379257,7.6655426],"rotation":{"angle":45.0,"axis":"z","origin":[7.261204,8.093543,6.231257]},"faces":{"east":{"uv":[11.004,10.879,11.496,10.996],"rotation":0,"texture":"#6","tintindex":0},"south":{"uv":[13.504,5.254,13.621,5.371],"rotation":0,"texture":"#6","tintindex":0},"north":{"uv":[5.254,13.504,5.371,13.621],"rotation":0,"texture":"#6","tintindex":0},"west":{"uv":[0.004,11.129,0.496,11.246],"rotation":0,"texture":"#6","tintindex":0},"up":{"uv":[8.621,11.496,8.504,11.004],"rotation":0,"texture":"#6","tintindex":0},"down":{"uv":[0.746,11.129,0.629,11.621],"rotation":0,"texture":"#6","tintindex":0}}}],"textures":{"6":"modelengine:entity/fallenheraldvoid"},"display":{"head":{"translation":[0.0,-6.4,0.0],"scale":[4.0,4.0,4.0]}}}