{"elements":[{"from":[7.857143,5.8571424,-3.5714293],"to":[8.142858,10.142858,5.285714],"rotation":{"angle":0.0,"axis":"y","origin":[8.0,8.0,0.0]},"faces":{"east":{"uv":[12.375,10.0,10.5,10.875],"rotation":0,"texture":"#2","tintindex":0},"south":{"uv":[8.5,7.625,8.625,7.75],"rotation":0,"texture":"#2","tintindex":0},"north":{"uv":[8.5,7.625,8.625,7.75],"rotation":0,"texture":"#2","tintindex":0},"west":{"uv":[10.5,10.0,12.375,10.875],"rotation":0,"texture":"#2","tintindex":0},"up":{"uv":[8.5,7.625,8.625,7.75],"rotation":0,"texture":"#2","tintindex":0},"down":{"uv":[8.5,7.625,8.625,7.75],"rotation":0,"texture":"#2","tintindex":0}}},{"from":[8.571428,10.571428,3.4285712],"to":[7.428571,9.428572,-3.4285717],"rotation":{"angle":0.0,"axis":"y","origin":[8.0,8.0,0.0]},"faces":{"east":{"uv":[15.875,15.625,16.0,15.75],"rotation":0,"texture":"#2","tintindex":0},"south":{"uv":[15.75,15.625,16.0,15.75],"rotation":90,"texture":"#2","tintindex":0},"north":{"uv":[15.875,15.375,16.0,15.5],"rotation":0,"texture":"#2","tintindex":0},"west":{"uv":[15.875,15.625,16.0,15.75],"rotation":0,"texture":"#2","tintindex":0},"up":{"uv":[15.875,15.375,16.0,15.5],"rotation":0,"texture":"#2","tintindex":0},"down":{"uv":[15.875,15.625,16.0,15.75],"rotation":0,"texture":"#2","tintindex":0}}},{"from":[8.571428,6.5714283,4.0],"to":[7.428571,5.428571,-3.4285717],"rotation":{"angle":0.0,"axis":"y","origin":[8.0,8.0,0.0]},"faces":{"east":{"uv":[15.875,15.875,16.0,16.0],"rotation":0,"texture":"#2","tintindex":0},"south":{"uv":[16.0,16.0,15.75,15.875],"rotation":90,"texture":"#2","tintindex":0},"north":{"uv":[15.875,15.375,16.0,15.5],"rotation":0,"texture":"#2","tintindex":0},"west":{"uv":[15.875,15.875,16.0,16.0],"rotation":0,"texture":"#2","tintindex":0},"up":{"uv":[15.875,15.875,16.0,16.0],"rotation":0,"texture":"#2","tintindex":0},"down":{"uv":[15.875,15.375,16.0,15.5],"rotation":0,"texture":"#2","tintindex":0}}},{"from":[8.571428,7.142857,6.285714],"to":[7.428571,6.0,-4.000001],"rotation":{"angle":0.0,"axis":"y","origin":[8.0,8.0,0.0]},"faces":{"east":{"uv":[15.875,16.0,16.0,15.8125],"rotation":0,"texture":"#2","tintindex":0},"south":{"uv":[15.875,16.0,16.0,15.8125],"rotation":0,"texture":"#2","tintindex":0},"north":{"uv":[15.875,15.375,16.0,15.5],"rotation":0,"texture":"#2","tintindex":0},"west":{"uv":[15.875,16.0,16.0,15.8125],"rotation":0,"texture":"#2","tintindex":0},"up":{"uv":[14.875,15.875,15.9375,16.0],"rotation":90,"texture":"#2","tintindex":0},"down":{"uv":[15.875,15.375,16.0,15.5],"rotation":0,"texture":"#2","tintindex":0}}},{"from":[8.571428,8.857143,8.0],"to":[7.428571,7.714286,-4.000001],"rotation":{"angle":0.0,"axis":"y","origin":[8.0,8.0,0.0]},"faces":{"east":{"uv":[15.875,15.875,16.0,15.75],"rotation":0,"texture":"#2","tintindex":0},"south":{"uv":[15.875,15.875,16.0,15.75],"rotation":0,"texture":"#2","tintindex":0},"north":{"uv":[15.875,15.375,16.0,15.5],"rotation":0,"texture":"#2","tintindex":0},"west":{"uv":[15.875,15.875,16.0,15.75],"rotation":0,"texture":"#2","tintindex":0},"up":{"uv":[15.875,15.375,16.0,15.5],"rotation":90,"texture":"#2","tintindex":0},"down":{"uv":[15.875,15.375,16.0,15.5],"rotation":0,"texture":"#2","tintindex":0}}},{"from":[8.571428,8.285714,6.285714],"to":[7.428571,7.142857,-4.000001],"rotation":{"angle":0.0,"axis":"y","origin":[8.0,8.0,0.0]},"faces":{"east":{"uv":[15.875,15.875,16.0,15.75],"rotation":0,"texture":"#2","tintindex":0},"south":{"uv":[15.875,15.875,16.0,15.75],"rotation":0,"texture":"#2","tintindex":0},"north":{"uv":[15.875,15.375,16.0,15.5],"rotation":0,"texture":"#2","tintindex":0},"west":{"uv":[15.875,15.875,16.0,15.75],"rotation":0,"texture":"#2","tintindex":0},"up":{"uv":[15.875,15.375,16.0,15.5],"rotation":90,"texture":"#2","tintindex":0},"down":{"uv":[15.875,15.375,16.0,15.5],"rotation":0,"texture":"#2","tintindex":0}}},{"from":[8.571428,10.0,5.714286],"to":[7.428571,8.857143,-4.000001],"rotation":{"angle":0.0,"axis":"y","origin":[8.0,8.0,0.0]},"faces":{"east":{"uv":[15.875,15.78125,16.0,15.6875],"rotation":0,"texture":"#2","tintindex":0},"south":{"uv":[15.875,15.8125,16.0,15.625],"rotation":0,"texture":"#2","tintindex":0},"north":{"uv":[15.875,15.375,16.0,15.5],"rotation":0,"texture":"#2","tintindex":0},"west":{"uv":[15.875,15.78125,16.0,15.6875],"rotation":0,"texture":"#2","tintindex":0},"up":{"uv":[15.875,15.375,16.0,15.5],"rotation":90,"texture":"#2","tintindex":0},"down":{"uv":[15.9375,15.625,14.875,15.75],"rotation":90,"texture":"#2","tintindex":0}}}],"textures":{"2":"modelengine:entity/moon_fang"},"display":{"head":{"translation":[0.0,-6.4,0.0],"scale":[4.0,4.0,4.0]}}}