{"elements":[{"from":[7.9994287,-3.4285717,8.0],"to":[7.9994287,8.0,12.571428],"rotation":{"angle":0.0,"axis":"y","origin":[7.9994287,42.285717,38.857143]},"faces":{"east":{"uv":[9.625,5.0,10.625,7.5],"rotation":0,"texture":"#2","tintindex":0},"south":{"uv":[0.0,0.0,0.0,2.5],"rotation":0,"texture":"#2","tintindex":0},"north":{"uv":[0.0,0.0,0.0,2.5],"rotation":0,"texture":"#2","tintindex":0},"west":{"uv":[9.875,7.5,10.875,10.0],"rotation":0,"texture":"#2","tintindex":0},"up":{"uv":[0.0,1.0,0.0,0.0],"rotation":0,"texture":"#2","tintindex":0},"down":{"uv":[0.0,0.0,0.0,1.0],"rotation":0,"texture":"#2","tintindex":0}}},{"from":[8.570857,8.571428,13.142858],"to":[7.428,1.7142854,11.428572],"rotation":{"angle":0.0,"axis":"y","origin":[7.9994287,42.285717,38.857143]},"faces":{"east":{"uv":[15.875,15.875,16.0,16.0],"rotation":0,"texture":"#2","tintindex":0},"south":{"uv":[15.875,15.375,16.0,15.5],"rotation":0,"texture":"#2","tintindex":0},"north":{"uv":[15.875,15.375,16.0,15.5],"rotation":0,"texture":"#2","tintindex":0},"west":{"uv":[15.875,15.875,16.0,16.0],"rotation":0,"texture":"#2","tintindex":0},"up":{"uv":[15.875,15.375,16.0,15.5],"rotation":0,"texture":"#2","tintindex":0},"down":{"uv":[15.875,15.875,16.0,16.0],"rotation":0,"texture":"#2","tintindex":0}}},{"from":[8.570857,8.571428,9.142858],"to":[7.428,-4.000001,7.428571],"rotation":{"angle":0.0,"axis":"y","origin":[7.9994287,42.285717,38.857143]},"faces":{"east":{"uv":[15.875,15.875,16.0,16.0],"rotation":0,"texture":"#2","tintindex":0},"south":{"uv":[15.875,15.875,16.0,16.0],"rotation":0,"texture":"#2","tintindex":0},"north":{"uv":[15.875,15.375,16.0,15.5],"rotation":0,"texture":"#2","tintindex":0},"west":{"uv":[15.875,15.875,16.0,16.0],"rotation":0,"texture":"#2","tintindex":0},"up":{"uv":[15.875,15.375,16.0,15.5],"rotation":0,"texture":"#2","tintindex":0},"down":{"uv":[15.875,15.875,16.0,16.0],"rotation":0,"texture":"#2","tintindex":0}}},{"from":[8.570857,8.571428,10.285714],"to":[7.428,-2.8571434,8.571428],"rotation":{"angle":0.0,"axis":"y","origin":[7.9994287,42.285717,38.857143]},"faces":{"east":{"uv":[15.875,15.875,16.0,16.0],"rotation":0,"texture":"#2","tintindex":0},"south":{"uv":[15.875,15.375,16.0,15.5],"rotation":0,"texture":"#2","tintindex":0},"north":{"uv":[15.875,15.375,16.0,15.5],"rotation":0,"texture":"#2","tintindex":0},"west":{"uv":[15.875,15.875,16.0,16.0],"rotation":0,"texture":"#2","tintindex":0},"up":{"uv":[15.875,15.375,16.0,15.5],"rotation":0,"texture":"#2","tintindex":0},"down":{"uv":[15.875,15.875,16.0,16.0],"rotation":0,"texture":"#2","tintindex":0}}},{"from":[8.570857,8.571428,11.428572],"to":[7.428,-1.1428576,9.714286],"rotation":{"angle":0.0,"axis":"y","origin":[7.9994287,42.285717,38.857143]},"faces":{"east":{"uv":[15.875,15.875,16.0,16.0],"rotation":0,"texture":"#2","tintindex":0},"south":{"uv":[15.875,15.375,16.0,15.5],"rotation":0,"texture":"#2","tintindex":0},"north":{"uv":[15.875,15.375,16.0,15.5],"rotation":0,"texture":"#2","tintindex":0},"west":{"uv":[15.875,15.875,16.0,16.0],"rotation":0,"texture":"#2","tintindex":0},"up":{"uv":[15.875,15.375,16.0,15.5],"rotation":0,"texture":"#2","tintindex":0},"down":{"uv":[15.875,15.875,16.0,16.0],"rotation":0,"texture":"#2","tintindex":0}}},{"from":[8.570857,8.571428,12.0],"to":[7.428,0.5714283,10.285714],"rotation":{"angle":0.0,"axis":"y","origin":[7.9994287,42.285717,38.857143]},"faces":{"east":{"uv":[15.875,15.875,16.0,16.0],"rotation":0,"texture":"#2","tintindex":0},"south":{"uv":[15.875,15.375,16.0,15.5],"rotation":0,"texture":"#2","tintindex":0},"north":{"uv":[15.875,15.375,16.0,15.5],"rotation":0,"texture":"#2","tintindex":0},"west":{"uv":[15.875,15.875,16.0,16.0],"rotation":0,"texture":"#2","tintindex":0},"up":{"uv":[15.875,15.375,16.0,15.5],"rotation":0,"texture":"#2","tintindex":0},"down":{"uv":[15.875,15.875,16.0,16.0],"rotation":0,"texture":"#2","tintindex":0}}}],"textures":{"2":"modelengine:entity/moon_fang"},"display":{"head":{"translation":[0.0,-6.4,0.0],"scale":[4.0,4.0,4.0]}}}