{"elements":[{"from":[5.142857,8.0,8.0],"to":[8.0,19.428572,13.714286],"rotation":{"angle":0.0,"axis":"y","origin":[6.5714283,-14.857143,40.0]},"faces":{"east":{"uv":[8.375,0.0,9.625,2.5],"rotation":0,"texture":"#2","tintindex":0},"south":{"uv":[10.625,2.5,11.25,5.0],"rotation":0,"texture":"#2","tintindex":0},"north":{"uv":[10.625,0.0,11.25,2.5],"rotation":0,"texture":"#2","tintindex":0},"west":{"uv":[8.375,2.5,9.625,5.0],"rotation":0,"texture":"#2","tintindex":0},"up":{"uv":[11.0,12.125,10.375,10.875],"rotation":0,"texture":"#2","tintindex":0},"down":{"uv":[11.625,10.875,11.0,12.125],"rotation":0,"texture":"#2","tintindex":0}}},{"from":[8.571428,20.0,14.285715],"to":[4.5714283,7.428571,7.428571],"rotation":{"angle":0.0,"axis":"y","origin":[6.5714283,-14.857143,40.0]},"faces":{"east":{"uv":[15.875,15.8125,16.0,15.5625],"rotation":0,"texture":"#2","tintindex":0},"south":{"uv":[15.875,15.8125,16.0,15.5625],"rotation":0,"texture":"#2","tintindex":0},"north":{"uv":[15.875,15.8125,16.0,15.5625],"rotation":0,"texture":"#2","tintindex":0},"west":{"uv":[15.875,15.8125,16.0,15.5625],"rotation":0,"texture":"#2","tintindex":0},"up":{"uv":[15.875,15.8125,16.0,15.75],"rotation":0,"texture":"#2","tintindex":0},"down":{"uv":[15.875,15.625,16.0,15.5625],"rotation":0,"texture":"#2","tintindex":0}}}],"textures":{"2":"modelengine:entity/moon_fang"},"display":{"head":{"translation":[0.0,-6.4,0.0],"scale":[4.0,4.0,4.0]}}}