{"elements":[{"from":[7.9994287,8.0,8.0],"to":[7.9994287,19.428572,12.571428],"rotation":{"angle":0.0,"axis":"y","origin":[7.9994287,-26.285717,38.857143]},"faces":{"east":{"uv":[9.625,0.0,10.625,2.5],"rotation":0,"texture":"#2","tintindex":0},"south":{"uv":[0.0,0.0,0.0,2.5],"rotation":0,"texture":"#2","tintindex":0},"north":{"uv":[0.0,0.0,0.0,2.5],"rotation":0,"texture":"#2","tintindex":0},"west":{"uv":[9.625,2.5,10.625,5.0],"rotation":0,"texture":"#2","tintindex":0},"up":{"uv":[0.0,1.0,0.0,0.0],"rotation":0,"texture":"#2","tintindex":0},"down":{"uv":[0.0,0.0,0.0,1.0],"rotation":0,"texture":"#2","tintindex":0}}},{"from":[8.570857,14.285715,13.142858],"to":[7.428,7.428571,11.428572],"rotation":{"angle":0.0,"axis":"y","origin":[7.9994287,-26.285717,38.857143]},"faces":{"east":{"uv":[15.875,15.5,16.0,15.625],"rotation":0,"texture":"#2","tintindex":0},"south":{"uv":[15.875,15.375,16.0,15.5],"rotation":0,"texture":"#2","tintindex":0},"north":{"uv":[15.875,15.375,16.0,15.5],"rotation":0,"texture":"#2","tintindex":0},"west":{"uv":[15.875,15.5,16.0,15.625],"rotation":0,"texture":"#2","tintindex":0},"up":{"uv":[15.875,15.5,16.0,15.625],"rotation":0,"texture":"#2","tintindex":0},"down":{"uv":[15.875,15.375,16.0,15.5],"rotation":0,"texture":"#2","tintindex":0}}},{"from":[8.570857,18.285715,9.142858],"to":[7.428,7.428571,7.428571],"rotation":{"angle":0.0,"axis":"y","origin":[7.9994287,-26.285717,38.857143]},"faces":{"east":{"uv":[15.875,15.5,16.0,15.625],"rotation":0,"texture":"#2","tintindex":0},"south":{"uv":[15.875,15.5,16.0,15.625],"rotation":0,"texture":"#2","tintindex":0},"north":{"uv":[15.875,15.375,16.0,15.5],"rotation":0,"texture":"#2","tintindex":0},"west":{"uv":[15.875,15.5,16.0,15.625],"rotation":0,"texture":"#2","tintindex":0},"up":{"uv":[15.875,15.5,16.0,15.625],"rotation":0,"texture":"#2","tintindex":0},"down":{"uv":[15.875,15.375,16.0,15.5],"rotation":0,"texture":"#2","tintindex":0}}},{"from":[8.570857,20.0,9.714286],"to":[7.428,7.428571,8.0],"rotation":{"angle":0.0,"axis":"y","origin":[7.9994287,-26.285717,38.857143]},"faces":{"east":{"uv":[15.875,15.5,16.0,15.625],"rotation":0,"texture":"#2","tintindex":0},"south":{"uv":[15.875,15.375,16.0,15.5],"rotation":0,"texture":"#2","tintindex":0},"north":{"uv":[15.875,15.375,16.0,15.5],"rotation":0,"texture":"#2","tintindex":0},"west":{"uv":[15.875,15.5,16.0,15.625],"rotation":0,"texture":"#2","tintindex":0},"up":{"uv":[15.875,15.5,16.0,15.625],"rotation":0,"texture":"#2","tintindex":0},"down":{"uv":[15.875,15.375,16.0,15.5],"rotation":0,"texture":"#2","tintindex":0}}},{"from":[8.570857,18.857143,10.857143],"to":[7.428,7.428571,9.142858],"rotation":{"angle":0.0,"axis":"y","origin":[7.9994287,-26.285717,38.857143]},"faces":{"east":{"uv":[15.875,15.5,16.0,15.625],"rotation":0,"texture":"#2","tintindex":0},"south":{"uv":[15.875,15.375,16.0,15.5],"rotation":0,"texture":"#2","tintindex":0},"north":{"uv":[15.875,15.375,16.0,15.5],"rotation":0,"texture":"#2","tintindex":0},"west":{"uv":[15.875,15.5,16.0,15.625],"rotation":0,"texture":"#2","tintindex":0},"up":{"uv":[15.875,15.5,16.0,15.625],"rotation":0,"texture":"#2","tintindex":0},"down":{"uv":[15.875,15.375,16.0,15.5],"rotation":0,"texture":"#2","tintindex":0}}},{"from":[8.570857,17.714287,11.428572],"to":[7.428,7.428571,9.714286],"rotation":{"angle":0.0,"axis":"y","origin":[7.9994287,-26.285717,38.857143]},"faces":{"east":{"uv":[15.875,15.5,16.0,15.625],"rotation":0,"texture":"#2","tintindex":0},"south":{"uv":[15.875,15.375,16.0,15.5],"rotation":0,"texture":"#2","tintindex":0},"north":{"uv":[15.875,15.375,16.0,15.5],"rotation":0,"texture":"#2","tintindex":0},"west":{"uv":[15.875,15.5,16.0,15.625],"rotation":0,"texture":"#2","tintindex":0},"up":{"uv":[15.875,15.5,16.0,15.625],"rotation":0,"texture":"#2","tintindex":0},"down":{"uv":[15.875,15.375,16.0,15.5],"rotation":0,"texture":"#2","tintindex":0}}},{"from":[8.570857,16.57143,12.571428],"to":[7.428,7.428571,10.857143],"rotation":{"angle":0.0,"axis":"y","origin":[7.9994287,-26.285717,38.857143]},"faces":{"east":{"uv":[15.875,15.5,16.0,15.625],"rotation":0,"texture":"#2","tintindex":0},"south":{"uv":[15.875,15.375,16.0,15.5],"rotation":0,"texture":"#2","tintindex":0},"north":{"uv":[15.875,15.375,16.0,15.5],"rotation":0,"texture":"#2","tintindex":0},"west":{"uv":[15.875,15.5,16.0,15.625],"rotation":0,"texture":"#2","tintindex":0},"up":{"uv":[15.875,15.5,16.0,15.625],"rotation":0,"texture":"#2","tintindex":0},"down":{"uv":[15.875,15.375,16.0,15.5],"rotation":0,"texture":"#2","tintindex":0}}}],"textures":{"2":"modelengine:entity/moon_fang"},"display":{"head":{"translation":[0.0,-6.4,0.0],"scale":[4.0,4.0,4.0]}}}