{"elements":[{"from":[10.571428,17.857143,8.571428],"to":[5.428571,-1.5714293,0.5714283],"rotation":{"angle":0.0,"axis":"y","origin":[8.0,-5.5714293,33.714287]},"faces":{"east":{"uv":[15.875,15.875,16.0,15.625],"rotation":0,"texture":"#2","tintindex":0},"south":{"uv":[15.875,15.875,16.0,15.625],"rotation":0,"texture":"#2","tintindex":0},"north":{"uv":[15.875,15.875,16.0,15.625],"rotation":0,"texture":"#2","tintindex":0},"west":{"uv":[15.875,15.875,16.0,15.625],"rotation":0,"texture":"#2","tintindex":0},"up":{"uv":[15.875,15.875,16.0,15.75],"rotation":0,"texture":"#2","tintindex":0},"down":{"uv":[15.875,15.75,16.0,15.625],"rotation":0,"texture":"#2","tintindex":0}}},{"from":[7.9942856,-3.148572,7.9942856],"to":[8.005714,19.148571,26.862858],"rotation":{"angle":0.0,"axis":"y","origin":[8.0,8.0,23.714287]},"faces":{"east":{"uv":[0.0,0.0,4.125,4.875],"rotation":0,"texture":"#2","tintindex":0},"south":{"uv":[0.0,0.0,0.0,5.875],"rotation":0,"texture":"#2","tintindex":0},"north":{"uv":[0.0,0.0,0.0,5.875],"rotation":0,"texture":"#2","tintindex":0},"west":{"uv":[4.125,0.0,0.0,4.875],"rotation":0,"texture":"#2","tintindex":0},"up":{"uv":[0.0,6.875,0.0,0.0],"rotation":0,"texture":"#2","tintindex":0},"down":{"uv":[0.0,0.0,0.0,6.875],"rotation":0,"texture":"#2","tintindex":0}}},{"from":[8.571428,-2.0,22.285715],"to":[7.428571,-3.7142859,7.428571],"rotation":{"angle":0.0,"axis":"y","origin":[8.0,8.0,23.714287]},"faces":{"east":{"uv":[15.875,15.875,16.0,16.0],"rotation":0,"texture":"#2","tintindex":0},"south":{"uv":[15.875,15.875,16.0,16.0],"rotation":0,"texture":"#2","tintindex":0},"north":{"uv":[15.875,15.375,16.0,15.5],"rotation":0,"texture":"#2","tintindex":0},"west":{"uv":[15.875,15.875,16.0,16.0],"rotation":0,"texture":"#2","tintindex":0},"up":{"uv":[15.875,15.375,16.0,15.5],"rotation":0,"texture":"#2","tintindex":0},"down":{"uv":[15.875,15.375,16.0,15.5],"rotation":0,"texture":"#2","tintindex":0}}},{"from":[8.571428,-1.4285717,25.714287],"to":[7.428571,-3.1428576,7.428571],"rotation":{"angle":0.0,"axis":"y","origin":[8.0,8.0,23.714287]},"faces":{"east":{"uv":[15.875,15.875,16.0,16.0],"rotation":0,"texture":"#2","tintindex":0},"south":{"uv":[15.875,15.875,16.0,16.0],"rotation":0,"texture":"#2","tintindex":0},"north":{"uv":[15.875,15.375,16.0,15.5],"rotation":0,"texture":"#2","tintindex":0},"west":{"uv":[15.875,15.875,16.0,16.0],"rotation":0,"texture":"#2","tintindex":0},"up":{"uv":[15.875,15.375,16.0,15.5],"rotation":0,"texture":"#2","tintindex":0},"down":{"uv":[15.875,15.375,16.0,15.5],"rotation":0,"texture":"#2","tintindex":0}}},{"from":[8.571428,-0.2857151,27.428572],"to":[7.428571,-2.0,7.428571],"rotation":{"angle":0.0,"axis":"y","origin":[8.0,8.0,23.714287]},"faces":{"east":{"uv":[15.875,15.875,16.0,16.0],"rotation":0,"texture":"#2","tintindex":0},"south":{"uv":[15.875,15.875,16.0,16.0],"rotation":0,"texture":"#2","tintindex":0},"north":{"uv":[15.875,15.375,16.0,15.5],"rotation":0,"texture":"#2","tintindex":0},"west":{"uv":[15.875,15.875,16.0,16.0],"rotation":0,"texture":"#2","tintindex":0},"up":{"uv":[15.875,15.375,16.0,15.5],"rotation":0,"texture":"#2","tintindex":0},"down":{"uv":[15.875,15.375,16.0,15.5],"rotation":0,"texture":"#2","tintindex":0}}},{"from":[8.571428,0.85714245,26.857143],"to":[7.428571,-0.8571434,7.428571],"rotation":{"angle":0.0,"axis":"y","origin":[8.0,8.0,23.714287]},"faces":{"east":{"uv":[15.875,15.875,16.0,16.0],"rotation":0,"texture":"#2","tintindex":0},"south":{"uv":[15.875,15.875,16.0,16.0],"rotation":0,"texture":"#2","tintindex":0},"north":{"uv":[15.875,15.375,16.0,15.5],"rotation":0,"texture":"#2","tintindex":0},"west":{"uv":[15.875,15.875,16.0,16.0],"rotation":0,"texture":"#2","tintindex":0},"up":{"uv":[15.875,15.375,16.0,15.5],"rotation":0,"texture":"#2","tintindex":0},"down":{"uv":[15.875,15.375,16.0,15.5],"rotation":0,"texture":"#2","tintindex":0}}},{"from":[8.571428,1.9999995,25.142859],"to":[7.428571,0.28571415,7.428571],"rotation":{"angle":0.0,"axis":"y","origin":[8.0,8.0,23.714287]},"faces":{"east":{"uv":[15.875,15.875,16.0,16.0],"rotation":0,"texture":"#2","tintindex":0},"south":{"uv":[15.875,15.875,16.0,16.0],"rotation":0,"texture":"#2","tintindex":0},"north":{"uv":[15.875,15.375,16.0,15.5],"rotation":0,"texture":"#2","tintindex":0},"west":{"uv":[15.875,15.875,16.0,16.0],"rotation":0,"texture":"#2","tintindex":0},"up":{"uv":[15.875,15.375,16.0,15.5],"rotation":0,"texture":"#2","tintindex":0},"down":{"uv":[15.875,15.375,16.0,15.5],"rotation":0,"texture":"#2","tintindex":0}}},{"from":[8.571428,3.142857,25.142859],"to":[7.428571,1.9999995,7.428571],"rotation":{"angle":0.0,"axis":"y","origin":[8.0,8.0,23.714287]},"faces":{"east":{"uv":[15.875,15.75,16.0,15.875],"rotation":0,"texture":"#2","tintindex":0},"south":{"uv":[15.875,15.75,16.0,15.875],"rotation":0,"texture":"#2","tintindex":0},"north":{"uv":[15.875,15.375,16.0,15.5],"rotation":0,"texture":"#2","tintindex":0},"west":{"uv":[15.875,15.75,16.0,15.875],"rotation":0,"texture":"#2","tintindex":0},"up":{"uv":[15.875,15.25,16.0,15.375],"rotation":0,"texture":"#2","tintindex":0},"down":{"uv":[15.875,15.375,16.0,15.5],"rotation":0,"texture":"#2","tintindex":0}}},{"from":[8.571428,4.285714,24.57143],"to":[7.428571,2.5714283,7.428571],"rotation":{"angle":0.0,"axis":"y","origin":[8.0,8.0,23.714287]},"faces":{"east":{"uv":[15.875,15.75,16.0,15.875],"rotation":0,"texture":"#2","tintindex":0},"south":{"uv":[15.875,15.75,16.0,15.875],"rotation":0,"texture":"#2","tintindex":0},"north":{"uv":[15.875,15.375,16.0,15.5],"rotation":0,"texture":"#2","tintindex":0},"west":{"uv":[15.875,15.75,16.0,15.875],"rotation":0,"texture":"#2","tintindex":0},"up":{"uv":[15.875,15.25,16.0,15.375],"rotation":0,"texture":"#2","tintindex":0},"down":{"uv":[15.875,15.375,16.0,15.5],"rotation":0,"texture":"#2","tintindex":0}}},{"from":[8.571428,5.428571,22.285715],"to":[7.428571,3.7142854,7.428571],"rotation":{"angle":0.0,"axis":"y","origin":[8.0,8.0,23.714287]},"faces":{"east":{"uv":[15.875,15.75,16.0,15.875],"rotation":0,"texture":"#2","tintindex":0},"south":{"uv":[15.875,15.75,16.0,15.875],"rotation":0,"texture":"#2","tintindex":0},"north":{"uv":[15.875,15.375,16.0,15.5],"rotation":0,"texture":"#2","tintindex":0},"west":{"uv":[15.875,15.75,16.0,15.875],"rotation":0,"texture":"#2","tintindex":0},"up":{"uv":[15.875,15.25,16.0,15.375],"rotation":0,"texture":"#2","tintindex":0},"down":{"uv":[15.875,15.375,16.0,15.5],"rotation":0,"texture":"#2","tintindex":0}}},{"from":[8.571428,8.285714,25.142859],"to":[7.428571,6.5714283,7.428571],"rotation":{"angle":0.0,"axis":"y","origin":[8.0,8.0,23.714287]},"faces":{"east":{"uv":[15.875,15.75,16.0,15.875],"rotation":0,"texture":"#2","tintindex":0},"south":{"uv":[15.875,15.75,16.0,15.875],"rotation":0,"texture":"#2","tintindex":0},"north":{"uv":[15.875,15.375,16.0,15.5],"rotation":0,"texture":"#2","tintindex":0},"west":{"uv":[15.875,15.75,16.0,15.875],"rotation":0,"texture":"#2","tintindex":0},"up":{"uv":[15.875,15.25,16.0,15.375],"rotation":0,"texture":"#2","tintindex":0},"down":{"uv":[15.875,15.375,16.0,15.5],"rotation":0,"texture":"#2","tintindex":0}}},{"from":[8.571428,9.428572,27.428572],"to":[7.428571,7.714286,7.428571],"rotation":{"angle":0.0,"axis":"y","origin":[8.0,8.0,23.714287]},"faces":{"east":{"uv":[15.875,15.75,16.0,15.875],"rotation":0,"texture":"#2","tintindex":0},"south":{"uv":[15.875,15.75,16.0,15.875],"rotation":0,"texture":"#2","tintindex":0},"north":{"uv":[15.875,15.375,16.0,15.5],"rotation":0,"texture":"#2","tintindex":0},"west":{"uv":[15.875,15.75,16.0,15.875],"rotation":0,"texture":"#2","tintindex":0},"up":{"uv":[15.875,15.25,16.0,15.375],"rotation":0,"texture":"#2","tintindex":0},"down":{"uv":[15.875,15.375,16.0,15.5],"rotation":0,"texture":"#2","tintindex":0}}},{"from":[8.571428,10.571428,27.428572],"to":[7.428571,9.428572,7.428571],"rotation":{"angle":0.0,"axis":"y","origin":[8.0,8.0,23.714287]},"faces":{"east":{"uv":[15.875,15.625,16.0,15.75],"rotation":0,"texture":"#2","tintindex":0},"south":{"uv":[15.875,15.625,16.0,15.75],"rotation":0,