{"elements":[{"from":[6.5714283,6.5714283,6.5714283],"to":[9.428572,9.428572,9.428572],"rotation":{"angle":0.0,"axis":"y","origin":[4.5714283,-1.1428576,21.714287]},"faces":{"east":{"uv":[5.9375,6.9375,6.25,7.25],"rotation":0,"texture":"#2","tintindex":0},"south":{"uv":[5.625,6.9375,5.9375,7.25],"rotation":0,"texture":"#2","tintindex":0},"north":{"uv":[5.9375,7.25,6.25,7.5625],"rotation":0,"texture":"#2","tintindex":0},"west":{"uv":[5.625,7.5625,5.9375,7.875],"rotation":0,"texture":"#2","tintindex":0},"up":{"uv":[5.9375,7.5625,6.25,7.875],"rotation":0,"texture":"#2","tintindex":0},"down":{"uv":[5.625,7.25,5.9375,7.5625],"rotation":0,"texture":"#2","tintindex":0}}}],"textures":{"2":"modelengine:entity/ruination"},"display":{"head":{"translation":[0.0,-6.4,0.0],"scale":[4.0,4.0,4.0]}}}