{"elements":[{"from":[6.857143,6.857143,6.857143],"to":[9.142858,9.142858,9.142858],"rotation":{"angle":0.0,"axis":"y","origin":[4.5714283,-1.1428576,21.428572]},"faces":{"east":{"uv":[5.9375,8.0,6.1875,8.25],"rotation":0,"texture":"#2","tintindex":0},"south":{"uv":[5.625,8.0,5.875,8.25],"rotation":0,"texture":"#2","tintindex":0},"north":{"uv":[5.9375,8.3125,6.1875,8.5625],"rotation":0,"texture":"#2","tintindex":0},"west":{"uv":[5.625,8.625,5.875,8.875],"rotation":0,"texture":"#2","tintindex":0},"up":{"uv":[5.9375,8.625,6.1875,8.875],"rotation":0,"texture":"#2","tintindex":0},"down":{"uv":[5.625,8.3125,5.875,8.5625],"rotation":0,"texture":"#2","tintindex":0}}}],"textures":{"2":"modelengine:entity/ruination"},"display":{"head":{"translation":[0.0,-6.4,0.0],"scale":[4.0,4.0,4.0]}}}