{"elements":[{"from":[8.0,5.428571,-4.000001],"to":[8.0,8.857143,5.142857],"rotation":{"angle":0.0,"axis":"y","origin":[4.5714283,-0.2857151,13.142858]},"faces":{"east":{"uv":[0.0,0.5,4.0,2.0],"rotation":0,"texture":"#0","tintindex":0},"south":{"uv":[0.0,0.0,0.0,2.0],"rotation":0,"texture":"#0","tintindex":0},"north":{"uv":[0.0,0.0,0.0,2.0],"rotation":0,"texture":"#0","tintindex":0},"west":{"uv":[4.0,0.5,0.0,2.0],"rotation":0,"texture":"#0","tintindex":0},"up":{"uv":[0.0,4.0,0.0,0.0],"rotation":0,"texture":"#0","tintindex":0},"down":{"uv":[0.0,0.0,0.0,4.0],"rotation":0,"texture":"#0","tintindex":0}}},{"from":[7.9428573,8.0,-3.7142859],"to":[7.9428573,9.142858,1.4285712],"rotation":{"angle":0.0,"axis":"y","origin":[4.5714283,-0.2857151,13.142858]},"faces":{"east":{"uv":[15.75,15.125,16.0,15.5625],"rotation":90,"texture":"#0","tintindex":0},"south":{"uv":[15.75,14.75,16.0,15.0],"rotation":0,"texture":"#0","tintindex":0},"north":{"uv":[15.75,14.75,16.0,15.0],"rotation":0,"texture":"#0","tintindex":0},"west":{"uv":[15.75,14.75,16.0,15.0],"rotation":0,"texture":"#0","tintindex":0},"up":{"uv":[15.75,14.75,16.0,15.0],"rotation":0,"texture":"#0","tintindex":0},"down":{"uv":[15.75,14.75,16.0,15.0],"rotation":0,"texture":"#0","tintindex":0}}},{"from":[7.9428573,7.428571,-2.0],"to":[7.9428573,8.571428,1.4285712],"rotation":{"angle":0.0,"axis":"y","origin":[4.5714283,-0.2857151,13.142858]},"faces":{"east":{"uv":[15.75,15.25,16.0,15.75],"rotation":90,"texture":"#0","tintindex":0},"south":{"uv":[15.75,14.75,16.0,15.0],"rotation":0,"texture":"#0","tintindex":0},"north":{"uv":[15.75,14.75,16.0,15.0],"rotation":0,"texture":"#0","tintindex":0},"west":{"uv":[15.75,14.75,16.0,15.0],"rotation":0,"texture":"#0","tintindex":0},"up":{"uv":[15.75,14.75,16.0,15.0],"rotation":0,"texture":"#0","tintindex":0},"down":{"uv":[15.75,14.75,16.0,15.0],"rotation":0,"texture":"#0","tintindex":0}}},{"from":[7.9428573,6.857143,-0.8571434],"to":[7.9428573,8.0,3.142857],"rotation":{"angle":0.0,"axis":"y","origin":[4.5714283,-0.2857151,13.142858]},"faces":{"east":{"uv":[15.75,15.375,16.0,15.7125],"rotation":90,"texture":"#0","tintindex":0},"south":{"uv":[15.75,14.75,16.0,15.0],"rotation":0,"texture":"#0","tintindex":0},"north":{"uv":[15.75,14.75,16.0,15.0],"rotation":0,"texture":"#0","tintindex":0},"west":{"uv":[15.75,14.75,16.0,15.0],"rotation":0,"texture":"#0","tintindex":0},"up":{"uv":[15.75,14.75,16.0,15.0],"rotation":0,"texture":"#0","tintindex":0},"down":{"uv":[15.75,14.75,16.0,15.0],"rotation":0,"texture":"#0","tintindex":0}}},{"from":[7.9428573,5.714286,-4.285715],"to":[7.9428573,6.857143,3.7142854],"rotation":{"angle":0.0,"axis":"y","origin":[4.5714283,-0.2857151,13.142858]},"faces":{"east":{"uv":[15.75,15.25,16.0,15.6875],"rotation":90,"texture":"#0","tintindex":0},"south":{"uv":[15.75,14.75,16.0,15.0],"rotation":0,"texture":"#0","tintindex":0},"north":{"uv":[15.75,14.75,16.0,15.0],"rotation":0,"texture":"#0","tintindex":0},"west":{"uv":[15.75,14.75,16.0,15.0],"rotation":0,"texture":"#0","tintindex":0},"up":{"uv":[15.75,14.75,16.0,15.0],"rotation":0,"texture":"#0","tintindex":0},"down":{"uv":[15.75,14.75,16.0,15.0],"rotation":0,"texture":"#0","tintindex":0}}},{"from":[7.9428573,6.857143,-4.285715],"to":[7.9428573,7.428571,-0.8571434],"rotation":{"angle":0.0,"axis":"y","origin":[4.5714283,-0.2857151,13.142858]},"faces":{"east":{"uv":[15.75,15.0,16.0,15.375],"rotation":90,"texture":"#0","tintindex":0},"south":{"uv":[15.75,14.75,16.0,15.0],"rotation":0,"texture":"#0","tintindex":0},"north":{"uv":[15.75,14.75,16.0,15.0],"rotation":0,"texture":"#0","tintindex":0},"west":{"uv":[15.75,14.75,16.0,15.0],"rotation":0,"texture":"#0","tintindex":0},"up":{"uv":[15.75,14.75,16.0,15.0],"rotation":0,"texture":"#0","tintindex":0},"down":{"uv":[15.75,14.75,16.0,15.0],"rotation":0,"texture":"#0","tintindex":0}}},{"from":[7.9428573,5.142857,-4.1142864],"to":[7.9428573,6.285714,5.428571],"rotation":{"angle":0.0,"axis":"y","origin":[4.5714283,-0.2857151,13.142858]},"faces":{"east":{"uv":[15.75,15.25,16.0,15.75],"rotation":90,"texture":"#0","tintindex":0},"south":{"uv":[15.75,14.75,16.0,15.0],"rotation":0,"texture":"#0","tintindex":0},"north":{"uv":[15.75,14.75,16.0,15.0],"rotation":0,"texture":"#0","tintindex":0},"west":{"uv":[15.75,14.75,16.0,15.0],"rotation":0,"texture":"#0","tintindex":0},"up":{"uv":[15.75,14.75,16.0,15.0],"rotation":0,"texture":"#0","tintindex":0},"down":{"uv":[15.75,14.75,16.0,15.0],"rotation":0,"texture":"#0","tintindex":0}}},{"from":[7.9942856,5.422857,-10.862858],"to":[8.005714,7.1485715,-3.9942865],"rotation":{"angle":45.0,"axis":"x","origin":[8.000571,5.428571,-4.000001]},"faces":{"east":{"uv":[11.75,6.75,8.75,7.5],"rotation":0,"texture":"#0","tintindex":0},"south":{"uv":[15.75,14.25,16.0,14.5],"rotation":0,"texture":"#0","tintindex":0},"north":{"uv":[15.75,14.25,16.0,14.5],"rotation":0,"texture":"#0","tintindex":0},"west":{"uv":[8.75,6.75,11.75,7.5],"rotation":0,"texture":"#0","tintindex":0},"up":{"uv":[15.75,14.25,16.0,14.5],"rotation":0,"texture":"#0","tintindex":0},"down":{"uv":[15.75,14.25,16.0,14.5],"rotation":0,"texture":"#0","tintindex":0}}},{"from":[7.9428573,5.142857,-11.1428585],"to":[7.9428573,6.285714,-3.8714285],"rotation":{"angle":45.0,"axis":"x","origin":[8.000571,5.428571,-4.000001]},"faces":{"east":{"uv":[15.75,15.0,16.0,15.375],"rotation":90,"texture":"#0","tintindex":0},"south":{"uv":[15.75,14.75,16.0,15.0],"rotation":0,"texture":"#0","tintindex":0},"north":{"uv":[15.75,14.75,16.0,15.0],"rotation":0,"texture":"#0","tintindex":0},"west":{"uv":[15.75,14.75,16.0,15.0],"rotation":0,"texture":"#0","tintindex":0},"up":{"uv":[15.75,14.75,16.0,15.0],"rotation":0,"texture":"#0","tintindex":0},"down":{"uv":[15.75,14.75,16.0,15.0],"rotation":0,"texture":"#0","tintindex":0}}},{"from":[7.9428573,5.714286,-8.857143],"to":[7.9428573,6.857143,-6.4428577],"rotation":{"angle":45.0,"axis":"x","origin":[8.000571,5.428571,-4.000001]},"faces":{"east":{"uv":[15.75,15.0,16.0,15.25],"rotation":90,"texture":"#0","tintindex":0},"south":{"uv":[15.75,14.75,16.0,15.0],"rotation":0,"texture":"#0","tintindex":0},"north":{"uv":[15.75,14.75,16.0,15.0],"rotation":0,"texture":"#0","tintindex":0},"west":{"uv":[15.75,14.75,16.0,15.0],"rotation":0,"texture":"#0","tintindex":0},"up":{"uv":[15.75,14.75,16.0,15.0],"rotation":0,"texture":"#0","tintindex":0},"down":{"uv":[15.75,14.75,16.0,15.0],"rotation":0,"texture":"#0","tintindex":0}}},{"from":[7.9428573,6.285714,-6.5714293],"to":[7.9428573,7.428571,-3.8714285],"rotation":{"angle":45.0,"axis":"x","origin":[8.000571,5.428571,-4.000001]},"faces":{"east":{"uv":[15.75,15.0,16.0,15.25],"rotation":90,"texture":"#0","tintindex":0},"south":{"uv":[15.75,14.75,16.0,15.0],"rotation":0,"texture":"#0","tintindex":0},"north":{"uv":[15.75,14.75,16.0,15.0],"rotation":0,"texture":"#0","tintindex":0},"west":{"uv":[15.75,14.75,16.0,15.0],"rotation":0,"texture":"#0","tintindex":0},"up":{"uv":[15.75,14.75,16.0,15.0],"rotation":0,"texture":"#0","tintindex":0},"down":{"uv":[15.75,14.75,16.0,15.0],"rotation":0,"texture":"#0","tintindex":0}}},{"from":[8.057143,8.0,-3.7142859],"to":[8.057143,9.142858,1.4285712],"rotation":{"angle":0.0,"axis":"y","origin":[11.428572,-0.2857151,13.142858]},"faces":{"east":{"uv":[16.0,14.75,15.75,15.0],"rotation":0,"texture":"#0","tintindex":0},"south":{"uv":[16.0,14.75,15.75,15.0],"rotation":0,"texture":"#0","tintindex":0},"north":{"uv":[16.0,14.75,15.75,15.0],"rotation":0,"texture":"#0","tintindex":0},"west":{"uv":[15.75,15.5625,16.0,15.125],"rotation":90,"texture":"#0","tintindex":0},"up":{"uv":[16.0,14.75,15.75,15.0],"rotation":0,"texture":"#0","tintindex":0},"down":{"uv":[16.0,14.75,15.75,15.0],"rotation":0,"texture":"#0","tintindex":0}}},{"from":[8.057143,7.428571,-2.0],"to":[8.057143,8.571428,1.4285712],"rotation":{"angle":0.0,"axis":"y","origin":[11.428572,-0.2857151,13.142858]},"faces":{"east":{"uv":[16.0,14.75,15.75,15.0],"rotation":0,"texture":"#0","tintindex":0},"south":{"uv":[16.0,14.75,15.75,15.0],"rotation":0,"texture":"#0",