{"elements":[{"from":[9.571428,9.0,8.428572],"to":[6.428571,5.8571424,6.428571],"rotation":{"angle":22.5,"axis":"x","origin":[8.0,7.428571,7.714286]},"faces":{"east":{"uv":[16.0,15.75,15.75,16.0],"rotation":0,"texture":"#0","tintindex":0},"south":{"uv":[16.0,15.75,15.75,16.0],"rotation":0,"texture":"#0","tintindex":0},"north":{"uv":[16.0,14.75,15.75,15.0],"rotation":0,"texture":"#0","tintindex":0},"west":{"uv":[16.0,14.75,15.75,15.0],"rotation":0,"texture":"#0","tintindex":0},"up":{"uv":[16.0,15.75,15.75,16.0],"rotation":0,"texture":"#0","tintindex":0},"down":{"uv":[16.0,14.75,15.75,15.0],"rotation":0,"texture":"#0","tintindex":0}}},{"from":[6.714286,6.142857,6.714286],"to":[9.285714,8.714286,8.142858],"rotation":{"angle":22.5,"axis":"x","origin":[8.0,7.428571,7.714286]},"faces":{"east":{"uv":[5.25,12.75,5.75,13.75],"rotation":0,"texture":"#0","tintindex":0},"south":{"uv":[11.75,7.0,12.75,8.0],"rotation":0,"texture":"#0","tintindex":0},"north":{"uv":[11.75,6.0,12.75,7.0],"rotation":0,"texture":"#0","tintindex":0},"west":{"uv":[12.75,6.0,13.25,7.0],"rotation":0,"texture":"#0","tintindex":0},"up":{"uv":[13.75,7.5,12.75,7.0],"rotation":0,"texture":"#0","tintindex":0},"down":{"uv":[13.75,7.5,12.75,8.0],"rotation":0,"texture":"#0","tintindex":0}}},{"from":[6.8514285,3.4228568,7.4228573],"to":[9.148571,7.4342856,9.72],"rotation":{"angle":0.0,"axis":"y","origin":[9.142858,3.4285712,8.571428]},"faces":{"east":{"uv":[8.25,9.5,9.25,11.25],"rotation":0,"texture":"#0","tintindex":0},"south":{"uv":[9.25,9.5,10.25,11.25],"rotation":0,"texture":"#0","tintindex":0},"north":{"uv":[5.0,9.25,6.0,11.0],"rotation":0,"texture":"#0","tintindex":0},"west":{"uv":[1.0,10.0,2.0,11.75],"rotation":0,"texture":"#0","tintindex":0},"up":{"uv":[2.0,12.75,1.0,11.75],"rotation":0,"texture":"#0","tintindex":0},"down":{"uv":[3.0,11.75,2.0,12.75],"rotation":0,"texture":"#0","tintindex":0}}},{"from":[9.428572,7.714286,10.0],"to":[6.5714283,3.142857,7.142857],"rotation":{"angle":0.0,"axis":"y","origin":[9.142858,3.4285712,8.571428]},"faces":{"east":{"uv":[16.0,15.75,15.75,16.0],"rotation":0,"texture":"#0","tintindex":0},"south":{"uv":[16.0,15.75,15.75,16.0],"rotation":0,"texture":"#0","tintindex":0},"north":{"uv":[16.0,15.75,15.75,16.0],"rotation":0,"texture":"#0","tintindex":0},"west":{"uv":[16.0,15.75,15.75,16.0],"rotation":0,"texture":"#0","tintindex":0},"up":{"uv":[16.0,15.75,15.75,16.0],"rotation":0,"texture":"#0","tintindex":0},"down":{"uv":[16.0,14.75,15.75,15.0],"rotation":0,"texture":"#0","tintindex":0}}}],"textures":{"0":"modelengine:entity/possessed_ruin_armor"},"display":{"head":{"translation":[0.0,-6.4,0.0],"scale":[4.0,4.0,4.0]}}}