{"elements":[{"from":[7.428571,3.3857126,7.428571],"to":[8.571428,26.242857,8.571428],"rotation":{"angle":0.0,"axis":"y","origin":[8.0,3.3857126,-10.285715]},"faces":{"east":{"uv":[4.625,6.125,4.75,8.625],"rotation":0,"texture":"#2","tintindex":0},"south":{"uv":[4.75,6.125,4.875,8.625],"rotation":0,"texture":"#2","tintindex":0},"north":{"uv":[4.5,6.125,4.625,8.625],"rotation":0,"texture":"#2","tintindex":0},"west":{"uv":[4.875,6.125,5.0,8.625],"rotation":0,"texture":"#2","tintindex":0},"up":{"uv":[4.125,6.6875,4.0,6.5625],"rotation":0,"texture":"#2","tintindex":0},"down":{"uv":[4.25,6.5625,4.125,6.6875],"rotation":0,"texture":"#2","tintindex":0}}},{"from":[8.0,26.242857,7.142857],"to":[8.0,31.385714,8.857143],"rotation":{"angle":0.0,"axis":"y","origin":[8.0,3.3857126,-10.285715]},"faces":{"east":{"uv":[1.9375,2.75,2.125,3.3125],"rotation":0,"texture":"#2","tintindex":0},"south":{"uv":[0.0,0.0,0.0,0.5625],"rotation":0,"texture":"#2","tintindex":0},"north":{"uv":[0.0,0.0,0.0,0.5625],"rotation":0,"texture":"#2","tintindex":0},"west":{"uv":[2.125,2.75,1.9375,3.3125],"rotation":0,"texture":"#2","tintindex":0},"up":{"uv":[0.0,0.1875,0.0,0.0],"rotation":0,"texture":"#2","tintindex":0},"down":{"uv":[0.0,0.0,0.0,0.1875],"rotation":0,"texture":"#2","tintindex":0}}},{"from":[7.9857144,30.771427,7.3857145],"to":[8.014286,32.0,8.614285],"rotation":{"angle":-45.0,"axis":"x","origin":[8.0,31.385714,8.0]},"faces":{"east":{"uv":[4.375,6.5625,4.5,6.6875],"rotation":0,"texture":"#2","tintindex":0},"south":{"uv":[15.9375,15.9375,16.0,16.0],"rotation":0,"texture":"#2","tintindex":0},"north":{"uv":[15.9375,15.9375,16.0,16.0],"rotation":0,"texture":"#2","tintindex":0},"west":{"uv":[4.5,6.5625,4.375,6.6875],"rotation":0,"texture":"#2","tintindex":0},"up":{"uv":[15.9375,15.9375,16.0,16.0],"rotation":0,"texture":"#2","tintindex":0},"down":{"uv":[15.9375,15.9375,16.0,16.0],"rotation":0,"texture":"#2","tintindex":0}}},{"from":[7.285714,25.52857,7.285714],"to":[8.714286,26.957142,8.714286],"rotation":{"angle":45.0,"axis":"x","origin":[8.0,26.242857,8.0]},"faces":{"east":{"uv":[6.625,1.125,6.75,1.25],"rotation":0,"texture":"#2","tintindex":0},"south":{"uv":[6.625,1.25,6.75,1.375],"rotation":0,"texture":"#2","tintindex":0},"north":{"uv":[6.625,1.0,6.75,1.125],"rotation":0,"texture":"#2","tintindex":0},"west":{"uv":[6.625,1.375,6.75,1.5],"rotation":0,"texture":"#2","tintindex":0},"up":{"uv":[6.75,1.625,6.625,1.5],"rotation":0,"texture":"#2","tintindex":0},"down":{"uv":[6.75,1.625,6.625,1.75],"rotation":0,"texture":"#2","tintindex":0}}},{"from":[7.285714,21.52857,7.285714],"to":[8.714286,22.385714,8.714286],"rotation":{"angle":0.0,"axis":"y","origin":[8.0,3.3857126,-10.285715]},"faces":{"east":{"uv":[1.75,4.9375,1.875,5.0],"rotation":0,"texture":"#2","tintindex":0},"south":{"uv":[5.8125,3.8125,5.9375,3.875],"rotation":0,"texture":"#2","tintindex":0},"north":{"uv":[2.1875,3.8125,2.3125,3.875],"rotation":0,"texture":"#2","tintindex":0},"west":{"uv":[1.5,6.0625,1.625,6.125],"rotation":0,"texture":"#2","tintindex":0},"up":{"uv":[6.75,1.875,6.625,1.75],"rotation":0,"texture":"#2","tintindex":0},"down":{"uv":[6.75,1.875,6.625,2.0],"rotation":0,"texture":"#2","tintindex":0}}},{"from":[7.285714,4.3857126,7.285714],"to":[8.714286,5.2428555,8.714286],"rotation":{"angle":0.0,"axis":"y","origin":[8.0,3.3857126,-10.285715]},"faces":{"east":{"uv":[6.75,1.5,6.875,1.5625],"rotation":0,"texture":"#2","tintindex":0},"south":{"uv":[6.75,1.5625,6.875,1.625],"rotation":0,"texture":"#2","tintindex":0},"north":{"uv":[1.625,6.0625,1.75,6.125],"rotation":0,"texture":"#2","tintindex":0},"west":{"uv":[6.75,1.625,6.875,1.6875],"rotation":0,"texture":"#2","tintindex":0},"up":{"uv":[6.75,2.125,6.625,2.0],"rotation":0,"texture":"#2","tintindex":0},"down":{"uv":[6.8125,3.375,6.6875,3.5],"rotation":0,"texture":"#2","tintindex":0}}}],"textures":{"2":"modelengine:entity/ruination"},"display":{"head":{"translation":[0.0,5.200006,0.0],"scale":[4.0,4.0,4.0]}}}