{"elements":[{"from":[7.4228573,3.4228568,7.4228573],"to":[8.577143,9.72,8.577143],"rotation":{"angle":0.0,"axis":"y","origin":[8.0,5.714286,8.0]},"faces":{"east":{"uv":[1.5,5.25,1.625,5.9375],"rotation":0,"texture":"#2","tintindex":0},"south":{"uv":[1.625,5.25,1.75,5.9375],"rotation":0,"texture":"#2","tintindex":0},"north":{"uv":[1.75,4.125,1.875,4.8125],"rotation":0,"texture":"#2","tintindex":0},"west":{"uv":[1.3125,6.25,1.4375,6.9375],"rotation":0,"texture":"#2","tintindex":0},"up":{"uv":[1.875,4.9375,1.75,4.8125],"rotation":0,"texture":"#2","tintindex":0},"down":{"uv":[5.875,2.375,5.75,2.5],"rotation":0,"texture":"#2","tintindex":0}}},{"from":[7.428571,7.7390156,3.8307996],"to":[8.571428,8.881873,6.6879425],"rotation":{"angle":22.5,"axis":"x","origin":[8.0,5.714286,8.0]},"faces":{"east":{"uv":[1.9375,3.3125,2.25,3.4375],"rotation":0,"texture":"#2","tintindex":0},"south":{"uv":[1.5,5.9375,1.625,6.0625],"rotation":0,"texture":"#2","tintindex":0},"north":{"uv":[5.875,2.375,6.0,2.5],"rotation":0,"texture":"#2","tintindex":0},"west":{"uv":[1.9375,3.4375,2.25,3.5625],"rotation":0,"texture":"#2","tintindex":0},"up":{"uv":[2.375,3.8125,2.25,3.5],"rotation":0,"texture":"#2","tintindex":0},"down":{"uv":[2.0625,3.5625,1.9375,3.875],"rotation":0,"texture":"#2","tintindex":0}}},{"from":[7.428571,7.7390156,9.3120575],"to":[8.571428,8.881873,12.169201],"rotation":{"angle":-22.5,"axis":"x","origin":[8.0,5.714286,8.0]},"faces":{"east":{"uv":[5.1875,3.75,5.5,3.875],"rotation":0,"texture":"#2","tintindex":0},"south":{"uv":[6.0,2.375,6.125,2.5],"rotation":0,"texture":"#2","tintindex":0},"north":{"uv":[1.625,5.9375,1.75,6.0625],"rotation":0,"texture":"#2","tintindex":0},"west":{"uv":[5.5,3.75,5.8125,3.875],"rotation":0,"texture":"#2","tintindex":0},"up":{"uv":[2.1875,3.875,2.0625,3.5625],"rotation":0,"texture":"#2","tintindex":0},"down":{"uv":[5.9375,3.5,5.8125,3.8125],"rotation":0,"texture":"#2","tintindex":0}}},{"from":[8.0,3.5266128,5.8123274],"to":[8.0,4.66947,6.9551845],"rotation":{"angle":-45.0,"axis":"x","origin":[8.0,5.714286,8.0]},"faces":{"east":{"uv":[6.4375,3.375,6.3125,3.5],"rotation":0,"texture":"#2","tintindex":0},"south":{"uv":[0.0,0.0,0.0,0.125],"rotation":0,"texture":"#2","tintindex":0},"north":{"uv":[0.0,0.0,0.0,0.125],"rotation":0,"texture":"#2","tintindex":0},"west":{"uv":[6.3125,3.375,6.4375,3.5],"rotation":0,"texture":"#2","tintindex":0},"up":{"uv":[0.0,0.125,0.0,0.0],"rotation":0,"texture":"#2","tintindex":0},"down":{"uv":[0.0,0.0,0.0,0.125],"rotation":0,"texture":"#2","tintindex":0}}},{"from":[8.0,9.142858,7.142857],"to":[8.0,25.142859,8.857143],"rotation":{"angle":0.0,"axis":"y","origin":[8.0,5.714286,8.0]},"faces":{"east":{"uv":[2.8125,6.125,3.0,7.875],"rotation":0,"texture":"#2","tintindex":0},"south":{"uv":[0.0,0.0,0.0,1.75],"rotation":0,"texture":"#2","tintindex":0},"north":{"uv":[0.0,0.0,0.0,1.75],"rotation":0,"texture":"#2","tintindex":0},"west":{"uv":[3.0,6.125,2.8125,7.875],"rotation":0,"texture":"#2","tintindex":0},"up":{"uv":[0.0,0.1875,0.0,0.0],"rotation":0,"texture":"#2","tintindex":0},"down":{"uv":[0.0,0.0,0.0,0.1875],"rotation":0,"texture":"#2","tintindex":0}}},{"from":[7.9857144,18.838076,-6.3523607],"to":[8.014286,20.066647,-5.12379],"rotation":{"angle":45.0,"axis":"x","origin":[8.0,5.714286,8.0]},"faces":{"east":{"uv":[6.4375,3.375,6.5625,3.5],"rotation":0,"texture":"#2","tintindex":0},"south":{"uv":[15.9375,15.9375,16.0,16.0],"rotation":0,"texture":"#2","tintindex":0},"north":{"uv":[15.9375,15.9375,16.0,16.0],"rotation":0,"texture":"#2","tintindex":0},"west":{"uv":[6.5625,3.375,6.4375,3.5],"rotation":0,"texture":"#2","tintindex":0},"up":{"uv":[15.9375,15.9375,16.0,16.0],"rotation":0,"texture":"#2","tintindex":0},"down":{"uv":[15.9375,15.9375,16.0,16.0],"rotation":0,"texture":"#2","tintindex":0}}}],"textures":{"2":"modelengine:entity/ruination"},"display":{"head":{"translation":[0.0,-6.4,0.0],"scale":[4.0,4.0,4.0]}}}