{"elements":[{"from":[2.2857141,7.5142856,1.0142851],"to":[13.714286,12.085714,7.8714285],"rotation":{"angle":-22.5,"axis":"x","origin":[8.0,8.085714,6.7285714]},"faces":{"east":{"uv":[0.875,6.9375,1.625,7.4375],"rotation":0,"texture":"#0","tintindex":0},"south":{"uv":[4.375,2.875,5.625,3.375],"rotation":0,"texture":"#0","tintindex":0},"north":{"uv":[3.5625,4.125,4.8125,4.625],"rotation":0,"texture":"#0","tintindex":0},"west":{"uv":[6.9375,2.375,7.6875,2.875],"rotation":0,"texture":"#0","tintindex":0},"up":{"uv":[2.625,2.5,1.375,1.75],"rotation":0,"texture":"#0","tintindex":0},"down":{"uv":[1.25,1.875,0.0,2.625],"rotation":0,"texture":"#0","tintindex":0}}},{"from":[8.753154,5.3710203,-0.15033913],"to":[14.46744,9.94245,-0.15033913],"rotation":{"angle":-45.0,"axis":"y","origin":[11.896011,7.656735,-0.15033913]},"faces":{"east":{"uv":[0.0,0.0,0.0,0.5],"rotation":0,"texture":"#0","tintindex":0},"south":{"uv":[7.25,1.5625,7.875,2.0625],"rotation":0,"texture":"#0","tintindex":0},"north":{"uv":[7.25,1.0625,7.875,1.5625],"rotation":0,"texture":"#0","tintindex":0},"west":{"uv":[0.0,0.0,0.0,0.5],"rotation":0,"texture":"#0","tintindex":0},"up":{"uv":[0.625,0.0,0.0,0.0],"rotation":0,"texture":"#0","tintindex":0},"down":{"uv":[0.625,0.0,0.0,0.0],"rotation":0,"texture":"#0","tintindex":0}}},{"from":[1.5325599,5.3710203,-0.15033913],"to":[7.246846,9.94245,-0.15033913],"rotation":{"angle":45.0,"axis":"y","origin":[4.1039886,7.656735,-0.15033913]},"faces":{"east":{"uv":[0.0,0.0,0.0,0.5],"rotation":0,"texture":"#0","tintindex":0},"south":{"uv":[7.25,4.0,7.875,4.5],"rotation":0,"texture":"#0","tintindex":0},"north":{"uv":[7.25,3.5,7.875,4.0],"rotation":0,"texture":"#0","tintindex":0},"west":{"uv":[0.0,0.0,0.0,0.5],"rotation":0,"texture":"#0","tintindex":0},"up":{"uv":[0.625,0.0,0.0,0.0],"rotation":0,"texture":"#0","tintindex":0},"down":{"uv":[0.625,0.0,0.0,0.0],"rotation":0,"texture":"#0","tintindex":0}}},{"from":[1.7142854,8.657143,-1.8428574],"to":[14.285715,16.657143,6.7285714],"rotation":{"angle":0.0,"axis":"y","origin":[8.0,12.657143,3.2999997]},"faces":{"east":{"uv":[3.8125,0.0,4.75,0.875],"rotation":0,"texture":"#0","tintindex":0},"south":{"uv":[1.375,0.875,2.75,1.75],"rotation":0,"texture":"#0","tintindex":0},"north":{"uv":[1.375,0.0,2.75,0.875],"rotation":0,"texture":"#0","tintindex":0},"west":{"uv":[3.8125,0.875,4.75,1.75],"rotation":0,"texture":"#0","tintindex":0},"up":{"uv":[1.375,0.9375,0.0,0.0],"rotation":0,"texture":"#0","tintindex":0},"down":{"uv":[1.375,0.9375,0.0,1.875],"rotation":0,"texture":"#0","tintindex":0}}},{"from":[7.428571,16.657143,-0.70000076],"to":[8.571428,17.8,1.5857139],"rotation":{"angle":0.0,"axis":"y","origin":[8.0,12.657143,3.2999997]},"faces":{"east":{"uv":[10.375,0.125,10.625,0.25],"rotation":0,"texture":"#0","tintindex":0},"south":{"uv":[10.25,0.125,10.375,0.25],"rotation":0,"texture":"#0","tintindex":0},"north":{"uv":[10.25,0.0,10.375,0.125],"rotation":0,"texture":"#0","tintindex":0},"west":{"uv":[10.375,0.0,10.625,0.125],"rotation":0,"texture":"#0","tintindex":0},"up":{"uv":[10.25,0.25,10.125,0.0],"rotation":0,"texture":"#0","tintindex":0},"down":{"uv":[10.125,0.0,10.0,0.25],"rotation":0,"texture":"#0","tintindex":0}}},{"from":[8.0,16.657143,-0.70000076],"to":[8.0,18.942858,2.1571422],"rotation":{"angle":0.0,"axis":"y","origin":[8.0,12.657143,3.2999997]},"faces":{"east":{"uv":[11.0,0.0,10.6875,0.25],"rotation":0,"texture":"#0","tintindex":0},"south":{"uv":[10.25,0.125,10.25,0.375],"rotation":0,"texture":"#0","tintindex":0},"north":{"uv":[10.25,0.0,10.25,0.25],"rotation":0,"texture":"#0","tintindex":0},"west":{"uv":[10.6875,0.0,11.0,0.25],"rotation":0,"texture":"#0","tintindex":0},"up":{"uv":[10.125,0.3125,10.125,0.0],"rotation":0,"texture":"#0","tintindex":0},"down":{"uv":[10.0,0.0,10.0,0.3125],"rotation":0,"texture":"#0","tintindex":0}}},{"from":[7.428571,16.657143,3.2999997],"to":[8.571428,17.8,5.5857143],"rotation":{"angle":0.0,"axis":"y","origin":[8.0,12.657143,3.2999997]},"faces":{"east":{"uv":[10.375,0.125,10.625,0.25],"rotation":0,"texture":"#0","tintindex":0},"south":{"uv":[10.25,0.125,10.375,0.25],"rotation":0,"texture":"#0","tintindex":0},"north":{"uv":[10.25,0.0,10.375,0.125],"rotation":0,"texture":"#0","tintindex":0},"west":{"uv":[10.375,0.0,10.625,0.125],"rotation":0,"texture":"#0","tintindex":0},"up":{"uv":[10.25,0.25,10.125,0.0],"rotation":0,"texture":"#0","tintindex":0},"down":{"uv":[10.125,0.0,10.0,0.25],"rotation":0,"texture":"#0","tintindex":0}}},{"from":[8.0,16.657143,3.2999997],"to":[8.0,18.942858,6.1571426],"rotation":{"angle":0.0,"axis":"y","origin":[8.0,12.657143,3.2999997]},"faces":{"east":{"uv":[11.0,0.0,10.6875,0.25],"rotation":0,"texture":"#0","tintindex":0},"south":{"uv":[10.25,0.125,10.25,0.375],"rotation":0,"texture":"#0","tintindex":0},"north":{"uv":[10.25,0.0,10.25,0.25],"rotation":0,"texture":"#0","tintindex":0},"west":{"uv":[10.6875,0.0,11.0,0.25],"rotation":0,"texture":"#0","tintindex":0},"up":{"uv":[10.125,0.3125,10.125,0.0],"rotation":0,"texture":"#0","tintindex":0},"down":{"uv":[10.0,0.0,10.0,0.3125],"rotation":0,"texture":"#0","tintindex":0}}},{"from":[7.428571,13.657143,6.7285714],"to":[8.571428,15.942858,7.8714285],"rotation":{"angle":0.0,"axis":"y","origin":[8.0,15.228571,7.5857143]},"faces":{"east":{"uv":[10.375,0.125,10.625,0.25],"rotation":270,"texture":"#0","tintindex":0},"south":{"uv":[10.25,0.25,10.125,0.0],"rotation":0,"texture":"#0","tintindex":0},"north":{"uv":[10.125,0.0,10.0,0.25],"rotation":180,"texture":"#0","tintindex":0},"west":{"uv":[10.375,0.0,10.625,0.125],"rotation":90,"texture":"#0","tintindex":0},"up":{"uv":[10.25,0.0,10.375,0.125],"rotation":180,"texture":"#0","tintindex":0},"down":{"uv":[10.25,0.125,10.375,0.25],"rotation":0,"texture":"#0","tintindex":0}}},{"from":[8.0,13.085714,6.7285714],"to":[8.0,15.942858,9.014286],"rotation":{"angle":0.0,"axis":"y","origin":[8.0,15.228571,7.5857143]},"faces":{"east":{"uv":[11.0,0.0,10.6875,0.25],"rotation":270,"texture":"#0","tintindex":0},"south":{"uv":[10.125,0.3125,10.125,0.0],"rotation":0,"texture":"#0","tintindex":0},"north":{"uv":[10.0,0.0,10.0,0.3125],"rotation":180,"texture":"#0","tintindex":0},"west":{"uv":[10.6875,0.0,11.0,0.25],"rotation":90,"texture":"#0","tintindex":0},"up":{"uv":[10.25,0.0,10.25,0.25],"rotation":180,"texture":"#0","tintindex":0},"down":{"uv":[10.25,0.125,10.25,0.375],"rotation":0,"texture":"#0","tintindex":0}}},{"from":[7.428571,9.657143,6.7285714],"to":[8.571428,11.942858,7.8714285],"rotation":{"angle":0.0,"axis":"y","origin":[8.0,10.657143,7.5857143]},"faces":{"east":{"uv":[10.375,0.125,10.625,0.25],"rotation":270,"texture":"#0","tintindex":0},"south":{"uv":[10.25,0.25,10.125,0.0],"rotation":0,"texture":"#0","tintindex":0},"north":{"uv":[10.125,0.0,10.0,0.25],"rotation":180,"texture":"#0","tintindex":0},"west":{"uv":[10.375,0.0,10.625,0.125],"rotation":90,"texture":"#0","tintindex":0},"up":{"uv":[10.25,0.0,10.375,0.125],"rotation":180,"texture":"#0","tintindex":0},"down":{"uv":[10.25,0.125,10.375,0.25],"rotation":0,"texture":"#0","tintindex":0}}},{"from":[8.0,9.085714,6.7285714],"to":[8.0,11.942858,9.014286],"rotation":{"angle":0.0,"axis":"y","origin":[8.0,10.657143,7.5857143]},"faces":{"east":{"uv":[11.0,0.0,10.6875,0.25],"rotation":270,"texture":"#0","tintindex":0},"south":{"uv":[10.125,0.3125,10.125,0.0],"rotation":0,"texture":"#0","tintindex":0},"north":{"uv":[10.0,0.0,10.0,0.3125],"rotation":180,"texture":"#0","tintindex":0},"west":{"uv":[10.6875,0.0,11.0,0.25],"rotation":90,"texture":"#0","tintindex":0},"up":{"uv":[10.25,0.0,10.25,0.25],"rotation":180,"texture":"#0","tintindex":0},"down":{"uv":[10.25,0.125,10.25,0.375],"rotation":0,"texture":"#0","tintindex":0}}}],"textures":{"0":"modelengine:entity/wendigo_full"},"display":{"head":{"translation":[0.0,-6.4,0.0],"scale":[4.0,4.0,4.0]}}}