{"elements":[{"from":[6.4197903,8.086995,-0.2857151],"to":[9.276934,9.229852,5.428571],"rotation":{"angle":0.0,"axis":"y","origin":[7.5626473,8.086995,4.285714]},"faces":{"east":{"uv":[8.0625,4.6875,8.6875,4.8125],"rotation":0,"texture":"#0","tintindex":0},"south":{"uv":[8.375,1.0,8.6875,1.125],"rotation":0,"texture":"#0","tintindex":0},"north":{"uv":[7.6875,5.0625,8.0,5.1875],"rotation":0,"texture":"#0","tintindex":0},"west":{"uv":[8.0625,4.8125,8.6875,4.9375],"rotation":0,"texture":"#0","tintindex":0},"up":{"uv":[8.1875,3.5,7.875,2.875],"rotation":0,"texture":"#0","tintindex":0},"down":{"uv":[8.1875,3.5,7.875,4.125],"rotation":0,"texture":"#0","tintindex":0}}},{"from":[5.2769327,7.509588,5.4297605],"to":[10.41979,10.366731,8.858332],"rotation":{"angle":-22.5,"axis":"x","origin":[7.848362,9.795302,8.286903]},"faces":{"east":{"uv":[4.75,1.375,5.125,1.6875],"rotation":0,"texture":"#0","tintindex":0},"south":{"uv":[7.875,1.75,8.4375,2.0625],"rotation":0,"texture":"#0","tintindex":0},"north":{"uv":[0.0,5.0,0.5625,5.3125],"rotation":0,"texture":"#0","tintindex":0},"west":{"uv":[8.0,5.8125,8.375,6.125],"rotation":0,"texture":"#0","tintindex":0},"up":{"uv":[1.4375,5.6875,0.875,5.3125],"rotation":0,"texture":"#0","tintindex":0},"down":{"uv":[7.0,4.625,6.4375,5.0],"rotation":0,"texture":"#0","tintindex":0}}},{"from":[8.705504,6.3727093,-2.0],"to":[8.705504,8.086995,4.8571424],"rotation":{"angle":0.0,"axis":"y","origin":[6.9912186,8.086995,4.285714]},"faces":{"east":{"uv":[7.625,6.375,8.375,6.5625],"rotation":0,"texture":"#0","tintindex":0},"south":{"uv":[0.0,0.0,0.0,0.1875],"rotation":0,"texture":"#0","tintindex":0},"north":{"uv":[0.0,0.0,0.0,0.1875],"rotation":0,"texture":"#0","tintindex":0},"west":{"uv":[7.75,7.4375,8.5,7.625],"rotation":0,"texture":"#0","tintindex":0},"up":{"uv":[0.0,0.75,0.0,0.0],"rotation":0,"texture":"#0","tintindex":0},"down":{"uv":[0.0,0.0,0.0,0.75],"rotation":0,"texture":"#0","tintindex":0}}},{"from":[6.9912186,6.3727093,-2.0],"to":[6.9912186,8.086995,4.8571424],"rotation":{"angle":0.0,"axis":"y","origin":[5.2769327,8.086995,4.285714]},"faces":{"east":{"uv":[7.875,4.125,8.625,4.3125],"rotation":0,"texture":"#0","tintindex":0},"south":{"uv":[0.0,0.0,0.0,0.1875],"rotation":0,"texture":"#0","tintindex":0},"north":{"uv":[0.0,0.0,0.0,0.1875],"rotation":0,"texture":"#0","tintindex":0},"west":{"uv":[7.875,4.3125,8.625,4.5],"rotation":0,"texture":"#0","tintindex":0},"up":{"uv":[0.0,0.75,0.0,0.0],"rotation":0,"texture":"#0","tintindex":0},"down":{"uv":[0.0,0.0,0.0,0.75],"rotation":0,"texture":"#0","tintindex":0}}},{"from":[6.9912186,6.437955,-2.3280144],"to":[8.705504,8.152241,-2.3280144],"rotation":{"angle":22.5,"axis":"x","origin":[7.848362,7.2950983,-2.3280144]},"faces":{"east":{"uv":[0.0,0.0,0.0,0.1875],"rotation":0,"texture":"#0","tintindex":0},"south":{"uv":[8.375,7.1875,8.5625,7.375],"rotation":0,"texture":"#0","tintindex":0},"north":{"uv":[2.5,5.4375,2.6875,5.625],"rotation":0,"texture":"#0","tintindex":0},"west":{"uv":[0.0,0.0,0.0,0.1875],"rotation":0,"texture":"#0","tintindex":0},"up":{"uv":[0.1875,0.0,0.0,0.0],"rotation":0,"texture":"#0","tintindex":0},"down":{"uv":[0.1875,0.0,0.0,0.0],"rotation":0,"texture":"#0","tintindex":0}}},{"from":[6.9912186,8.086995,-2.0],"to":[8.705504,8.658423,-0.2857151],"rotation":{"angle":0.0,"axis":"y","origin":[7.5626473,8.086995,4.285714]},"faces":{"east":{"uv":[4.75,1.6875,4.9375,1.75],"rotation":0,"texture":"#0","tintindex":0},"south":{"uv":[4.8125,4.5625,5.0,4.625],"rotation":0,"texture":"#0","tintindex":0},"north":{"uv":[3.5625,4.0625,3.75,4.125],"rotation":0,"texture":"#0","tintindex":0},"west":{"uv":[4.9375,1.6875,5.125,1.75],"rotation":0,"texture":"#0","tintindex":0},"up":{"uv":[8.625,1.875,8.4375,1.6875],"rotation":0,"texture":"#0","tintindex":0},"down":{"uv":[2.0,8.4375,1.8125,8.625],"rotation":0,"texture":"#0","tintindex":0}}},{"from":[6.4197903,6.9441376,1.4285712],"to":[9.276934,8.086995,8.857143],"rotation":{"angle":0.0,"axis":"y","origin":[7.5626473,8.086995,4.285714]},"faces":{"east":{"uv":[8.0,6.125,8.8125,6.25],"rotation":0,"texture":"#0","tintindex":0},"south":{"uv":[2.8125,8.375,3.125,8.5],"rotation":0,"texture":"#0","tintindex":0},"north":{"uv":[2.5,8.375,2.8125,8.5],"rotation":0,"texture":"#0","tintindex":0},"west":{"uv":[8.0,6.25,8.8125,6.375],"rotation":0,"texture":"#0","tintindex":0},"up":{"uv":[0.75,8.375,0.4375,7.5625],"rotation":0,"texture":"#0","tintindex":0},"down":{"uv":[2.8125,7.5625,2.5,8.375],"rotation":0,"texture":"#0","tintindex":0}}},{"from":[4.272933,7.5155663,5.0552597],"to":[5.4157906,9.801281,7.340974],"rotation":{"angle":-22.5,"axis":"y","origin":[6.272933,8.658423,8.198116]},"faces":{"east":{"uv":[1.875,7.75,2.125,8.0],"rotation":0,"texture":"#0","tintindex":0},"south":{"uv":[3.8125,8.4375,3.9375,8.6875],"rotation":0,"texture":"#0","tintindex":0},"north":{"uv":[2.375,8.4375,2.5,8.6875],"rotation":0,"texture":"#0","tintindex":0},"west":{"uv":[8.125,6.875,8.375,7.125],"rotation":0,"texture":"#0","tintindex":0},"up":{"uv":[4.0625,8.6875,3.9375,8.4375],"rotation":0,"texture":"#0","tintindex":0},"down":{"uv":[4.1875,8.4375,4.0625,8.6875],"rotation":0,"texture":"#0","tintindex":0}}},{"from":[3.9872189,6.3727093,5.0552597],"to":[6.844362,7.5155663,9.05526],"rotation":{"angle":-22.5,"axis":"y","origin":[5.7015047,8.658423,8.198116]},"faces":{"east":{"uv":[5.1875,2.75,5.625,2.875],"rotation":0,"texture":"#0","tintindex":0},"south":{"uv":[8.375,5.8125,8.6875,5.9375],"rotation":0,"texture":"#0","tintindex":0},"north":{"uv":[4.9375,8.375,5.25,8.5],"rotation":0,"texture":"#0","tintindex":0},"west":{"uv":[7.25,4.5,7.6875,4.625],"rotation":0,"texture":"#0","tintindex":0},"up":{"uv":[1.9375,5.0,1.625,4.5625],"rotation":0,"texture":"#0","tintindex":0},"down":{"uv":[5.125,4.125,4.8125,4.5625],"rotation":0,"texture":"#0","tintindex":0}}},{"from":[10.280933,7.5155663,5.0552597],"to":[11.42379,9.801281,7.340974],"rotation":{"angle":22.5,"axis":"y","origin":[9.42379,8.658423,8.198116]},"faces":{"east":{"uv":[8.125,7.125,8.375,7.375],"rotation":0,"texture":"#0","tintindex":0},"south":{"uv":[4.3125,8.4375,4.4375,8.6875],"rotation":0,"texture":"#0","tintindex":0},"north":{"uv":[4.1875,8.4375,4.3125,8.6875],"rotation":0,"texture":"#0","tintindex":0},"west":{"uv":[8.25,1.1875,8.5,1.4375],"rotation":0,"texture":"#0","tintindex":0},"up":{"uv":[4.5625,8.6875,4.4375,8.4375],"rotation":0,"texture":"#0","tintindex":0},"down":{"uv":[4.6875,8.4375,4.5625,8.6875],"rotation":0,"texture":"#0","tintindex":0}}},{"from":[8.852362,6.3727093,5.0552597],"to":[11.709505,7.5155663,9.05526],"rotation":{"angle":22.5,"axis":"y","origin":[9.995219,8.658423,8.198116]},"faces":{"east":{"uv":[8.0625,4.9375,8.5,5.0625],"rotation":0,"texture":"#0","tintindex":0},"south":{"uv":[8.375,6.375,8.6875,6.5],"rotation":0,"texture":"#0","tintindex":0},"north":{"uv":[8.375,5.9375,8.6875,6.0625],"rotation":0,"texture":"#0","tintindex":0},"west":{"uv":[8.3125,3.0,8.75,3.125],"rotation":0,"texture":"#0","tintindex":0},"up":{"uv":[7.8125,1.0625,7.5,0.625],"rotation":0,"texture":"#0","tintindex":0},"down":{"uv":[8.25,7.8125,7.9375,8.25],"rotation":0,"texture":"#0","tintindex":0}}}],"textures":{"0":"modelengine:entity/wendigo_full"},"display":{"head":{"translation":[0.0,-6.4,0.0],"scale":[4.0,4.0,4.0]}}}