{"elements":[{"from":[8.571428,5.5238094,-0.6384649],"to":[9.142858,6.6666665,6.218678],"rotation":{"angle":0.0,"axis":"y","origin":[8.571428,6.2380953,5.504392]},"faces":{"east":{"uv":[8.0625,2.3125,8.8125,2.4375],"rotation":0,"texture":"#0","tintindex":0},"south":{"uv":[2.6875,3.875,2.75,4.0],"rotation":0,"texture":"#0","tintindex":0},"north":{"uv":[2.6875,3.75,2.75,3.875],"rotation":0,"texture":"#0","tintindex":0},"west":{"uv":[8.0625,2.4375,8.8125,2.5625],"rotation":0,"texture":"#0","tintindex":0},"up":{"uv":[7.375,8.8125,7.3125,8.0625],"rotation":0,"texture":"#0","tintindex":0},"down":{"uv":[5.75,8.125,5.6875,8.875],"rotation":0,"texture":"#0","tintindex":0}}},{"from":[8.254586,5.5238094,6.0543737],"to":[9.397443,7.2380953,8.911516],"rotation":{"angle":22.5,"axis":"y","origin":[8.8260145,6.2380953,5.340088]},"faces":{"east":{"uv":[8.0625,8.25,8.375,8.4375],"rotation":0,"texture":"#0","tintindex":0},"south":{"uv":[3.125,7.5625,3.25,7.75],"rotation":0,"texture":"#0","tintindex":0},"north":{"uv":[7.5,5.875,7.625,6.0625],"rotation":0,"texture":"#0","tintindex":0},"west":{"uv":[8.25,8.0625,8.5625,8.25],"rotation":0,"texture":"#0","tintindex":0},"up":{"uv":[1.625,7.75,1.5,7.4375],"rotation":0,"texture":"#0","tintindex":0},"down":{"uv":[0.75,8.375,0.625,8.6875],"rotation":0,"texture":"#0","tintindex":0}}},{"from":[8.857143,6.6666665,-0.6384649],"to":[8.857143,8.380953,6.218678],"rotation":{"angle":0.0,"axis":"y","origin":[8.857143,6.2380953,5.504392]},"faces":{"east":{"uv":[7.9375,0.0,8.6875,0.1875],"rotation":0,"texture":"#0","tintindex":0},"south":{"uv":[0.0,0.0,0.0,0.1875],"rotation":0,"texture":"#0","tintindex":0},"north":{"uv":[0.0,0.0,0.0,0.1875],"rotation":0,"texture":"#0","tintindex":0},"west":{"uv":[7.9375,0.1875,8.6875,0.375],"rotation":0,"texture":"#0","tintindex":0},"up":{"uv":[0.0,0.75,0.0,0.0],"rotation":0,"texture":"#0","tintindex":0},"down":{"uv":[0.0,0.0,0.0,0.75],"rotation":0,"texture":"#0","tintindex":0}}},{"from":[7.428571,5.5238094,-0.6384649],"to":[8.571428,6.6666665,-0.06703663],"rotation":{"angle":0.0,"axis":"y","origin":[8.571428,6.2380953,5.504392]},"faces":{"east":{"uv":[5.125,1.375,5.1875,1.5],"rotation":0,"texture":"#0","tintindex":0},"south":{"uv":[5.125,6.0,5.25,6.125],"rotation":0,"texture":"#0","tintindex":0},"north":{"uv":[2.625,2.375,2.75,2.5],"rotation":0,"texture":"#0","tintindex":0},"west":{"uv":[5.125,1.5,5.1875,1.625],"rotation":0,"texture":"#0","tintindex":0},"up":{"uv":[5.125,4.625,5.0,4.5625],"rotation":0,"texture":"#0","tintindex":0},"down":{"uv":[5.25,4.5625,5.125,4.625],"rotation":0,"texture":"#0","tintindex":0}}},{"from":[6.857143,5.5238094,-0.6384649],"to":[7.428571,6.6666665,6.218678],"rotation":{"angle":0.0,"axis":"y","origin":[7.428571,6.2380953,5.504392]},"faces":{"east":{"uv":[8.0625,2.5625,8.8125,2.6875],"rotation":0,"texture":"#0","tintindex":0},"south":{"uv":[6.0625,3.5,6.125,3.625],"rotation":0,"texture":"#0","tintindex":0},"north":{"uv":[5.125,1.625,5.1875,1.75],"rotation":0,"texture":"#0","tintindex":0},"west":{"uv":[8.0625,2.6875,8.8125,2.8125],"rotation":0,"texture":"#0","tintindex":0},"up":{"uv":[6.9375,8.875,6.875,8.125],"rotation":0,"texture":"#0","tintindex":0},"down":{"uv":[0.4375,8.1875,0.375,8.9375],"rotation":0,"texture":"#0","tintindex":0}}},{"from":[6.602557,5.5238094,6.0543737],"to":[7.7454143,7.2380953,8.911516],"rotation":{"angle":-22.5,"axis":"y","origin":[7.1739855,6.2380953,5.340088]},"faces":{"east":{"uv":[1.5,8.3125,1.8125,8.5],"rotation":0,"texture":"#0","tintindex":0},"south":{"uv":[8.1875,8.4375,8.3125,8.625],"rotation":0,"texture":"#0","tintindex":0},"north":{"uv":[8.0625,8.4375,8.1875,8.625],"rotation":0,"texture":"#0","tintindex":0},"west":{"uv":[8.3125,2.8125,8.625,3.0],"rotation":0,"texture":"#0","tintindex":0},"up":{"uv":[8.5,7.1875,8.375,6.875],"rotation":0,"texture":"#0","tintindex":0},"down":{"uv":[8.5,8.25,8.375,8.5625],"rotation":0,"texture":"#0","tintindex":0}}},{"from":[7.142857,6.6666665,-0.6384649],"to":[7.142857,8.380953,6.218678],"rotation":{"angle":0.0,"axis":"y","origin":[7.142857,6.2380953,5.504392]},"faces":{"east":{"uv":[7.9375,0.375,8.6875,0.5625],"rotation":0,"texture":"#0","tintindex":0},"south":{"uv":[0.0,0.0,0.0,0.1875],"rotation":0,"texture":"#0","tintindex":0},"north":{"uv":[0.0,0.0,0.0,0.1875],"rotation":0,"texture":"#0","tintindex":0},"west":{"uv":[7.9375,7.625,8.6875,7.8125],"rotation":0,"texture":"#0","tintindex":0},"up":{"uv":[0.0,0.75,0.0,0.0],"rotation":0,"texture":"#0","tintindex":0},"down":{"uv":[0.0,0.0,0.0,0.75],"rotation":0,"texture":"#0","tintindex":0}}},{"from":[8.254586,7.2380953,7.197231],"to":[9.397443,8.380953,8.911516],"rotation":{"angle":22.5,"axis":"y","origin":[8.8260145,6.2380953,5.340088]},"faces":{"east":{"uv":[6.5,2.375,6.6875,2.5],"rotation":0,"texture":"#0","tintindex":0},"south":{"uv":[2.5,8.5,2.625,8.625],"rotation":0,"texture":"#0","tintindex":0},"north":{"uv":[1.625,6.9375,1.75,7.0625],"rotation":0,"texture":"#0","tintindex":0},"west":{"uv":[8.375,6.5,8.5625,6.625],"rotation":0,"texture":"#0","tintindex":0},"up":{"uv":[8.625,1.3125,8.5,1.125],"rotation":0,"texture":"#0","tintindex":0},"down":{"uv":[8.625,1.3125,8.5,1.5],"rotation":0,"texture":"#0","tintindex":0}}},{"from":[6.602557,7.2380953,7.197231],"to":[7.7454143,8.380953,8.911516],"rotation":{"angle":-22.5,"axis":"y","origin":[7.1739855,6.2380953,5.340088]},"faces":{"east":{"uv":[1.5,8.5,1.6875,8.625],"rotation":0,"texture":"#0","tintindex":0},"south":{"uv":[2.75,8.5,2.875,8.625],"rotation":0,"texture":"#0","tintindex":0},"north":{"uv":[2.625,8.5,2.75,8.625],"rotation":0,"texture":"#0","tintindex":0},"west":{"uv":[8.5,1.5,8.6875,1.625],"rotation":0,"texture":"#0","tintindex":0},"up":{"uv":[1.8125,8.6875,1.6875,8.5],"rotation":0,"texture":"#0","tintindex":0},"down":{"uv":[8.625,2.0625,8.5,2.25],"rotation":0,"texture":"#0","tintindex":0}}}],"textures":{"0":"modelengine:entity/wendigo_full"},"display":{"head":{"translation":[0.0,-6.4,0.0],"scale":[4.0,4.0,4.0]}}}