{"elements":[{"from":[6.921517,6.7868137,7.2373996],"to":[9.2072315,9.072528,8.951685],"rotation":{"angle":0.0,"axis":"y","origin":[8.064374,6.7868137,8.380257]},"faces":{"east":{"uv":[0.4375,8.375,0.625,8.625],"rotation":0,"texture":"#0","tintindex":0},"south":{"uv":[8.25,7.8125,8.5,8.0625],"rotation":0,"texture":"#0","tintindex":0},"north":{"uv":[7.8125,8.25,8.0625,8.5],"rotation":0,"texture":"#0","tintindex":0},"west":{"uv":[8.375,0.5625,8.5625,0.8125],"rotation":0,"texture":"#0","tintindex":0},"up":{"uv":[8.625,1.0,8.375,0.8125],"rotation":0,"texture":"#0","tintindex":0},"down":{"uv":[1.125,8.375,0.875,8.5625],"rotation":0,"texture":"#0","tintindex":0}}},{"from":[7.207231,7.072528,8.951685],"to":[8.921517,8.786814,12.951685],"rotation":{"angle":0.0,"axis":"y","origin":[7.77866,7.072528,9.523114]},"faces":{"east":{"uv":[7.0625,5.875,7.5,6.0625],"rotation":0,"texture":"#0","tintindex":0},"south":{"uv":[3.625,8.4375,3.8125,8.625],"rotation":0,"texture":"#0","tintindex":0},"north":{"uv":[2.1875,8.4375,2.375,8.625],"rotation":0,"texture":"#0","tintindex":0},"west":{"uv":[8.0625,4.5,8.5,4.6875],"rotation":0,"texture":"#0","tintindex":0},"up":{"uv":[4.25,6.75,4.0625,6.3125],"rotation":0,"texture":"#0","tintindex":0},"down":{"uv":[3.6875,7.75,3.5,8.1875],"rotation":0,"texture":"#0","tintindex":0}}},{"from":[7.207231,9.089562,12.777914],"to":[11.2072315,9.089562,18.492199],"rotation":{"angle":-22.5,"axis":"x","origin":[7.77866,9.089562,15.063629]},"faces":{"east":{"uv":[0.0,0.0,0.625,0.0],"rotation":0,"texture":"#0","tintindex":0},"south":{"uv":[0.0,0.0,0.4375,0.0],"rotation":0,"texture":"#0","tintindex":0},"north":{"uv":[0.0,0.0,0.4375,0.0],"rotation":0,"texture":"#0","tintindex":0},"west":{"uv":[0.0,0.0,0.625,0.0],"rotation":0,"texture":"#0","tintindex":0},"up":{"uv":[6.9375,8.125,6.5,7.5],"rotation":0,"texture":"#0","tintindex":0},"down":{"uv":[0.4375,7.5625,0.0,8.1875],"rotation":0,"texture":"#0","tintindex":0}}},{"from":[-0.22134018,8.215385,10.0945425],"to":[7.207231,8.215385,16.951687],"rotation":{"angle":0.0,"axis":"y","origin":[7.77866,7.072528,8.380257]},"faces":{"east":{"uv":[0.0,0.0,0.75,0.0],"rotation":0,"texture":"#0","tintindex":0},"south":{"uv":[0.0,0.0,0.8125,0.0],"rotation":0,"texture":"#0","tintindex":0},"north":{"uv":[0.0,0.0,0.8125,0.0],"rotation":0,"texture":"#0","tintindex":0},"west":{"uv":[0.0,0.0,0.75,0.0],"rotation":0,"texture":"#0","tintindex":0},"up":{"uv":[1.625,5.3125,0.8125,4.5625],"rotation":0,"texture":"#0","tintindex":0},"down":{"uv":[4.375,4.625,3.5625,5.375],"rotation":0,"texture":"#0","tintindex":0}}},{"from":[-2.8477373,7.1280675,10.0945425],"to":[-2.8477373,14.556639,19.808828],"rotation":{"angle":45.0,"axis":"z","origin":[-2.8477373,10.842353,13.523114]},"faces":{"east":{"uv":[2.75,2.4375,3.8125,3.25],"rotation":0,"texture":"#0","tintindex":0},"south":{"uv":[0.0,0.0,0.0,0.8125],"rotation":0,"texture":"#0","tintindex":0},"north":{"uv":[0.0,0.0,0.0,0.8125],"rotation":0,"texture":"#0","tintindex":0},"west":{"uv":[2.75,3.25,3.8125,4.0625],"rotation":0,"texture":"#0","tintindex":0},"up":{"uv":[0.0,1.0625,0.0,0.0],"rotation":0,"texture":"#0","tintindex":0},"down":{"uv":[0.0,0.0,0.0,1.0625],"rotation":0,"texture":"#0","tintindex":0}}},{"from":[-0.22134018,7.954972,18.263744],"to":[7.207231,13.09783,18.263744],"rotation":{"angle":22.5,"axis":"x","origin":[3.4929452,11.383543,18.263744]},"faces":{"east":{"uv":[0.0,0.0,0.0,0.5625],"rotation":0,"texture":"#0","tintindex":0},"south":{"uv":[6.4375,4.0625,7.25,4.625],"rotation":0,"texture":"#0","tintindex":0},"north":{"uv":[6.4375,3.5,7.25,4.0625],"rotation":0,"texture":"#0","tintindex":0},"west":{"uv":[0.0,0.0,0.0,0.5625],"rotation":0,"texture":"#0","tintindex":0},"up":{"uv":[0.8125,0.0,0.0,0.0],"rotation":0,"texture":"#0","tintindex":0},"down":{"uv":[0.8125,0.0,0.0,0.0],"rotation":0,"texture":"#0","tintindex":0}}},{"from":[-5.4741335,13.46875,10.0945425],"to":[-5.4741335,20.897322,19.808828],"rotation":{"angle":0.0,"axis":"y","origin":[-5.4741335,17.183037,13.523114]},"faces":{"east":{"uv":[0.0,3.4375,1.0625,4.25],"rotation":0,"texture":"#0","tintindex":0},"south":{"uv":[0.0,0.0,0.0,0.8125],"rotation":0,"texture":"#0","tintindex":0},"north":{"uv":[0.0,0.0,0.0,0.8125],"rotation":0,"texture":"#0","tintindex":0},"west":{"uv":[1.0625,3.75,2.125,4.5625],"rotation":0,"texture":"#0","tintindex":0},"up":{"uv":[0.0,1.0625,0.0,0.0],"rotation":0,"texture":"#0","tintindex":0},"down":{"uv":[0.0,0.0,0.0,1.0625],"rotation":0,"texture":"#0","tintindex":0}}}],"textures":{"0":"modelengine:entity/wendigo_full"},"display":{"head":{"translation":[0.0,-6.4,0.0],"scale":[4.0,4.0,4.0]}}}