{"elements":[{"from":[7.428571,2.9239888,5.6175804],"to":[8.571428,8.638274,6.7604375],"rotation":{"angle":22.5,"axis":"x","origin":[8.0,3.4285712,6.285714]},"faces":{"east":{"uv":[6.1875,8.1875,6.3125,8.8125],"rotation":0,"texture":"#0","tintindex":0},"south":{"uv":[6.3125,8.1875,6.4375,8.8125],"rotation":0,"texture":"#0","tintindex":0},"north":{"uv":[6.0625,8.1875,6.1875,8.8125],"rotation":0,"texture":"#0","tintindex":0},"west":{"uv":[8.25,0.5625,8.375,1.1875],"rotation":0,"texture":"#0","tintindex":0},"up":{"uv":[7.8125,8.625,7.6875,8.5],"rotation":0,"texture":"#0","tintindex":0},"down":{"uv":[7.9375,8.5,7.8125,8.625],"rotation":0,"texture":"#0","tintindex":0}}},{"from":[7.428571,-0.7819185,5.4747725],"to":[8.571428,3.2180815,5.4747725],"rotation":{"angle":0.0,"axis":"y","origin":[8.0,3.4285712,6.285714]},"faces":{"east":{"uv":[0.0,0.0,0.0,0.4375],"rotation":0,"texture":"#0","tintindex":0},"south":{"uv":[5.0,7.125,5.125,7.5625],"rotation":0,"texture":"#0","tintindex":0},"north":{"uv":[5.125,4.125,5.25,4.5625],"rotation":0,"texture":"#0","tintindex":0},"west":{"uv":[0.0,0.0,0.0,0.4375],"rotation":0,"texture":"#0","tintindex":0},"up":{"uv":[0.125,0.0,0.0,0.0],"rotation":0,"texture":"#0","tintindex":0},"down":{"uv":[0.125,0.0,0.0,0.0],"rotation":0,"texture":"#0","tintindex":0}}}],"textures":{"0":"modelengine:entity/wendigo_full"},"display":{"head":{"translation":[0.0,-6.4,0.0],"scale":[4.0,4.0,4.0]}}}