{"elements":[{"from":[5.142857,4.5714283,-1.7142859],"to":[9.142858,9.714286,10.857143],"rotation":{"angle":0.0,"axis":"y","origin":[6.857143,8.0,7.428571]},"faces":{"east":{"uv":[5.1875,2.3125,3.8125,2.875],"rotation":0,"texture":"#0","tintindex":0},"south":{"uv":[5.75,7.5625,5.3125,8.125],"rotation":0,"texture":"#0","tintindex":0},"north":{"uv":[8.0,5.1875,7.5625,5.75],"rotation":0,"texture":"#0","tintindex":0},"west":{"uv":[5.1875,1.75,3.8125,2.3125],"rotation":0,"texture":"#0","tintindex":0},"up":{"uv":[1.75,7.0625,2.1875,5.6875],"rotation":0,"texture":"#0","tintindex":0},"down":{"uv":[4.25,6.0,4.6875,7.375],"rotation":0,"texture":"#0","tintindex":0}}},{"from":[5.7994137,4.5714283,10.726432],"to":[5.7994137,9.714286,14.155004],"rotation":{"angle":22.5,"axis":"y","origin":[5.7994137,7.142857,12.440718]},"faces":{"east":{"uv":[8.25,1.1875,7.875,1.75],"rotation":0,"texture":"#0","tintindex":0},"south":{"uv":[0.0,0.0,0.0,0.5625],"rotation":0,"texture":"#0","tintindex":0},"north":{"uv":[0.0,0.0,0.0,0.5625],"rotation":0,"texture":"#0","tintindex":0},"west":{"uv":[8.25,0.625,7.875,1.1875],"rotation":0,"texture":"#0","tintindex":0},"up":{"uv":[0.0,0.375,0.0,0.0],"rotation":0,"texture":"#0","tintindex":0},"down":{"uv":[0.0,0.0,0.0,0.375],"rotation":0,"texture":"#0","tintindex":0}}}],"textures":{"0":"modelengine:entity/wendigo_full"},"display":{"head":{"translation":[0.0,-6.4,0.0],"scale":[4.0,4.0,4.0]}}}