{"elements":[{"from":[7.952017,2.2769685,7.428571],"to":[9.094873,7.9912543,8.571428],"rotation":{"angle":0.0,"axis":"y","origin":[17.666302,19.419827,-7.4285717]},"faces":{"east":{"uv":[0.75,8.1875,0.875,8.8125],"rotation":0,"texture":"#0","tintindex":0},"south":{"uv":[8.1875,2.8125,8.3125,3.4375],"rotation":0,"texture":"#0","tintindex":0},"north":{"uv":[0.25,8.1875,0.375,8.8125],"rotation":0,"texture":"#0","tintindex":0},"west":{"uv":[8.1875,3.4375,8.3125,4.0625],"rotation":0,"texture":"#0","tintindex":0},"up":{"uv":[8.625,7.125,8.5,7.0],"rotation":0,"texture":"#0","tintindex":0},"down":{"uv":[8.625,7.375,8.5,7.5],"rotation":0,"texture":"#0","tintindex":0}}},{"from":[9.804955,-2.1964188,7.428571],"to":[10.947811,3.517867,8.571428],"rotation":{"angle":45.0,"axis":"z","origin":[10.376383,0.66072416,8.0]},"faces":{"east":{"uv":[4.6875,8.1875,4.8125,8.8125],"rotation":0,"texture":"#0","tintindex":0},"south":{"uv":[4.8125,8.1875,4.9375,8.8125],"rotation":0,"texture":"#0","tintindex":0},"north":{"uv":[3.5,8.1875,3.625,8.8125],"rotation":0,"texture":"#0","tintindex":0},"west":{"uv":[5.9375,8.1875,6.0625,8.8125],"rotation":0,"texture":"#0","tintindex":0},"up":{"uv":[8.625,7.625,8.5,7.5],"rotation":0,"texture":"#0","tintindex":0},"down":{"uv":[7.6875,8.5,7.5625,8.625],"rotation":0,"texture":"#0","tintindex":0}}},{"from":[12.428572,-0.71428585,7.428571],"to":[16.428572,-0.71428585,8.571428],"rotation":{"angle":-22.5,"axis":"z","origin":[9.571428,-0.14285755,8.0]},"faces":{"east":{"uv":[0.0,0.0,0.125,0.0],"rotation":0,"texture":"#0","tintindex":0},"south":{"uv":[0.0,0.0,0.4375,0.0],"rotation":0,"texture":"#0","tintindex":0},"north":{"uv":[0.0,0.0,0.4375,0.0],"rotation":0,"texture":"#0","tintindex":0},"west":{"uv":[0.0,0.0,0.125,0.0],"rotation":0,"texture":"#0","tintindex":0},"up":{"uv":[4.0625,8.4375,3.625,8.3125],"rotation":0,"texture":"#0","tintindex":0},"down":{"uv":[8.75,3.625,8.3125,3.75],"rotation":0,"texture":"#0","tintindex":0}}}],"textures":{"0":"modelengine:entity/wendigo_full"},"display":{"head":{"translation":[0.0,-6.4,0.0],"scale":[4.0,4.0,4.0]}}}