{"elements":[{"from":[5.604947,4.27484,1.7142854],"to":[10.176376,9.989126,8.0],"rotation":{"angle":0.0,"axis":"y","origin":[7.8906617,-11.7251625,-4.000001]},"faces":{"east":{"uv":[6.5,0.0,7.1875,0.625],"rotation":0,"texture":"#0","tintindex":0},"south":{"uv":[4.125,7.375,4.625,8.0],"rotation":0,"texture":"#0","tintindex":0},"north":{"uv":[7.375,2.875,7.875,3.5],"rotation":0,"texture":"#0","tintindex":0},"west":{"uv":[6.5,0.625,7.1875,1.25],"rotation":0,"texture":"#0","tintindex":0},"up":{"uv":[2.125,7.75,1.625,7.0625],"rotation":0,"texture":"#0","tintindex":0},"down":{"uv":[7.5625,5.1875,7.0625,5.875],"rotation":0,"texture":"#0","tintindex":0}}},{"from":[8.328014,9.902131,1.7142854],"to":[8.328014,12.187845,8.0],"rotation":{"angle":-22.5,"axis":"z","origin":[8.328014,11.044989,4.8571424]},"faces":{"east":{"uv":[3.5625,5.375,4.25,5.625],"rotation":0,"texture":"#0","tintindex":0},"south":{"uv":[0.0,0.0,0.0,0.25],"rotation":0,"texture":"#0","tintindex":0},"north":{"uv":[0.0,0.0,0.0,0.25],"rotation":0,"texture":"#0","tintindex":0},"west":{"uv":[6.0625,2.5,6.75,2.75],"rotation":0,"texture":"#0","tintindex":0},"up":{"uv":[0.0,0.6875,0.0,0.0],"rotation":0,"texture":"#0","tintindex":0},"down":{"uv":[0.0,0.0,0.0,0.6875],"rotation":0,"texture":"#0","tintindex":0}}},{"from":[5.2769327,8.340086,1.7142854],"to":[5.2769327,10.054372,8.0],"rotation":{"angle":-22.5,"axis":"z","origin":[5.2769327,9.197229,4.8571424]},"faces":{"east":{"uv":[8.0,5.0625,8.6875,5.25],"rotation":0,"texture":"#0","tintindex":0},"south":{"uv":[0.0,0.0,0.0,0.1875],"rotation":0,"texture":"#0","tintindex":0},"north":{"uv":[0.0,0.0,0.0,0.1875],"rotation":0,"texture":"#0","tintindex":0},"west":{"uv":[8.0,5.25,8.6875,5.4375],"rotation":0,"texture":"#0","tintindex":0},"up":{"uv":[0.0,0.6875,0.0,0.0],"rotation":0,"texture":"#0","tintindex":0},"down":{"uv":[0.0,0.0,0.0,0.6875],"rotation":0,"texture":"#0","tintindex":0}}},{"from":[10.504391,8.340086,1.7142854],"to":[10.504391,10.054372,8.0],"rotation":{"angle":22.5,"axis":"z","origin":[10.504391,9.197229,4.8571424]},"faces":{"east":{"uv":[8.0,5.4375,8.6875,5.625],"rotation":0,"texture":"#0","tintindex":0},"south":{"uv":[0.0,0.0,0.0,0.1875],"rotation":0,"texture":"#0","tintindex":0},"north":{"uv":[0.0,0.0,0.0,0.1875],"rotation":0,"texture":"#0","tintindex":0},"west":{"uv":[8.0,5.625,8.6875,5.8125],"rotation":0,"texture":"#0","tintindex":0},"up":{"uv":[0.0,0.6875,0.0,0.0],"rotation":0,"texture":"#0","tintindex":0},"down":{"uv":[0.0,0.0,0.0,0.6875],"rotation":0,"texture":"#0","tintindex":0}}}],"textures":{"0":"modelengine:entity/wendigo_full"},"display":{"head":{"translation":[0.0,-6.4,0.0],"scale":[4.0,4.0,4.0]}}}