{"elements":[{"from":[6.7927685,6.7868137,7.2373996],"to":[9.078484,9.072528,8.951685],"rotation":{"angle":0.0,"axis":"y","origin":[7.935626,6.7868137,8.380257]},"faces":{"east":{"uv":[3.125,8.3125,3.3125,8.5625],"rotation":0,"texture":"#0","tintindex":0},"south":{"uv":[7.5625,8.25,7.8125,8.5],"rotation":0,"texture":"#0","tintindex":0},"north":{"uv":[8.25,1.4375,8.5,1.6875],"rotation":0,"texture":"#0","tintindex":0},"west":{"uv":[3.3125,8.3125,3.5,8.5625],"rotation":0,"texture":"#0","tintindex":0},"up":{"uv":[8.5625,3.9375,8.3125,3.75],"rotation":0,"texture":"#0","tintindex":0},"down":{"uv":[8.5625,3.9375,8.3125,4.125],"rotation":0,"texture":"#0","tintindex":0}}},{"from":[7.078483,7.072528,8.951685],"to":[8.7927685,8.786814,12.951685],"rotation":{"angle":0.0,"axis":"y","origin":[8.22134,7.072528,9.523114]},"faces":{"east":{"uv":[5.625,3.125,6.0625,3.3125],"rotation":0,"texture":"#0","tintindex":0},"south":{"uv":[2.0,8.4375,2.1875,8.625],"rotation":0,"texture":"#0","tintindex":0},"north":{"uv":[8.4375,1.875,8.625,2.0625],"rotation":0,"texture":"#0","tintindex":0},"west":{"uv":[6.9375,2.875,7.375,3.0625],"rotation":0,"texture":"#0","tintindex":0},"up":{"uv":[2.125,5.0,1.9375,4.5625],"rotation":0,"texture":"#0","tintindex":0},"down":{"uv":[2.6875,5.0,2.5,5.4375],"rotation":0,"texture":"#0","tintindex":0}}},{"from":[4.7927685,9.089562,12.777914],"to":[8.7927685,9.089562,18.492199],"rotation":{"angle":-22.5,"axis":"x","origin":[8.22134,9.089562,15.063629]},"faces":{"east":{"uv":[0.0,0.0,0.625,0.0],"rotation":0,"texture":"#0","tintindex":0},"south":{"uv":[0.0,0.0,0.4375,0.0],"rotation":0,"texture":"#0","tintindex":0},"north":{"uv":[0.0,0.0,0.4375,0.0],"rotation":0,"texture":"#0","tintindex":0},"west":{"uv":[0.0,0.0,0.625,0.0],"rotation":0,"texture":"#0","tintindex":0},"up":{"uv":[7.375,8.0625,6.9375,7.4375],"rotation":0,"texture":"#0","tintindex":0},"down":{"uv":[7.9375,0.0,7.5,0.625],"rotation":0,"texture":"#0","tintindex":0}}},{"from":[8.7927685,8.215385,10.0945425],"to":[16.22134,8.215385,16.951687],"rotation":{"angle":0.0,"axis":"y","origin":[8.22134,7.072528,8.380257]},"faces":{"east":{"uv":[0.0,0.0,0.75,0.0],"rotation":0,"texture":"#0","tintindex":0},"south":{"uv":[0.0,0.0,0.8125,0.0],"rotation":0,"texture":"#0","tintindex":0},"north":{"uv":[0.0,0.0,0.8125,0.0],"rotation":0,"texture":"#0","tintindex":0},"west":{"uv":[0.0,0.0,0.75,0.0],"rotation":0,"texture":"#0","tintindex":0},"up":{"uv":[0.8125,5.0,0.0,4.25],"rotation":0,"texture":"#0","tintindex":0},"down":{"uv":[5.1875,3.375,4.375,4.125],"rotation":0,"texture":"#0","tintindex":0}}},{"from":[18.847736,7.1280675,10.0945425],"to":[18.847736,14.556639,19.808828],"rotation":{"angle":-45.0,"axis":"z","origin":[18.847736,10.842353,13.523114]},"faces":{"east":{"uv":[0.0,2.625,1.0625,3.4375],"rotation":0,"texture":"#0","tintindex":0},"south":{"uv":[0.0,0.0,0.0,0.8125],"rotation":0,"texture":"#0","tintindex":0},"north":{"uv":[0.0,0.0,0.0,0.8125],"rotation":0,"texture":"#0","tintindex":0},"west":{"uv":[2.75,0.0,3.8125,0.8125],"rotation":0,"texture":"#0","tintindex":0},"up":{"uv":[0.0,1.0625,0.0,0.0],"rotation":0,"texture":"#0","tintindex":0},"down":{"uv":[0.0,0.0,0.0,1.0625],"rotation":0,"texture":"#0","tintindex":0}}},{"from":[8.7927685,7.954972,18.263744],"to":[16.22134,13.09783,18.263744],"rotation":{"angle":22.5,"axis":"x","origin":[12.507055,11.383543,18.263744]},"faces":{"east":{"uv":[0.0,0.0,0.0,0.5625],"rotation":0,"texture":"#0","tintindex":0},"south":{"uv":[0.875,6.375,1.6875,6.9375],"rotation":0,"texture":"#0","tintindex":0},"north":{"uv":[3.25,6.3125,4.0625,6.875],"rotation":0,"texture":"#0","tintindex":0},"west":{"uv":[0.0,0.0,0.0,0.5625],"rotation":0,"texture":"#0","tintindex":0},"up":{"uv":[0.8125,0.0,0.0,0.0],"rotation":0,"texture":"#0","tintindex":0},"down":{"uv":[0.8125,0.0,0.0,0.0],"rotation":0,"texture":"#0","tintindex":0}}},{"from":[21.474133,13.46875,10.0945425],"to":[21.474133,20.897322,19.808828],"rotation":{"angle":0.0,"axis":"y","origin":[21.474133,17.183037,13.523114]},"faces":{"east":{"uv":[2.75,0.8125,3.8125,1.625],"rotation":0,"texture":"#0","tintindex":0},"south":{"uv":[0.0,0.0,0.0,0.8125],"rotation":0,"texture":"#0","tintindex":0},"north":{"uv":[0.0,0.0,0.0,0.8125],"rotation":0,"texture":"#0","tintindex":0},"west":{"uv":[2.75,1.625,3.8125,2.4375],"rotation":0,"texture":"#0","tintindex":0},"up":{"uv":[0.0,1.0625,0.0,0.0],"rotation":0,"texture":"#0","tintindex":0},"down":{"uv":[0.0,0.0,0.0,1.0625],"rotation":0,"texture":"#0","tintindex":0}}}],"textures":{"0":"modelengine:entity/wendigo_full"},"display":{"head":{"translation":[0.0,-6.4,0.0],"scale":[4.0,4.0,4.0]}}}