{"elements":[{"from":[6.857143,4.5714283,-1.7142859],"to":[10.857143,9.714286,10.857143],"rotation":{"angle":0.0,"axis":"y","origin":[9.142858,8.0,7.428571]},"faces":{"east":{"uv":[3.8125,1.75,5.1875,2.3125],"rotation":0,"texture":"#0","tintindex":0},"south":{"uv":[5.3125,7.5625,5.75,8.125],"rotation":0,"texture":"#0","tintindex":0},"north":{"uv":[7.5625,5.1875,8.0,5.75],"rotation":0,"texture":"#0","tintindex":0},"west":{"uv":[3.8125,2.3125,5.1875,2.875],"rotation":0,"texture":"#0","tintindex":0},"up":{"uv":[2.1875,7.0625,1.75,5.6875],"rotation":0,"texture":"#0","tintindex":0},"down":{"uv":[4.6875,6.0,4.25,7.375],"rotation":0,"texture":"#0","tintindex":0}}},{"from":[10.200586,4.5714283,10.726432],"to":[10.200586,9.714286,14.155004],"rotation":{"angle":-22.5,"axis":"y","origin":[10.200586,7.142857,12.440718]},"faces":{"east":{"uv":[7.875,0.625,8.25,1.1875],"rotation":0,"texture":"#0","tintindex":0},"south":{"uv":[0.0,0.0,0.0,0.5625],"rotation":0,"texture":"#0","tintindex":0},"north":{"uv":[0.0,0.0,0.0,0.5625],"rotation":0,"texture":"#0","tintindex":0},"west":{"uv":[7.875,1.1875,8.25,1.75],"rotation":0,"texture":"#0","tintindex":0},"up":{"uv":[0.0,0.375,0.0,0.0],"rotation":0,"texture":"#0","tintindex":0},"down":{"uv":[0.0,0.0,0.0,0.375],"rotation":0,"texture":"#0","tintindex":0}}}],"textures":{"0":"modelengine:entity/wendigo_full"},"display":{"head":{"translation":[0.0,-6.4,0.0],"scale":[4.0,4.0,4.0]}}}