{"elements":[{"from":[7.142857,8.0,-2.8571434],"to":[8.857143,10.285714,8.0],"rotation":{"angle":0.0,"axis":"y","origin":[8.285714,17.142857,20.57143]},"faces":{"east":{"uv":[7.25,2.0625,8.4375,2.3125],"rotation":0,"texture":"#0","tintindex":0},"south":{"uv":[1.3125,8.375,1.5,8.625],"rotation":0,"texture":"#0","tintindex":0},"north":{"uv":[1.125,8.375,1.3125,8.625],"rotation":0,"texture":"#0","tintindex":0},"west":{"uv":[7.375,6.625,8.5625,6.875],"rotation":0,"texture":"#0","tintindex":0},"up":{"uv":[5.9375,8.75,5.75,7.5625],"rotation":0,"texture":"#0","tintindex":0},"down":{"uv":[7.5625,7.6875,7.375,8.875],"rotation":0,"texture":"#0","tintindex":0}}},{"from":[6.5714283,8.0,-3.4285717],"to":[9.428572,10.857143,-1.1428576],"rotation":{"angle":-22.5,"axis":"x","origin":[8.0,9.428572,-2.285715]},"faces":{"east":{"uv":[9.1875,0.3125,9.4375,0.625],"rotation":0,"texture":"#0","tintindex":0},"south":{"uv":[8.875,0.25,9.1875,0.5625],"rotation":0,"texture":"#0","tintindex":0},"north":{"uv":[9.4375,0.25,9.75,0.5625],"rotation":0,"texture":"#0","tintindex":0},"west":{"uv":[9.1875,0.0,9.4375,0.3125],"rotation":0,"texture":"#0","tintindex":0},"up":{"uv":[9.75,0.25,9.4375,0.0],"rotation":0,"texture":"#0","tintindex":0},"down":{"uv":[9.1875,0.0,8.875,0.25],"rotation":0,"texture":"#0","tintindex":0}}},{"from":[7.714286,4.5714283,-3.4285717],"to":[7.714286,8.0,8.571428],"rotation":{"angle":0.0,"axis":"y","origin":[8.285714,17.142857,20.57143]},"faces":{"east":{"uv":[5.625,2.75,6.9375,3.125],"rotation":0,"texture":"#0","tintindex":0},"south":{"uv":[0.0,0.0,0.0,0.375],"rotation":0,"texture":"#0","tintindex":0},"north":{"uv":[0.0,0.0,0.0,0.375],"rotation":0,"texture":"#0","tintindex":0},"west":{"uv":[6.0625,3.125,7.375,3.5],"rotation":0,"texture":"#0","tintindex":0},"up":{"uv":[0.0,1.3125,0.0,0.0],"rotation":0,"texture":"#0","tintindex":0},"down":{"uv":[0.0,0.0,0.0,1.3125],"rotation":0,"texture":"#0","tintindex":0}}}],"textures":{"0":"modelengine:entity/wendigo_full"},"display":{"head":{"translation":[0.0,-6.4,0.0],"scale":[4.0,4.0,4.0]}}}