{"elements":[{"from":[6.905126,2.2769685,7.428571],"to":[8.047983,7.9912543,8.571428],"rotation":{"angle":0.0,"axis":"y","origin":[-1.6663027,19.419827,-7.4285717]},"faces":{"east":{"uv":[4.25,6.75,4.125,7.375],"rotation":0,"texture":"#0","tintindex":0},"south":{"uv":[4.375,5.375,4.25,6.0],"rotation":0,"texture":"#0","tintindex":0},"north":{"uv":[1.375,1.875,1.25,2.5],"rotation":0,"texture":"#0","tintindex":0},"west":{"uv":[2.75,1.75,2.625,2.375],"rotation":0,"texture":"#0","tintindex":0},"up":{"uv":[2.875,8.625,3.0,8.5],"rotation":0,"texture":"#0","tintindex":0},"down":{"uv":[3.0,8.5,3.125,8.625],"rotation":0,"texture":"#0","tintindex":0}}},{"from":[5.0521884,-2.1964188,7.428571],"to":[6.195046,3.517867,8.571428],"rotation":{"angle":-45.0,"axis":"z","origin":[5.623617,0.66072416,8.0]},"faces":{"east":{"uv":[7.3125,8.0625,7.1875,8.6875],"rotation":0,"texture":"#0","tintindex":0},"south":{"uv":[7.1875,8.0625,7.0625,8.6875],"rotation":0,"texture":"#0","tintindex":0},"north":{"uv":[0.875,7.5625,0.75,8.1875],"rotation":0,"texture":"#0","tintindex":0},"west":{"uv":[7.0625,8.0625,6.9375,8.6875],"rotation":0,"texture":"#0","tintindex":0},"up":{"uv":[8.5,4.625,8.625,4.5],"rotation":0,"texture":"#0","tintindex":0},"down":{"uv":[4.9375,8.5,5.0625,8.625],"rotation":0,"texture":"#0","tintindex":0}}},{"from":[-0.4285717,-0.71428585,7.428571],"to":[3.5714283,-0.71428585,8.571428],"rotation":{"angle":22.5,"axis":"z","origin":[6.428571,-0.14285755,8.0]},"faces":{"east":{"uv":[0.125,0.0,0.0,0.0],"rotation":0,"texture":"#0","tintindex":0},"south":{"uv":[0.4375,0.0,0.0,0.0],"rotation":0,"texture":"#0","tintindex":0},"north":{"uv":[0.4375,0.0,0.0,0.0],"rotation":0,"texture":"#0","tintindex":0},"west":{"uv":[0.125,0.0,0.0,0.0],"rotation":0,"texture":"#0","tintindex":0},"up":{"uv":[8.3125,3.25,8.75,3.125],"rotation":0,"texture":"#0","tintindex":0},"down":{"uv":[8.3125,3.25,8.75,3.375],"rotation":0,"texture":"#0","tintindex":0}}}],"textures":{"0":"modelengine:entity/wendigo_full"},"display":{"head":{"translation":[0.0,-6.4,0.0],"scale":[4.0,4.0,4.0]}}}