{"elements":[{"from":[6.7424,8.571428,6.857143],"to":[7.285714,9.142858,7.428571],"rotation":{"angle":0.0,"axis":"y","origin":[7.014057,8.857143,7.1424313]},"faces":{"east":{"uv":[13.379,13.754,13.496,13.871],"rotation":0,"texture":"#3","tintindex":0},"south":{"uv":[0.004,13.879,0.121,13.996],"rotation":0,"texture":"#3","tintindex":0},"north":{"uv":[13.754,13.129,13.871,13.246],"rotation":0,"texture":"#3","tintindex":0},"west":{"uv":[13.879,0.504,13.996,0.621],"rotation":0,"texture":"#3","tintindex":0},"up":{"uv":[13.996,0.871,13.879,0.754],"rotation":0,"texture":"#3","tintindex":0},"down":{"uv":[13.996,1.004,13.879,1.121],"rotation":0,"texture":"#3","tintindex":0}}},{"from":[6.7424,8.571428,8.571428],"to":[7.285714,9.142858,9.142858],"rotation":{"angle":0.0,"axis":"y","origin":[7.014057,8.857143,8.857569]},"faces":{"east":{"uv":[13.879,2.254,13.996,2.371],"rotation":0,"texture":"#3","tintindex":0},"south":{"uv":[13.879,2.504,13.996,2.621],"rotation":0,"texture":"#3","tintindex":0},"north":{"uv":[13.879,2.004,13.996,2.121],"rotation":0,"texture":"#3","tintindex":0},"west":{"uv":[2.754,13.879,2.871,13.996],"rotation":0,"texture":"#3","tintindex":0},"up":{"uv":[13.996,2.871,13.879,2.754],"rotation":0,"texture":"#3","tintindex":0},"down":{"uv":[3.121,13.879,3.004,13.996],"rotation":0,"texture":"#3","tintindex":0}}},{"from":[6.745486,8.858046,7.1427326],"to":[7.2826285,9.260903,8.117018],"rotation":{"angle":-45.0,"axis":"x","origin":[7.014057,8.857143,7.1424313]},"faces":{"east":{"uv":[13.129,0.254,13.371,0.371],"rotation":0,"texture":"#3","tintindex":0},"south":{"uv":[13.129,13.754,13.246,13.871],"rotation":0,"texture":"#3","tintindex":0},"north":{"uv":[12.504,13.754,12.621,13.871],"rotation":0,"texture":"#3","tintindex":0},"west":{"uv":[13.129,1.504,13.371,1.621],"rotation":0,"texture":"#3","tintindex":0},"up":{"uv":[2.621,13.371,2.504,13.129],"rotation":0,"texture":"#3","tintindex":0},"down":{"uv":[13.246,2.629,13.129,2.871],"rotation":0,"texture":"#3","tintindex":0}}},{"from":[6.745486,8.858046,7.882982],"to":[7.2826285,9.260903,8.857267],"rotation":{"angle":45.0,"axis":"x","origin":[7.014057,8.857143,8.857569]},"faces":{"east":{"uv":[13.129,3.254,13.371,3.371],"rotation":0,"texture":"#3","tintindex":0},"south":{"uv":[13.879,1.754,13.996,1.871],"rotation":0,"texture":"#3","tintindex":0},"north":{"uv":[13.879,1.254,13.996,1.371],"rotation":0,"texture":"#3","tintindex":0},"west":{"uv":[13.129,3.504,13.371,3.621],"rotation":0,"texture":"#3","tintindex":0},"up":{"uv":[3.746,13.371,3.629,13.129],"rotation":0,"texture":"#3","tintindex":0},"down":{"uv":[13.246,3.754,13.129,3.996],"rotation":0,"texture":"#3","tintindex":0}}},{"from":[7.5995426,8.571428,8.571428],"to":[8.142858,9.142858,9.142858],"rotation":{"angle":0.0,"axis":"y","origin":[7.8712,8.857143,8.857569]},"faces":{"east":{"uv":[7.879,13.879,7.996,13.996],"rotation":0,"texture":"#3","tintindex":0},"south":{"uv":[8.129,13.879,8.246,13.996],"rotation":0,"texture":"#3","tintindex":0},"north":{"uv":[13.879,7.754,13.996,7.871],"rotation":0,"texture":"#3","tintindex":0},"west":{"uv":[8.379,13.879,8.496,13.996],"rotation":0,"texture":"#3","tintindex":0},"up":{"uv":[8.746,13.996,8.629,13.879],"rotation":0,"texture":"#3","tintindex":0},"down":{"uv":[9.246,13.879,9.129,13.996],"rotation":0,"texture":"#3","tintindex":0}}},{"from":[7.6026287,8.858046,7.882982],"to":[8.139771,9.260903,8.857267],"rotation":{"angle":45.0,"axis":"x","origin":[7.8712,8.857143,8.857569]},"faces":{"east":{"uv":[13.129,5.129,13.371,5.246],"rotation":0,"texture":"#3","tintindex":0},"south":{"uv":[13.879,7.504,13.996,7.621],"rotation":0,"texture":"#3","tintindex":0},"north":{"uv":[7.379,13.879,7.496,13.996],"rotation":0,"texture":"#3","tintindex":0},"west":{"uv":[13.129,5.379,13.371,5.496],"rotation":0,"texture":"#3","tintindex":0},"up":{"uv":[5.371,13.371,5.254,13.129],"rotation":0,"texture":"#3","tintindex":0},"down":{"uv":[13.246,5.629,13.129,5.871],"rotation":0,"texture":"#3","tintindex":0}}},{"from":[7.6026287,8.858046,7.1427326],"to":[8.139771,9.260903,8.117018],"rotation":{"angle":-45.0,"axis":"x","origin":[7.8712,8.857143,7.1424313]},"faces":{"east":{"uv":[4.129,13.129,4.371,13.246],"rotation":0,"texture":"#3","tintindex":0},"south":{"uv":[13.879,7.254,13.996,7.371],"rotation":0,"texture":"#3","tintindex":0},"north":{"uv":[13.879,6.254,13.996,6.371],"rotation":0,"texture":"#3","tintindex":0},"west":{"uv":[13.129,4.504,13.371,4.621],"rotation":0,"texture":"#3","tintindex":0},"up":{"uv":[4.871,13.371,4.754,13.129],"rotation":0,"texture":"#3","tintindex":0},"down":{"uv":[5.121,13.129,5.004,13.371],"rotation":0,"texture":"#3","tintindex":0}}},{"from":[7.5995426,8.571428,6.857143],"to":[8.142858,9.142858,7.428571],"rotation":{"angle":0.0,"axis":"y","origin":[7.8712,8.857143,7.1424313]},"faces":{"east":{"uv":[13.879,3.754,13.996,3.871],"rotation":0,"texture":"#3","tintindex":0},"south":{"uv":[4.254,13.879,4.371,13.996],"rotation":0,"texture":"#3","tintindex":0},"north":{"uv":[13.879,3.004,13.996,3.121],"rotation":0,"texture":"#3","tintindex":0},"west":{"uv":[13.879,4.504,13.996,4.621],"rotation":0,"texture":"#3","tintindex":0},"up":{"uv":[13.996,5.496,13.879,5.379],"rotation":0,"texture":"#3","tintindex":0},"down":{"uv":[13.996,5.629,13.879,5.746],"rotation":0,"texture":"#3","tintindex":0}}},{"from":[6.0,5.714286,6.857143],"to":[8.285714,8.0,9.142858],"rotation":{"angle":0.0,"axis":"y","origin":[10.571428,-5.1428576,8.0]},"faces":{"east":{"uv":[6.004,3.004,6.496,3.496],"rotation":0,"texture":"#3","tintindex":0},"south":{"uv":[5.629,6.004,6.121,6.496],"rotation":0,"texture":"#3","tintindex":0},"north":{"uv":[1.879,6.004,2.371,6.496],"rotation":0,"texture":"#3","tintindex":0},"west":{"uv":[0.004,6.129,0.496,6.621],"rotation":0,"texture":"#3","tintindex":0},"up":{"uv":[6.746,2.496,6.254,2.004],"rotation":0,"texture":"#3","tintindex":0},"down":{"uv":[6.746,3.629,6.254,4.121],"rotation":0,"texture":"#3","tintindex":0}}},{"from":[5.428571,4.0,6.857143],"to":[6.0,6.285714,9.142858],"rotation":{"angle":0.0,"axis":"y","origin":[10.571428,-5.1428576,8.0]},"faces":{"east":{"uv":[5.629,7.254,6.121,7.746],"rotation":0,"texture":"#3","tintindex":0},"south":{"uv":[1.379,11.504,1.496,11.996],"rotation":0,"texture":"#3","tintindex":0},"north":{"uv":[1.129,11.504,1.246,11.996],"rotation":0,"texture":"#3","tintindex":0},"west":{"uv":[0.004,7.379,0.496,7.871],"rotation":0,"texture":"#3","tintindex":0},"up":{"uv":[3.496,11.996,3.379,11.504],"rotation":0,"texture":"#3","tintindex":0},"down":{"uv":[3.746,11.504,3.629,11.996],"rotation":0,"texture":"#3","tintindex":0}}},{"from":[7.5714283,5.142857,6.857143],"to":[8.142858,5.714286,9.142858],"rotation":{"angle":0.0,"axis":"y","origin":[10.428572,-5.714287,8.0]},"faces":{"east":{"uv":[11.129,10.379,11.621,10.496],"rotation":0,"texture":"#3","tintindex":0},"south":{"uv":[13.504,9.129,13.621,9.246],"rotation":0,"texture":"#3","tintindex":0},"north":{"uv":[13.504,8.879,13.621,8.996],"rotation":0,"texture":"#3","tintindex":0},"west":{"uv":[11.004,11.129,11.496,11.246],"rotation":0,"texture":"#3","tintindex":0},"up":{"uv":[11.371,1.246,11.254,0.754],"rotation":0,"texture":"#3","tintindex":0},"down":{"uv":[0.996,11.254,0.879,11.746],"rotation":0,"texture":"#3","tintindex":0}}},{"from":[6.142857,5.142857,6.857143],"to":[6.714286,5.714286,9.142858],"rotation":{"angle":0.0,"axis":"y","origin":[9.0,-5.714287,8.0]},"faces":{"east":{"uv":[1.129,11.254,1.621,11.371],"rotation":0,"texture":"#3","tintindex":0},"south":{"uv":[9.629,13.504,9.746,13.621],"rotation":0,"texture":"#3","tintindex":0},"north":{"uv":[9.379,13.504,9.496,13.621],"rotation":0,"texture":"#3","tintindex":0},"west":{"uv":[3.379,11.254,3.871,11.371],"rotation":0,"texture":"#3","tintindex":0},"up":{"uv":[1.871,11.746,1.754,11.254],"rotation":0,"texture":"#3","tintindex":0},"down":{"uv":[2.121,11.254,2.004,11.746],"rotation":0,"texture":"#3","tintindex":0}}},{"from":[7.142857,5.714286,6.714286],"to":[7.714286,9.142858,6.857143],"rotation":{"angle":0.0,