{"elements":[{"from":[9.021961,6.9874015,7.0],"to":[9.107676,7.5588303,9.0],"rotation":{"angle":0.0,"axis":"y","origin":[8.307676,6.273116,9.857143]},"faces":{"east":{"uv":[11.629,4.129,12.121,4.246],"rotation":0,"texture":"#3","tintindex":0},"south":{"uv":[12.129,13.879,12.246,13.996],"rotation":0,"texture":"#3","tintindex":0},"north":{"uv":[13.879,12.004,13.996,12.121],"rotation":0,"texture":"#3","tintindex":0},"west":{"uv":[11.629,5.254,12.121,5.371],"rotation":0,"texture":"#3","tintindex":0},"up":{"uv":[5.121,12.121,5.004,11.629],"rotation":0,"texture":"#3","tintindex":0},"down":{"uv":[5.371,11.629,5.254,12.121],"rotation":0,"texture":"#3","tintindex":0}}},{"from":[7.0219617,6.9874015,6.9142857],"to":[9.021961,7.5588303,7.0],"rotation":{"angle":0.0,"axis":"y","origin":[13.879105,6.273116,11.714286]},"faces":{"east":{"uv":[13.879,12.504,13.996,12.621],"rotation":0,"texture":"#3","tintindex":0},"south":{"uv":[11.629,7.254,12.121,7.371],"rotation":0,"texture":"#3","tintindex":0},"north":{"uv":[6.004,11.629,6.496,11.746],"rotation":0,"texture":"#3","tintindex":0},"west":{"uv":[12.754,13.879,12.871,13.996],"rotation":0,"texture":"#3","tintindex":0},"up":{"uv":[12.121,7.621,11.629,7.504],"rotation":0,"texture":"#3","tintindex":0},"down":{"uv":[12.121,9.754,11.629,9.871],"rotation":0,"texture":"#3","tintindex":0}}},{"from":[7.0219617,5.8445444,6.9142857],"to":[9.021961,6.415973,7.0],"rotation":{"angle":0.0,"axis":"y","origin":[13.879105,5.1302586,11.714286]},"faces":{"east":{"uv":[0.754,13.504,0.871,13.621],"rotation":0,"texture":"#3","tintindex":0},"south":{"uv":[10.754,10.629,11.246,10.746],"rotation":0,"texture":"#3","tintindex":0},"north":{"uv":[10.754,9.004,11.246,9.121],"rotation":0,"texture":"#3","tintindex":0},"west":{"uv":[1.004,13.504,1.121,13.621],"rotation":0,"texture":"#3","tintindex":0},"up":{"uv":[11.371,0.121,10.879,0.004],"rotation":0,"texture":"#3","tintindex":0},"down":{"uv":[11.371,0.254,10.879,0.371],"rotation":0,"texture":"#3","tintindex":0}}},{"from":[7.0219617,5.8445444,9.0],"to":[9.021961,6.415973,9.085714],"rotation":{"angle":0.0,"axis":"y","origin":[13.879105,5.1302586,11.714286]},"faces":{"east":{"uv":[2.004,13.504,2.121,13.621],"rotation":0,"texture":"#3","tintindex":0},"south":{"uv":[10.879,8.004,11.371,8.121],"rotation":0,"texture":"#3","tintindex":0},"north":{"uv":[10.879,7.754,11.371,7.871],"rotation":0,"texture":"#3","tintindex":0},"west":{"uv":[2.254,13.504,2.371,13.621],"rotation":0,"texture":"#3","tintindex":0},"up":{"uv":[11.371,8.621,10.879,8.504],"rotation":0,"texture":"#3","tintindex":0},"down":{"uv":[1.496,11.004,1.004,11.121],"rotation":0,"texture":"#3","tintindex":0}}},{"from":[6.9362473,5.8445444,7.0],"to":[7.0219617,6.415973,9.0],"rotation":{"angle":0.0,"axis":"y","origin":[8.307676,5.1302586,9.857143]},"faces":{"east":{"uv":[10.879,0.504,11.371,0.621],"rotation":0,"texture":"#3","tintindex":0},"south":{"uv":[1.504,13.504,1.621,13.621],"rotation":0,"texture":"#3","tintindex":0},"north":{"uv":[1.254,13.504,1.371,13.621],"rotation":0,"texture":"#3","tintindex":0},"west":{"uv":[10.879,2.004,11.371,2.121],"rotation":0,"texture":"#3","tintindex":0},"up":{"uv":[9.996,11.246,9.879,10.754],"rotation":0,"texture":"#3","tintindex":0},"down":{"uv":[10.996,6.129,10.879,6.621],"rotation":0,"texture":"#3","tintindex":0}}},{"from":[9.021961,5.8445444,7.0],"to":[9.107676,6.415973,9.0],"rotation":{"angle":0.0,"axis":"y","origin":[8.307676,5.1302586,9.857143]},"faces":{"east":{"uv":[10.879,6.754,11.371,6.871],"rotation":0,"texture":"#3","tintindex":0},"south":{"uv":[1.754,13.504,1.871,13.621],"rotation":0,"texture":"#3","tintindex":0},"north":{"uv":[13.504,1.504,13.621,1.621],"rotation":0,"texture":"#3","tintindex":0},"west":{"uv":[10.879,7.004,11.371,7.121],"rotation":0,"texture":"#3","tintindex":0},"up":{"uv":[9.371,11.371,9.254,10.879],"rotation":0,"texture":"#3","tintindex":0},"down":{"uv":[10.871,10.879,10.754,11.371],"rotation":0,"texture":"#3","tintindex":0}}},{"from":[7.0219617,6.9874015,9.0],"to":[9.021961,7.5588303,9.085714],"rotation":{"angle":0.0,"axis":"y","origin":[13.879105,6.273116,11.714286]},"faces":{"east":{"uv":[11.379,13.879,11.496,13.996],"rotation":0,"texture":"#3","tintindex":0},"south":{"uv":[2.504,11.629,2.996,11.746],"rotation":0,"texture":"#3","tintindex":0},"north":{"uv":[0.004,11.629,0.496,11.746],"rotation":0,"texture":"#3","tintindex":0},"west":{"uv":[13.879,11.504,13.996,11.621],"rotation":0,"texture":"#3","tintindex":0},"up":{"uv":[12.121,2.871,11.629,2.754],"rotation":0,"texture":"#3","tintindex":0},"down":{"uv":[12.121,3.004,11.629,3.121],"rotation":0,"texture":"#3","tintindex":0}}},{"from":[6.9362473,6.9874015,7.0],"to":[7.0219617,7.5588303,9.0],"rotation":{"angle":0.0,"axis":"y","origin":[8.307676,6.273116,9.857143]},"faces":{"east":{"uv":[11.629,3.629,12.121,3.746],"rotation":0,"texture":"#3","tintindex":0},"south":{"uv":[13.879,11.754,13.996,11.871],"rotation":0,"texture":"#3","tintindex":0},"north":{"uv":[11.629,13.879,11.746,13.996],"rotation":0,"texture":"#3","tintindex":0},"west":{"uv":[11.629,3.879,12.121,3.996],"rotation":0,"texture":"#3","tintindex":0},"up":{"uv":[9.371,11.996,9.254,11.504],"rotation":0,"texture":"#3","tintindex":0},"down":{"uv":[4.371,11.629,4.254,12.121],"rotation":0,"texture":"#3","tintindex":0}}},{"from":[7.164819,7.273116,7.142857],"to":[8.879105,8.415973,8.857143],"rotation":{"angle":0.0,"axis":"y","origin":[8.021961,7.8445444,8.0]},"faces":{"east":{"uv":[8.5,0.0,9.875,1.25],"rotation":0,"texture":"#5","tintindex":0},"south":{"uv":[8.5,0.0,9.875,1.25],"rotation":0,"texture":"#5","tintindex":0},"north":{"uv":[8.5,0.0,9.875,1.25],"rotation":0,"texture":"#5","tintindex":0},"west":{"uv":[8.5,0.0,9.875,1.25],"rotation":0,"texture":"#5","tintindex":0},"up":{"uv":[8.5,0.0,9.875,1.25],"rotation":0,"texture":"#5","tintindex":0},"down":{"uv":[9.5,1.5,10.875,2.75],"rotation":0,"texture":"#5","tintindex":0}}},{"from":[7.0219617,5.5588303,7.0],"to":[9.021961,7.8445444,9.0],"rotation":{"angle":0.0,"axis":"y","origin":[11.450533,-1.8697414,8.0]},"faces":{"east":{"uv":[6.254,6.129,6.746,6.621],"rotation":0,"texture":"#3","tintindex":0},"south":{"uv":[0.629,6.379,1.121,6.871],"rotation":0,"texture":"#3","tintindex":0},"north":{"uv":[6.254,5.504,6.746,5.996],"rotation":0,"texture":"#3","tintindex":0},"west":{"uv":[2.504,6.379,2.996,6.871],"rotation":0,"texture":"#3","tintindex":0},"up":{"uv":[3.621,6.871,3.129,6.379],"rotation":0,"texture":"#3","tintindex":0},"down":{"uv":[6.996,0.004,6.504,0.496],"rotation":0,"texture":"#3","tintindex":0}}},{"from":[6.736247,5.5588303,7.285714],"to":[7.0219617,7.273116,7.857143],"rotation":{"angle":0.0,"axis":"y","origin":[11.021962,-1.8697414,8.0]},"faces":{"east":{"uv":[8.504,12.254,8.621,12.621],"rotation":0,"texture":"#3","tintindex":0},"south":{"uv":[12.254,11.129,12.371,11.496],"rotation":0,"texture":"#3","tintindex":0},"north":{"uv":[10.629,12.129,10.746,12.496],"rotation":0,"texture":"#3","tintindex":0},"west":{"uv":[12.254,11.629,12.371,11.996],"rotation":0,"texture":"#3","tintindex":0},"up":{"uv":[0.746,5.246,0.629,5.129],"rotation":0,"texture":"#3","tintindex":0},"down":{"uv":[3.246,5.379,3.129,5.496],"rotation":0,"texture":"#3","tintindex":0}}},{"from":[6.73081,7.2457814,7.285714],"to":[7.0165243,8.3886385,7.857143],"rotation":{"angle":-22.5,"axis":"z","origin":[6.8022385,7.2457814,8.428572]},"faces":{"east":{"uv":[12.629,8.629,12.746,8.871],"rotation":0,"texture":"#3","tintindex":0},"south":{"uv":[12.629,9.004,12.746,9.246],"rotation":0,"texture":"#3","tintindex":0},"north":{"uv":[12.629,7.254,12.746,7.496],"rotation":0,"texture":"#3","tintindex":0},"west":{"uv":[9.254,12.629,9.371,12.871],"rotation":0,"texture":"#3","tintindex":0},"up":{"uv":[8.746,13.496,8.629,13.379],"rotation":0,"texture":"#3","tintindex":0},"down":{"uv":[13.496,10.004,13.379,10.121],"rotation":0,"texture":"#3","tintindex":0}}},{"from":[6.73081,7.2457814,8.142858],"to":[7.0165243,8.3886385,8.714286],"rotation":{"angle":-22.5,"axis":"z",