{"elements":[{"from":[7.142857,6.857143,7.428571],"to":[8.857143,8.142858,9.142858],"rotation":{"angle":0.0,"axis":"y","origin":[8.942857,4.0,8.285714]},"faces":{"east":{"uv":[8.5,0.0,9.875,1.25],"rotation":0,"texture":"#5","tintindex":0},"south":{"uv":[8.5,0.0,9.875,1.25],"rotation":0,"texture":"#5","tintindex":0},"north":{"uv":[8.5,0.0,9.875,1.25],"rotation":0,"texture":"#5","tintindex":0},"west":{"uv":[8.5,0.0,9.875,1.25],"rotation":0,"texture":"#5","tintindex":0},"up":{"uv":[8.5,0.0,9.875,1.25],"rotation":0,"texture":"#5","tintindex":0},"down":{"uv":[9.5,1.5,10.875,2.75],"rotation":0,"texture":"#5","tintindex":0}}},{"from":[7.142857,7.428571,6.857143],"to":[8.857143,8.571428,7.428571],"rotation":{"angle":0.0,"axis":"y","origin":[8.942857,4.0,8.285714]},"faces":{"east":{"uv":[12.629,9.379,12.746,9.621],"rotation":0,"texture":"#3","tintindex":0},"south":{"uv":[2.379,9.504,2.746,9.746],"rotation":0,"texture":"#3","tintindex":0},"north":{"uv":[9.504,2.129,9.871,2.371],"rotation":0,"texture":"#3","tintindex":0},"west":{"uv":[9.504,12.629,9.621,12.871],"rotation":0,"texture":"#3","tintindex":0},"up":{"uv":[12.746,1.746,12.379,1.629],"rotation":0,"texture":"#3","tintindex":0},"down":{"uv":[2.621,12.379,2.254,12.496],"rotation":0,"texture":"#3","tintindex":0}}},{"from":[7.0,7.428571,7.428571],"to":[9.0,8.0,9.285714],"rotation":{"angle":0.0,"axis":"y","origin":[8.942857,4.0,8.285714]},"faces":{"east":{"uv":[2.754,12.379,3.121,12.496],"rotation":0,"texture":"#3","tintindex":0},"south":{"uv":[11.004,2.879,11.496,2.996],"rotation":0,"texture":"#3","tintindex":0},"north":{"uv":[1.629,11.004,2.121,11.121],"rotation":0,"texture":"#3","tintindex":0},"west":{"uv":[12.379,3.129,12.746,3.246],"rotation":0,"texture":"#3","tintindex":0},"up":{"uv":[1.746,8.371,1.254,8.004],"rotation":0,"texture":"#3","tintindex":0},"down":{"uv":[6.371,8.004,5.879,8.371],"rotation":0,"texture":"#3","tintindex":0}}},{"from":[6.857143,4.5714283,7.142857],"to":[8.857143,6.857143,9.428572],"rotation":{"angle":0.0,"axis":"y","origin":[7.857143,10.571428,8.285714]},"faces":{"east":{"uv":[6.879,3.879,7.371,4.371],"rotation":0,"texture":"#3","tintindex":0},"south":{"uv":[6.879,4.504,7.371,4.996],"rotation":0,"texture":"#3","tintindex":0},"north":{"uv":[6.879,3.254,7.371,3.746],"rotation":0,"texture":"#3","tintindex":0},"west":{"uv":[6.879,5.129,7.371,5.621],"rotation":0,"texture":"#3","tintindex":0},"up":{"uv":[7.371,6.246,6.879,5.754],"rotation":0,"texture":"#3","tintindex":0},"down":{"uv":[7.371,6.379,6.879,6.871],"rotation":0,"texture":"#3","tintindex":0}}},{"from":[6.6714287,6.285714,7.1285715],"to":[9.042857,6.9142857,9.442858],"rotation":{"angle":0.0,"axis":"y","origin":[7.857143,10.571428,8.285714]},"faces":{"east":{"uv":[11.629,11.629,12.121,11.746],"rotation":0,"texture":"#3","tintindex":0},"south":{"uv":[11.754,1.504,12.246,1.621],"rotation":0,"texture":"#3","tintindex":0},"north":{"uv":[11.629,11.379,12.121,11.496],"rotation":0,"texture":"#3","tintindex":0},"west":{"uv":[11.754,1.754,12.246,1.871],"rotation":0,"texture":"#3","tintindex":0},"up":{"uv":[1.746,7.871,1.254,7.379],"rotation":0,"texture":"#3","tintindex":0},"down":{"uv":[6.746,7.379,6.254,7.871],"rotation":0,"texture":"#3","tintindex":0}}},{"from":[6.7,4.0,7.142857],"to":[9.042857,4.5714283,9.442858],"rotation":{"angle":0.0,"axis":"y","origin":[7.857143,8.285714,8.285714]},"faces":{"east":{"uv":[5.504,11.254,5.996,11.371],"rotation":0,"texture":"#3","tintindex":0},"south":{"uv":[11.254,5.504,11.746,5.621],"rotation":0,"texture":"#3","tintindex":0},"north":{"uv":[11.254,4.504,11.746,4.621],"rotation":0,"texture":"#3","tintindex":0},"west":{"uv":[11.254,5.754,11.746,5.871],"rotation":0,"texture":"#3","tintindex":0},"up":{"uv":[4.871,7.621,4.379,7.129],"rotation":0,"texture":"#3","tintindex":0},"down":{"uv":[2.371,7.254,1.879,7.746],"rotation":0,"texture":"#3","tintindex":0}}}],"textures":{"3":"modelengine:entity/fallenheraldxd","5":"modelengine:entity/boneshadin2artificialpng"},"display":{"head":{"translation":[0.0,-6.4,0.0],"scale":[4.0,4.0,4.0]}}}