{"elements":[{"from":[7.142857,6.857143,7.428571],"to":[8.857143,8.142858,9.142858],"rotation":{"angle":0.0,"axis":"y","origin":[7.0571427,4.0,8.285714]},"faces":{"east":{"uv":[8.5,0.0,9.875,1.25],"rotation":0,"texture":"#5","tintindex":0},"south":{"uv":[8.5,0.0,9.875,1.25],"rotation":0,"texture":"#5","tintindex":0},"north":{"uv":[8.5,0.0,9.875,1.25],"rotation":0,"texture":"#5","tintindex":0},"west":{"uv":[8.5,0.0,9.875,1.25],"rotation":0,"texture":"#5","tintindex":0},"up":{"uv":[8.5,0.0,9.875,1.25],"rotation":0,"texture":"#5","tintindex":0},"down":{"uv":[9.5,1.5,10.875,2.75],"rotation":0,"texture":"#5","tintindex":0}}},{"from":[7.142857,7.428571,6.857143],"to":[8.857143,8.571428,7.428571],"rotation":{"angle":0.0,"axis":"y","origin":[7.0571427,4.0,8.285714]},"faces":{"east":{"uv":[6.879,13.379,6.996,13.621],"rotation":0,"texture":"#3","tintindex":0},"south":{"uv":[9.879,10.129,10.246,10.371],"rotation":0,"texture":"#3","tintindex":0},"north":{"uv":[9.379,10.129,9.746,10.371],"rotation":0,"texture":"#3","tintindex":0},"west":{"uv":[7.629,13.379,7.746,13.621],"rotation":0,"texture":"#3","tintindex":0},"up":{"uv":[5.371,12.746,5.004,12.629],"rotation":0,"texture":"#3","tintindex":0},"down":{"uv":[12.996,6.004,12.629,6.121],"rotation":0,"texture":"#3","tintindex":0}}},{"from":[7.0,7.428571,7.428571],"to":[9.0,8.0,9.285714],"rotation":{"angle":0.0,"axis":"y","origin":[7.0571427,4.0,8.285714]},"faces":{"east":{"uv":[12.379,4.629,12.746,4.746],"rotation":0,"texture":"#3","tintindex":0},"south":{"uv":[7.254,11.004,7.746,11.121],"rotation":0,"texture":"#3","tintindex":0},"north":{"uv":[6.004,11.004,6.496,11.121],"rotation":0,"texture":"#3","tintindex":0},"west":{"uv":[12.379,4.879,12.746,4.996],"rotation":0,"texture":"#3","tintindex":0},"up":{"uv":[8.621,2.246,8.129,1.879],"rotation":0,"texture":"#3","tintindex":0},"down":{"uv":[8.621,3.004,8.129,3.371],"rotation":0,"texture":"#3","tintindex":0}}},{"from":[7.142857,4.5714283,7.142857],"to":[9.142858,6.857143,9.428572],"rotation":{"angle":0.0,"axis":"y","origin":[8.142858,10.571428,8.285714]},"faces":{"east":{"uv":[6.879,7.004,7.371,7.496],"rotation":0,"texture":"#3","tintindex":0},"south":{"uv":[7.129,0.004,7.621,0.496],"rotation":0,"texture":"#3","tintindex":0},"north":{"uv":[3.129,7.004,3.621,7.496],"rotation":0,"texture":"#3","tintindex":0},"west":{"uv":[7.129,0.629,7.621,1.121],"rotation":0,"texture":"#3","tintindex":0},"up":{"uv":[7.621,1.746,7.129,1.254],"rotation":0,"texture":"#3","tintindex":0},"down":{"uv":[4.246,7.129,3.754,7.621],"rotation":0,"texture":"#3","tintindex":0}}},{"from":[6.957143,4.0,7.142857],"to":[9.3,4.5714283,9.442858],"rotation":{"angle":0.0,"axis":"y","origin":[8.142858,8.285714,8.285714]},"faces":{"east":{"uv":[7.879,11.254,8.371,11.371],"rotation":0,"texture":"#3","tintindex":0},"south":{"uv":[10.129,11.254,10.621,11.371],"rotation":0,"texture":"#3","tintindex":0},"north":{"uv":[7.254,11.254,7.746,11.371],"rotation":0,"texture":"#3","tintindex":0},"west":{"uv":[0.004,11.379,0.496,11.496],"rotation":0,"texture":"#3","tintindex":0},"up":{"uv":[7.746,2.996,7.254,2.504],"rotation":0,"texture":"#3","tintindex":0},"down":{"uv":[5.496,7.254,5.004,7.746],"rotation":0,"texture":"#3","tintindex":0}}},{"from":[6.957143,6.285714,7.1285715],"to":[9.328571,6.9142857,9.442858],"rotation":{"angle":0.0,"axis":"y","origin":[8.142858,10.571428,8.285714]},"faces":{"east":{"uv":[12.129,6.754,12.621,6.871],"rotation":0,"texture":"#3","tintindex":0},"south":{"uv":[6.879,12.129,7.371,12.246],"rotation":0,"texture":"#3","tintindex":0},"north":{"uv":[6.004,12.129,6.496,12.246],"rotation":0,"texture":"#3","tintindex":0},"west":{"uv":[12.129,7.004,12.621,7.121],"rotation":0,"texture":"#3","tintindex":0},"up":{"uv":[8.246,1.121,7.754,0.629],"rotation":0,"texture":"#3","tintindex":0},"down":{"uv":[8.246,1.254,7.754,1.746],"rotation":0,"texture":"#3","tintindex":0}}}],"textures":{"3":"modelengine:entity/fallenheraldxd","5":"modelengine:entity/boneshadin2artificialpng"},"display":{"head":{"translation":[0.0,-6.4,0.0],"scale":[4.0,4.0,4.0]}}}