{"elements":[{"from":[6.549467,7.273116,7.142857],"to":[8.263753,8.415973,8.857143],"rotation":{"angle":0.0,"axis":"y","origin":[7.4066095,7.8445444,8.0]},"faces":{"east":{"uv":[8.5,0.0,9.875,1.25],"rotation":0,"texture":"#5","tintindex":0},"south":{"uv":[8.5,0.0,9.875,1.25],"rotation":0,"texture":"#5","tintindex":0},"north":{"uv":[8.5,0.0,9.875,1.25],"rotation":0,"texture":"#5","tintindex":0},"west":{"uv":[8.5,0.0,9.875,1.25],"rotation":0,"texture":"#5","tintindex":0},"up":{"uv":[8.5,0.0,9.875,1.25],"rotation":0,"texture":"#5","tintindex":0},"down":{"uv":[9.5,1.5,10.875,2.75],"rotation":0,"texture":"#5","tintindex":0}}},{"from":[6.4066095,5.5588303,7.0],"to":[8.40661,7.8445444,9.0],"rotation":{"angle":0.0,"axis":"y","origin":[3.9780378,-1.8697414,8.0]},"faces":{"east":{"uv":[7.504,3.129,7.996,3.621],"rotation":0,"texture":"#3","tintindex":0},"south":{"uv":[7.504,3.754,7.996,4.246],"rotation":0,"texture":"#3","tintindex":0},"north":{"uv":[7.504,1.879,7.996,2.371],"rotation":0,"texture":"#3","tintindex":0},"west":{"uv":[7.504,4.379,7.996,4.871],"rotation":0,"texture":"#3","tintindex":0},"up":{"uv":[7.996,5.496,7.504,5.004],"rotation":0,"texture":"#3","tintindex":0},"down":{"uv":[7.996,5.629,7.504,6.121],"rotation":0,"texture":"#3","tintindex":0}}},{"from":[8.40661,5.5588303,7.285714],"to":[8.692324,7.273116,7.857143],"rotation":{"angle":0.0,"axis":"y","origin":[4.4066095,-1.8697414,8.0]},"faces":{"east":{"uv":[2.254,12.629,2.371,12.996],"rotation":0,"texture":"#3","tintindex":0},"south":{"uv":[12.629,2.254,12.746,2.621],"rotation":0,"texture":"#3","tintindex":0},"north":{"uv":[1.504,12.629,1.621,12.996],"rotation":0,"texture":"#3","tintindex":0},"west":{"uv":[2.504,12.629,2.621,12.996],"rotation":0,"texture":"#3","tintindex":0},"up":{"uv":[4.621,14.121,4.504,14.004],"rotation":0,"texture":"#3","tintindex":0},"down":{"uv":[4.871,14.004,4.754,14.121],"rotation":0,"texture":"#3","tintindex":0}}},{"from":[6.4066095,5.8445444,6.9142857],"to":[8.40661,6.415973,7.0],"rotation":{"angle":0.0,"axis":"y","origin":[1.5494666,5.1302586,11.714286]},"faces":{"east":{"uv":[14.004,4.004,14.121,4.121],"rotation":0,"texture":"#3","tintindex":0},"south":{"uv":[10.129,11.879,10.621,11.996],"rotation":0,"texture":"#3","tintindex":0},"north":{"uv":[11.879,7.754,12.371,7.871],"rotation":0,"texture":"#3","tintindex":0},"west":{"uv":[14.004,4.254,14.121,4.371],"rotation":0,"texture":"#3","tintindex":0},"up":{"uv":[12.121,11.996,11.629,11.879],"rotation":0,"texture":"#3","tintindex":0},"down":{"uv":[12.496,2.254,12.004,2.371],"rotation":0,"texture":"#3","tintindex":0}}},{"from":[6.4066095,5.8445444,9.0],"to":[8.40661,6.415973,9.085714],"rotation":{"angle":0.0,"axis":"y","origin":[1.5494666,5.1302586,11.714286]},"faces":{"east":{"uv":[3.754,14.004,3.871,14.121],"rotation":0,"texture":"#3","tintindex":0},"south":{"uv":[11.879,5.754,12.371,5.871],"rotation":0,"texture":"#3","tintindex":0},"north":{"uv":[11.879,5.504,12.371,5.621],"rotation":0,"texture":"#3","tintindex":0},"west":{"uv":[4.004,14.004,4.121,14.121],"rotation":0,"texture":"#3","tintindex":0},"up":{"uv":[6.496,11.996,6.004,11.879],"rotation":0,"texture":"#3","tintindex":0},"down":{"uv":[7.871,11.879,7.379,11.996],"rotation":0,"texture":"#3","tintindex":0}}},{"from":[8.40661,5.8445444,7.0],"to":[8.492324,6.415973,9.0],"rotation":{"angle":0.0,"axis":"y","origin":[7.1208954,5.1302586,9.857143]},"faces":{"east":{"uv":[2.504,11.879,2.996,11.996],"rotation":0,"texture":"#3","tintindex":0},"south":{"uv":[14.004,3.504,14.121,3.621],"rotation":0,"texture":"#3","tintindex":0},"north":{"uv":[3.504,14.004,3.621,14.121],"rotation":0,"texture":"#3","tintindex":0},"west":{"uv":[11.879,4.379,12.371,4.496],"rotation":0,"texture":"#3","tintindex":0},"up":{"uv":[9.621,12.246,9.504,11.754],"rotation":0,"texture":"#3","tintindex":0},"down":{"uv":[10.996,11.754,10.879,12.246],"rotation":0,"texture":"#3","tintindex":0}}},{"from":[6.320895,5.8445444,7.0],"to":[6.4066095,6.415973,9.0],"rotation":{"angle":0.0,"axis":"y","origin":[7.1208954,5.1302586,9.857143]},"faces":{"east":{"uv":[11.879,0.629,12.371,0.746],"rotation":0,"texture":"#3","tintindex":0},"south":{"uv":[14.004,3.254,14.121,3.371],"rotation":0,"texture":"#3","tintindex":0},"north":{"uv":[3.254,14.004,3.371,14.121],"rotation":0,"texture":"#3","tintindex":0},"west":{"uv":[1.629,11.879,2.121,11.996],"rotation":0,"texture":"#3","tintindex":0},"up":{"uv":[4.871,12.246,4.754,11.754],"rotation":0,"texture":"#3","tintindex":0},"down":{"uv":[6.746,11.754,6.629,12.246],"rotation":0,"texture":"#3","tintindex":0}}},{"from":[6.4066095,6.9874015,6.9142857],"to":[8.40661,7.5588303,7.0],"rotation":{"angle":0.0,"axis":"y","origin":[1.5494666,6.273116,11.714286]},"faces":{"east":{"uv":[2.254,14.004,2.371,14.121],"rotation":0,"texture":"#3","tintindex":0},"south":{"uv":[11.754,10.254,12.246,10.371],"rotation":0,"texture":"#3","tintindex":0},"north":{"uv":[11.754,10.004,12.246,10.121],"rotation":0,"texture":"#3","tintindex":0},"west":{"uv":[2.504,14.004,2.621,14.121],"rotation":0,"texture":"#3","tintindex":0},"up":{"uv":[0.496,11.996,0.004,11.879],"rotation":0,"texture":"#3","tintindex":0},"down":{"uv":[12.371,0.004,11.879,0.121],"rotation":0,"texture":"#3","tintindex":0}}},{"from":[6.320895,6.9874015,7.0],"to":[6.4066095,7.5588303,9.0],"rotation":{"angle":0.0,"axis":"y","origin":[7.1208954,6.273116,9.857143]},"faces":{"east":{"uv":[11.754,9.254,12.246,9.371],"rotation":0,"texture":"#3","tintindex":0},"south":{"uv":[2.004,14.004,2.121,14.121],"rotation":0,"texture":"#3","tintindex":0},"north":{"uv":[1.754,14.004,1.871,14.121],"rotation":0,"texture":"#3","tintindex":0},"west":{"uv":[11.754,9.504,12.246,9.621],"rotation":0,"texture":"#3","tintindex":0},"up":{"uv":[2.371,12.246,2.254,11.754],"rotation":0,"texture":"#3","tintindex":0},"down":{"uv":[3.246,11.754,3.129,12.246],"rotation":0,"texture":"#3","tintindex":0}}},{"from":[8.40661,6.9874015,7.0],"to":[8.492324,7.5588303,9.0],"rotation":{"angle":0.0,"axis":"y","origin":[7.1208954,6.273116,9.857143]},"faces":{"east":{"uv":[11.754,8.754,12.246,8.871],"rotation":0,"texture":"#3","tintindex":0},"south":{"uv":[14.004,1.504,14.121,1.621],"rotation":0,"texture":"#3","tintindex":0},"north":{"uv":[1.504,14.004,1.621,14.121],"rotation":0,"texture":"#3","tintindex":0},"west":{"uv":[11.754,9.004,12.246,9.121],"rotation":0,"texture":"#3","tintindex":0},"up":{"uv":[8.621,12.121,8.504,11.629],"rotation":0,"texture":"#3","tintindex":0},"down":{"uv":[0.746,11.754,0.629,12.246],"rotation":0,"texture":"#3","tintindex":0}}},{"from":[6.4066095,6.9874015,9.0],"to":[8.40661,7.5588303,9.085714],"rotation":{"angle":0.0,"axis":"y","origin":[1.5494666,6.273116,11.714286]},"faces":{"east":{"uv":[1.004,14.004,1.121,14.121],"rotation":0,"texture":"#3","tintindex":0},"south":{"uv":[11.754,4.754,12.246,4.871],"rotation":0,"texture":"#3","tintindex":0},"north":{"uv":[11.754,3.254,12.246,3.371],"rotation":0,"texture":"#3","tintindex":0},"west":{"uv":[1.254,14.004,1.371,14.121],"rotation":0,"texture":"#3","tintindex":0},"up":{"uv":[12.246,5.121,11.754,5.004],"rotation":0,"texture":"#3","tintindex":0},"down":{"uv":[12.246,8.129,11.754,8.246],"rotation":0,"texture":"#3","tintindex":0}}},{"from":[8.412047,7.2457814,7.285714],"to":[8.697762,8.3886385,7.857143],"rotation":{"angle":22.5,"axis":"z","origin":[8.626332,7.2457814,8.428572]},"faces":{"east":{"uv":[10.629,13.129,10.746,13.371],"rotation":0,"texture":"#3","tintindex":0},"south":{"uv":[10.879,13.129,10.996,13.371],"rotation":0,"texture":"#3","tintindex":0},"north":{"uv":[10.379,13.129,10.496,13.371],"rotation":0,"texture":"#3","tintindex":0},"west":{"uv":[11.129,13.129,11.246,13.371],"rotation":0,"texture":"#3","tintindex":0},"up":{"uv":[0.621,14.121,0.504,14.004],"rotation":0,"texture":"#3","tintindex":0},"down":{"uv":[0.871,14.004,0.754,14.121],"rotation":0,"texture":"#3","tintindex":0}}},{"from":[8.412047,7.2457814,8.142858],"to":[8.697762,8.3886385,8.714286],"rotation":{"angle":22.5,"axis":"z",