{"elements":[{"from":[8.0,-10.285715,-10.285715],"to":[8.0,26.285715,26.285715],"rotation":{"angle":0.0,"axis":"y","origin":[8.0,8.0,8.0]},"faces":{"east":{"uv":[2.0005,14.0005,2.9995,14.9995],"rotation":90,"texture":"#10","tintindex":0},"south":{"uv":[0.001,-0.03175,7.999,-0.047875],"rotation":270,"texture":"#10","tintindex":0},"north":{"uv":[0.001,-0.03175,7.999,-0.047875],"rotation":270,"texture":"#10","tintindex":0},"west":{"uv":[2.9995,14.0005,2.0005,14.9995],"rotation":270,"texture":"#10","tintindex":0},"up":{"uv":[-0.03175,0.001,-0.047875,7.999],"rotation":0,"texture":"#10","tintindex":0},"down":{"uv":[-0.03175,0.001,-0.047875,7.999],"rotation":180,"texture":"#10","tintindex":0}}}],"textures":{"10":"modelengine:entity/fdefender_firesourcesprit"},"display":{"head":{"translation":[0.0,-6.4,0.0],"scale":[4.0,4.0,4.0]}}}