{"elements":[{"from":[5.934694,7.836735,5.408163],"to":[7.6489797,9.551021,5.408163],"rotation":{"angle":0.0,"axis":"y","origin":[8.220408,8.408163,7.6938777]},"faces":{"east":{"uv":[0.75,11.75,0.75,12.5],"rotation":0,"texture":"#0","tintindex":0},"south":{"uv":[0.0,10.75,0.75,11.5],"rotation":0,"texture":"#0","tintindex":0},"north":{"uv":[10.5,6.75,11.25,7.5],"rotation":0,"texture":"#0","tintindex":0},"west":{"uv":[1.0,11.75,1.0,12.5],"rotation":0,"texture":"#0","tintindex":0},"up":{"uv":[12.25,7.5,11.5,7.5],"rotation":0,"texture":"#0","tintindex":0},"down":{"uv":[2.0,11.75,1.25,11.75],"rotation":0,"texture":"#0","tintindex":0}}},{"from":[4.7918367,9.15102,5.3510203],"to":[7.6489797,10.293878,5.3510203],"rotation":{"angle":0.0,"axis":"y","origin":[6.220408,9.722449,5.3510203]},"faces":{"east":{"uv":[2.25,11.75,2.25,12.25],"rotation":0,"texture":"#0","tintindex":0},"south":{"uv":[9.5,9.25,10.75,9.75],"rotation":0,"texture":"#0","tintindex":0},"north":{"uv":[7.5,6.0,8.75,6.5],"rotation":0,"texture":"#0","tintindex":0},"west":{"uv":[2.5,11.75,2.5,12.25],"rotation":0,"texture":"#0","tintindex":0},"up":{"uv":[4.0,11.75,2.75,11.75],"rotation":0,"texture":"#0","tintindex":0},"down":{"uv":[5.5,11.75,4.25,11.75],"rotation":0,"texture":"#0","tintindex":0}}},{"from":[6.1061225,8.808164,5.365306],"to":[6.677551,9.379592,5.365306],"rotation":{"angle":0.0,"axis":"y","origin":[7.2489796,7.665306,7.6510205]},"faces":{"east":{"uv":[5.75,11.75,5.75,12.0],"rotation":0,"texture":"#0","tintindex":0},"south":{"uv":[11.0,10.25,11.25,10.5],"rotation":0,"texture":"#0","tintindex":0},"north":{"uv":[9.0,6.0,9.25,6.25],"rotation":0,"texture":"#0","tintindex":0},"west":{"uv":[6.0,11.75,6.0,12.0],"rotation":0,"texture":"#0","tintindex":0},"up":{"uv":[9.25,6.5,9.0,6.5],"rotation":0,"texture":"#0","tintindex":0},"down":{"uv":[6.5,11.75,6.25,11.75],"rotation":0,"texture":"#0","tintindex":0}}},{"from":[8.791837,8.808164,5.365306],"to":[9.363265,9.379592,5.365306],"rotation":{"angle":0.0,"axis":"y","origin":[8.220408,7.665306,7.6510205]},"faces":{"east":{"uv":[6.75,11.75,6.75,12.0],"rotation":0,"texture":"#0","tintindex":0},"south":{"uv":[11.5,10.25,11.75,10.5],"rotation":0,"texture":"#0","tintindex":0},"north":{"uv":[9.0,11.5,9.25,11.75],"rotation":0,"texture":"#0","tintindex":0},"west":{"uv":[11.75,7.75,11.75,8.0],"rotation":0,"texture":"#0","tintindex":0},"up":{"uv":[12.0,8.25,11.75,8.25],"rotation":0,"texture":"#0","tintindex":0},"down":{"uv":[12.0,8.5,11.75,8.5],"rotation":0,"texture":"#0","tintindex":0}}},{"from":[8.563265,9.15102,5.3510203],"to":[11.420408,10.293878,5.3510203],"rotation":{"angle":0.0,"axis":"y","origin":[7.9918365,8.579592,7.6367345]},"faces":{"east":{"uv":[12.0,0.0,12.0,0.5],"rotation":0,"texture":"#0","tintindex":0},"south":{"uv":[10.0,0.75,11.25,1.25],"rotation":0,"texture":"#0","tintindex":0},"north":{"uv":[10.0,0.0,11.25,0.5],"rotation":0,"texture":"#0","tintindex":0},"west":{"uv":[12.0,0.75,12.0,1.25],"rotation":0,"texture":"#0","tintindex":0},"up":{"uv":[13.0,8.75,11.75,8.75],"rotation":0,"texture":"#0","tintindex":0},"down":{"uv":[13.0,9.0,11.75,9.0],"rotation":0,"texture":"#0","tintindex":0}}},{"from":[8.563265,7.836735,5.408163],"to":[10.277552,9.551021,5.408163],"rotation":{"angle":0.0,"axis":"y","origin":[7.9918365,8.408163,7.6938777]},"faces":{"east":{"uv":[1.25,12.0,1.25,12.75],"rotation":0,"texture":"#0","tintindex":0},"south":{"uv":[2.0,10.75,2.75,11.5],"rotation":0,"texture":"#0","tintindex":0},"north":{"uv":[1.0,10.75,1.75,11.5],"rotation":0,"texture":"#0","tintindex":0},"west":{"uv":[1.5,12.0,1.5,12.75],"rotation":0,"texture":"#0","tintindex":0},"up":{"uv":[12.75,1.5,12.0,1.5],"rotation":0,"texture":"#0","tintindex":0},"down":{"uv":[12.75,1.75,12.0,1.75],"rotation":0,"texture":"#0","tintindex":0}}},{"from":[5.5346937,6.693877,5.4653063],"to":[10.677551,11.265306,10.036735],"rotation":{"angle":0.0,"axis":"y","origin":[8.391837,8.979592,7.7510204]},"faces":{"east":{"uv":[2.5,6.75,4.5,8.75],"rotation":0,"texture":"#0","tintindex":0},"south":{"uv":[0.0,2.25,2.25,4.25],"rotation":0,"texture":"#0","tintindex":0},"north":{"uv":[0.0,0.0,2.25,2.0],"rotation":0,"texture":"#0","tintindex":0},"west":{"uv":[4.75,6.75,6.75,8.75],"rotation":0,"texture":"#0","tintindex":0},"up":{"uv":[4.75,2.0,2.5,0.0],"rotation":0,"texture":"#0","tintindex":0},"down":{"uv":[4.75,2.25,2.5,4.25],"rotation":0,"texture":"#0","tintindex":0}}}],"textures":{"0":"modelengine:entity/nocsy_toom_baby"},"display":{"head":{"translation":[0.0,-6.4,0.0],"scale":[4.0,4.0,4.0]}}}