{"elements":[{"from":[7.309338,-1.7142859,7.1211085],"to":[9.023623,8.571428,8.835394],"rotation":{"angle":0.0,"axis":"y","origin":[8.166481,6.285714,7.9782515]},"faces":{"east":{"uv":[6.375,8.0,6.75,10.25],"rotation":0,"texture":"#0","tintindex":0},"south":{"uv":[6.75,8.25,7.125,10.5],"rotation":0,"texture":"#0","tintindex":0},"north":{"uv":[6.0,8.0,6.375,10.25],"rotation":0,"texture":"#0","tintindex":0},"west":{"uv":[7.125,8.25,7.5,10.5],"rotation":0,"texture":"#0","tintindex":0},"up":{"uv":[13.75,5.5,13.375,5.125],"rotation":0,"texture":"#0","tintindex":0},"down":{"uv":[5.875,13.375,5.5,13.75],"rotation":0,"texture":"#0","tintindex":0}}},{"from":[3.3745842,0.79999924,10.306266],"to":[6.231727,3.6571426,10.306266],"rotation":{"angle":45.0,"axis":"y","origin":[5.374584,2.5714283,10.306266]},"faces":{"east":{"uv":[0.0,0.0,0.0,0.625],"rotation":0,"texture":"#0","tintindex":0},"south":{"uv":[11.625,4.625,12.25,5.25],"rotation":0,"texture":"#0","tintindex":0},"north":{"uv":[11.625,4.0,12.25,4.625],"rotation":0,"texture":"#0","tintindex":0},"west":{"uv":[0.0,0.0,0.0,0.625],"rotation":0,"texture":"#0","tintindex":0},"up":{"uv":[0.625,0.0,0.0,0.0],"rotation":0,"texture":"#0","tintindex":0},"down":{"uv":[0.625,0.0,0.0,0.0],"rotation":0,"texture":"#0","tintindex":0}}},{"from":[5.335764,2.0309978,8.542537],"to":[8.192906,2.6024265,9.113966],"rotation":{"angle":45.0,"axis":"y","origin":[6.764335,2.3167124,8.828251]},"faces":{"east":{"uv":[2.75,14.5,2.875,14.625],"rotation":0,"texture":"#0","tintindex":0},"south":{"uv":[13.875,5.25,14.5,5.375],"rotation":0,"texture":"#0","tintindex":0},"north":{"uv":[13.875,5.125,14.5,5.25],"rotation":0,"texture":"#0","tintindex":0},"west":{"uv":[14.5,2.75,14.625,2.875],"rotation":0,"texture":"#0","tintindex":0},"up":{"uv":[14.5,5.5,13.875,5.375],"rotation":0,"texture":"#0","tintindex":0},"down":{"uv":[14.5,5.5,13.875,5.625],"rotation":0,"texture":"#0","tintindex":0}}},{"from":[6.673984,-1.6228867,7.677776],"to":[7.245413,1.8056841,8.249205],"rotation":{"angle":-22.5,"axis":"z","origin":[6.959698,0.3771124,7.96349]},"faces":{"east":{"uv":[5.125,13.75,5.25,14.5],"rotation":0,"texture":"#0","tintindex":0},"south":{"uv":[13.75,5.125,13.875,5.875],"rotation":0,"texture":"#0","tintindex":0},"north":{"uv":[1.0,13.75,1.125,14.5],"rotation":0,"texture":"#0","tintindex":0},"west":{"uv":[5.25,13.75,5.375,14.5],"rotation":0,"texture":"#0","tintindex":0},"up":{"uv":[2.75,14.625,2.625,14.5],"rotation":0,"texture":"#0","tintindex":0},"down":{"uv":[14.625,2.625,14.5,2.75],"rotation":0,"texture":"#0","tintindex":0}}},{"from":[7.8660054,-2.194316,6.4857545],"to":[8.437434,1.2342553,7.057183],"rotation":{"angle":45.0,"axis":"x","origin":[8.15172,-0.19431591,6.7714686]},"faces":{"east":{"uv":[5.5,13.75,5.625,14.5],"rotation":0,"texture":"#0","tintindex":0},"south":{"uv":[5.625,13.75,5.75,14.5],"rotation":0,"texture":"#0","tintindex":0},"north":{"uv":[5.375,13.75,5.5,14.5],"rotation":0,"texture":"#0","tintindex":0},"west":{"uv":[5.75,13.75,5.875,14.5],"rotation":0,"texture":"#0","tintindex":0},"up":{"uv":[3.0,14.625,2.875,14.5],"rotation":0,"texture":"#0","tintindex":0},"down":{"uv":[14.625,2.875,14.5,3.0],"rotation":0,"texture":"#0","tintindex":0}}},{"from":[7.195052,-1.2000008,5.635394],"to":[7.880767,-0.51428604,8.035394],"rotation":{"angle":22.5,"axis":"y","origin":[7.5379095,-0.8571434,7.1211085]},"faces":{"east":{"uv":[7.25,4.0,7.75,4.125],"rotation":0,"texture":"#0","tintindex":0},"south":{"uv":[12.0,3.875,12.125,4.0],"rotation":0,"texture":"#0","tintindex":0},"north":{"uv":[5.375,11.625,5.5,11.75],"rotation":0,"texture":"#0","tintindex":0},"west":{"uv":[7.25,4.125,7.75,4.25],"rotation":0,"texture":"#0","tintindex":0},"up":{"uv":[5.625,8.0,5.5,7.5],"rotation":0,"texture":"#0","tintindex":0},"down":{"uv":[5.75,7.5,5.625,8.0],"rotation":0,"texture":"#0","tintindex":0}}},{"from":[8.452195,-1.2000008,6.206823],"to":[9.13791,-0.51428604,8.035394],"rotation":{"angle":-22.5,"axis":"y","origin":[8.795053,-0.8571434,7.1211085]},"faces":{"east":{"uv":[8.25,3.875,8.625,4.0],"rotation":0,"texture":"#0","tintindex":0},"south":{"uv":[10.75,12.375,10.875,12.5],"rotation":0,"texture":"#0","tintindex":0},"north":{"uv":[12.125,3.875,12.25,4.0],"rotation":0,"texture":"#0","tintindex":0},"west":{"uv":[12.25,6.375,12.625,6.5],"rotation":0,"texture":"#0","tintindex":0},"up":{"uv":[1.25,14.75,1.125,14.375],"rotation":0,"texture":"#0","tintindex":0},"down":{"uv":[1.375,14.375,1.25,14.75],"rotation":0,"texture":"#0","tintindex":0}}},{"from":[7.4384665,-1.2000008,7.8993597],"to":[8.124181,-0.51428604,9.727931],"rotation":{"angle":-45.0,"axis":"y","origin":[8.0,-0.8571434,8.571428]},"faces":{"east":{"uv":[12.25,9.5,12.625,9.625],"rotation":0,"texture":"#0","tintindex":0},"south":{"uv":[12.625,0.875,12.75,1.0],"rotation":0,"texture":"#0","tintindex":0},"north":{"uv":[4.25,12.5,4.375,12.625],"rotation":0,"texture":"#0","tintindex":0},"west":{"uv":[10.125,12.25,10.5,12.375],"rotation":0,"texture":"#0","tintindex":0},"up":{"uv":[1.625,14.75,1.5,14.375],"rotation":0,"texture":"#0","tintindex":0},"down":{"uv":[1.75,14.375,1.625,14.75],"rotation":0,"texture":"#0","tintindex":0}}}],"textures":{"0":"modelengine:entity/em_dyerftum5"},"display":{"head":{"translation":[0.0,-6.4,0.0],"scale":[4.0,4.0,4.0]}}}