{"elements":[{"from":[7.163972,1.8939695,7.240201],"to":[8.763972,8.6368265,8.8402],"rotation":{"angle":0.0,"axis":"y","origin":[7.963972,7.265398,8.040201]},"faces":{"east":{"uv":[7.125,11.5,7.5,13.0],"rotation":0,"texture":"#0","tintindex":0},"south":{"uv":[7.5,11.5,7.875,13.0],"rotation":0,"texture":"#0","tintindex":0},"north":{"uv":[6.75,11.5,7.125,13.0],"rotation":0,"texture":"#0","tintindex":0},"west":{"uv":[7.875,11.5,8.25,13.0],"rotation":0,"texture":"#0","tintindex":0},"up":{"uv":[13.875,3.0,13.5,2.625],"rotation":0,"texture":"#0","tintindex":0},"down":{"uv":[3.25,13.5,2.875,13.875],"rotation":0,"texture":"#0","tintindex":0}}},{"from":[8.821115,-0.8846016,4.933058],"to":[9.392544,2.5439696,5.5044866],"rotation":{"angle":45.0,"axis":"x","origin":[8.821115,1.1153979,5.5044866]},"faces":{"east":{"uv":[11.0,13.75,11.125,14.5],"rotation":0,"texture":"#0","tintindex":0},"south":{"uv":[11.125,13.75,11.25,14.5],"rotation":0,"texture":"#0","tintindex":0},"north":{"uv":[13.75,10.875,13.875,11.625],"rotation":0,"texture":"#0","tintindex":0},"west":{"uv":[11.25,13.75,11.375,14.5],"rotation":0,"texture":"#0","tintindex":0},"up":{"uv":[5.875,14.625,5.75,14.5],"rotation":0,"texture":"#0","tintindex":0},"down":{"uv":[14.625,5.75,14.5,5.875],"rotation":0,"texture":"#0","tintindex":0}}},{"from":[8.135401,1.9511123,6.0402007],"to":[8.706829,2.5225406,7.7544866],"rotation":{"angle":-22.5,"axis":"y","origin":[8.421115,2.2368264,7.7544866]},"faces":{"east":{"uv":[8.25,14.375,8.375,14.75],"rotation":270,"texture":"#0","tintindex":0},"south":{"uv":[14.625,6.0,14.5,5.875],"rotation":0,"texture":"#0","tintindex":0},"north":{"uv":[6.125,14.5,6.0,14.625],"rotation":180,"texture":"#0","tintindex":0},"west":{"uv":[8.5,14.375,8.625,14.75],"rotation":90,"texture":"#0","tintindex":0},"up":{"uv":[5.875,14.375,6.0,14.75],"rotation":180,"texture":"#0","tintindex":0},"down":{"uv":[8.375,14.375,8.5,14.75],"rotation":0,"texture":"#0","tintindex":0}}},{"from":[6.385401,1.4796839,4.468772],"to":[6.956829,2.0511122,7.8973436],"rotation":{"angle":-22.5,"axis":"x","origin":[6.956829,1.4796839,6.468772]},"faces":{"east":{"uv":[11.5,13.75,11.625,14.5],"rotation":270,"texture":"#0","tintindex":0},"south":{"uv":[14.625,6.125,14.5,6.0],"rotation":0,"texture":"#0","tintindex":0},"north":{"uv":[6.25,14.5,6.125,14.625],"rotation":180,"texture":"#0","tintindex":0},"west":{"uv":[13.75,11.625,13.875,12.375],"rotation":90,"texture":"#0","tintindex":0},"up":{"uv":[11.375,13.75,11.5,14.5],"rotation":180,"texture":"#0","tintindex":0},"down":{"uv":[11.625,13.75,11.75,14.5],"rotation":0,"texture":"#0","tintindex":0}}},{"from":[6.2496862,1.8439693,7.9687724],"to":[7.3925433,2.4153981,8.540201],"rotation":{"angle":-45.0,"axis":"y","origin":[7.3925433,2.1296835,8.254486]},"faces":{"east":{"uv":[14.625,6.25,14.5,6.125],"rotation":0,"texture":"#0","tintindex":0},"south":{"uv":[12.125,14.375,12.25,14.625],"rotation":90,"texture":"#0","tintindex":0},"north":{"uv":[11.875,14.375,12.0,14.625],"rotation":270,"texture":"#0","tintindex":0},"west":{"uv":[14.625,6.25,14.5,6.375],"rotation":180,"texture":"#0","tintindex":0},"up":{"uv":[14.375,11.625,14.5,11.875],"rotation":90,"texture":"#0","tintindex":0},"down":{"uv":[12.0,14.375,12.125,14.625],"rotation":90,"texture":"#0","tintindex":0}}},{"from":[7.6011147,2.2884774,1.9025922],"to":[8.183972,2.871335,6.48545],"rotation":{"angle":-22.5,"axis":"x","origin":[7.8925433,1.5498939,7.7722445]},"faces":{"east":{"uv":[7.5,13.5,7.625,14.5],"rotation":270,"texture":"#0","tintindex":0},"south":{"uv":[14.625,6.5,14.5,6.375],"rotation":0,"texture":"#0","tintindex":0},"north":{"uv":[14.625,6.5,14.5,6.625],"rotation":180,"texture":"#0","tintindex":0},"west":{"uv":[7.75,13.5,7.875,14.5],"rotation":90,"texture":"#0","tintindex":0},"up":{"uv":[7.375,13.5,7.5,14.5],"rotation":180,"texture":"#0","tintindex":0},"down":{"uv":[7.625,13.5,7.75,14.5],"rotation":0,"texture":"#0","tintindex":0}}},{"from":[7.606829,1.6818986,6.0436893],"to":[8.178258,2.2533274,7.757975],"rotation":{"angle":0.0,"axis":"y","origin":[7.8925433,1.5498939,7.7722445]},"faces":{"east":{"uv":[9.0,14.375,9.125,14.75],"rotation":270,"texture":"#0","tintindex":0},"south":{"uv":[14.625,6.75,14.5,6.625],"rotation":0,"texture":"#0","tintindex":0},"north":{"uv":[14.625,6.75,14.5,6.875],"rotation":180,"texture":"#0","tintindex":0},"west":{"uv":[9.25,14.375,9.375,14.75],"rotation":90,"texture":"#0","tintindex":0},"up":{"uv":[8.75,14.375,8.875,14.75],"rotation":180,"texture":"#0","tintindex":0},"down":{"uv":[9.125,14.375,9.25,14.75],"rotation":0,"texture":"#0","tintindex":0}}}],"textures":{"0":"modelengine:entity/em_dyerftum5"},"display":{"head":{"translation":[0.0,-6.4,0.0],"scale":[4.0,4.0,4.0]}}}