{"elements":[{"from":[7.163972,1.8939695,7.240201],"to":[8.763972,8.6368265,8.8402],"rotation":{"angle":0.0,"axis":"y","origin":[7.963972,7.265398,8.040201]},"faces":{"east":{"uv":[8.5,11.125,8.875,12.625],"rotation":0,"texture":"#0","tintindex":0},"south":{"uv":[0.0,11.25,0.375,12.75],"rotation":0,"texture":"#0","tintindex":0},"north":{"uv":[10.5,10.875,10.875,12.375],"rotation":0,"texture":"#0","tintindex":0},"west":{"uv":[0.375,11.25,0.75,12.75],"rotation":0,"texture":"#0","tintindex":0},"up":{"uv":[8.625,13.625,8.25,13.25],"rotation":0,"texture":"#0","tintindex":0},"down":{"uv":[5.5,13.375,5.125,13.75],"rotation":0,"texture":"#0","tintindex":0}}},{"from":[8.721115,-2.227459,7.933058],"to":[9.292543,1.2011123,8.504486],"rotation":{"angle":-22.5,"axis":"x","origin":[8.721115,-0.22745895,8.504486]},"faces":{"east":{"uv":[4.0,13.625,4.125,14.375],"rotation":0,"texture":"#0","tintindex":0},"south":{"uv":[4.125,13.625,4.25,14.375],"rotation":0,"texture":"#0","tintindex":0},"north":{"uv":[3.875,13.625,4.0,14.375],"rotation":0,"texture":"#0","tintindex":0},"west":{"uv":[4.25,13.625,4.375,14.375],"rotation":0,"texture":"#0","tintindex":0},"up":{"uv":[3.875,5.5,3.75,5.375],"rotation":0,"texture":"#0","tintindex":0},"down":{"uv":[4.0,5.375,3.875,5.5],"rotation":0,"texture":"#0","tintindex":0}}},{"from":[8.135401,0.69396925,7.468772],"to":[8.706829,2.408255,8.040201],"rotation":{"angle":22.5,"axis":"z","origin":[8.421115,2.408255,7.7544866]},"faces":{"east":{"uv":[8.875,11.125,9.0,11.5],"rotation":0,"texture":"#0","tintindex":0},"south":{"uv":[1.375,12.875,1.5,13.25],"rotation":0,"texture":"#0","tintindex":0},"north":{"uv":[9.75,9.375,9.875,9.75],"rotation":0,"texture":"#0","tintindex":0},"west":{"uv":[13.625,7.0,13.75,7.375],"rotation":0,"texture":"#0","tintindex":0},"up":{"uv":[2.125,6.875,2.0,6.75],"rotation":0,"texture":"#0","tintindex":0},"down":{"uv":[2.25,6.75,2.125,6.875],"rotation":0,"texture":"#0","tintindex":0}}},{"from":[6.6925435,-1.6488876,8.468772],"to":[7.2639723,1.7796836,9.040201],"rotation":{"angle":-22.5,"axis":"x","origin":[7.2639723,0.3511119,9.040201]},"faces":{"east":{"uv":[13.625,6.25,13.75,7.0],"rotation":0,"texture":"#0","tintindex":0},"south":{"uv":[8.25,13.625,8.375,14.375],"rotation":0,"texture":"#0","tintindex":0},"north":{"uv":[4.375,13.625,4.5,14.375],"rotation":0,"texture":"#0","tintindex":0},"west":{"uv":[8.375,13.625,8.5,14.375],"rotation":0,"texture":"#0","tintindex":0},"up":{"uv":[7.625,9.0,7.5,8.875],"rotation":0,"texture":"#0","tintindex":0},"down":{"uv":[7.75,8.875,7.625,9.0],"rotation":0,"texture":"#0","tintindex":0}}},{"from":[7.106829,1.265398,7.9687724],"to":[7.678258,2.408255,8.540201],"rotation":{"angle":-22.5,"axis":"z","origin":[7.3925433,2.408255,8.254486]},"faces":{"east":{"uv":[10.5,3.0,10.625,3.25],"rotation":0,"texture":"#0","tintindex":0},"south":{"uv":[9.75,10.625,9.875,10.875],"rotation":0,"texture":"#0","tintindex":0},"north":{"uv":[6.625,10.25,6.75,10.5],"rotation":0,"texture":"#0","tintindex":0},"west":{"uv":[3.875,12.25,4.0,12.5],"rotation":0,"texture":"#0","tintindex":0},"up":{"uv":[9.125,2.0,9.0,1.875],"rotation":0,"texture":"#0","tintindex":0},"down":{"uv":[9.25,1.875,9.125,2.0],"rotation":0,"texture":"#0","tintindex":0}}},{"from":[7.6011147,-3.883174,7.5487723],"to":[8.183972,0.69968367,8.131629],"rotation":{"angle":-22.5,"axis":"x","origin":[8.178258,-0.734602,8.125916]},"faces":{"east":{"uv":[11.875,13.375,12.0,14.375],"rotation":0,"texture":"#0","tintindex":0},"south":{"uv":[4.875,13.5,5.0,14.5],"rotation":0,"texture":"#0","tintindex":0},"north":{"uv":[8.625,3.0,8.75,4.0],"rotation":0,"texture":"#0","tintindex":0},"west":{"uv":[5.0,13.5,5.125,14.5],"rotation":0,"texture":"#0","tintindex":0},"up":{"uv":[10.125,1.625,10.0,1.5],"rotation":0,"texture":"#0","tintindex":0},"down":{"uv":[10.25,1.5,10.125,1.625],"rotation":0,"texture":"#0","tintindex":0}}},{"from":[7.606829,0.33562422,7.068811],"to":[8.178258,2.04991,7.6402397],"rotation":{"angle":0.0,"axis":"y","origin":[7.8925433,1.1927671,7.3545256]},"faces":{"east":{"uv":[14.125,14.25,14.25,14.625],"rotation":0,"texture":"#0","tintindex":0},"south":{"uv":[14.25,14.25,14.375,14.625],"rotation":0,"texture":"#0","tintindex":0},"north":{"uv":[13.625,10.125,13.75,10.5],"rotation":0,"texture":"#0","tintindex":0},"west":{"uv":[14.375,0.5,14.5,0.875],"rotation":0,"texture":"#0","tintindex":0},"up":{"uv":[11.5,9.375,11.375,9.25],"rotation":0,"texture":"#0","tintindex":0},"down":{"uv":[11.5,11.125,11.375,11.25],"rotation":0,"texture":"#0","tintindex":0}}}],"textures":{"0":"modelengine:entity/em_dyerftum5"},"display":{"head":{"translation":[0.0,-6.4,0.0],"scale":[4.0,4.0,4.0]}}}