{"elements":[{"from":[7.2360277,1.8939695,7.240201],"to":[8.836028,8.6368265,8.8402],"rotation":{"angle":0.0,"axis":"y","origin":[8.036028,7.265398,8.040201]},"faces":{"east":{"uv":[1.875,11.25,2.25,12.75],"rotation":0,"texture":"#0","tintindex":0},"south":{"uv":[2.25,11.25,2.625,12.75],"rotation":0,"texture":"#0","tintindex":0},"north":{"uv":[1.5,11.25,1.875,12.75],"rotation":0,"texture":"#0","tintindex":0},"west":{"uv":[2.625,11.25,3.0,12.75],"rotation":0,"texture":"#0","tintindex":0},"up":{"uv":[13.875,1.5,13.5,1.125],"rotation":0,"texture":"#0","tintindex":0},"down":{"uv":[1.75,13.5,1.375,13.875],"rotation":0,"texture":"#0","tintindex":0}}},{"from":[7.821742,0.33562422,7.068811],"to":[8.39317,2.04991,7.6402397],"rotation":{"angle":0.0,"axis":"y","origin":[8.107456,1.1927671,7.3545256]},"faces":{"east":{"uv":[14.5,0.5,14.375,0.875],"rotation":0,"texture":"#0","tintindex":0},"south":{"uv":[14.375,14.25,14.25,14.625],"rotation":0,"texture":"#0","tintindex":0},"north":{"uv":[13.75,10.125,13.625,10.5],"rotation":0,"texture":"#0","tintindex":0},"west":{"uv":[14.25,14.25,14.125,14.625],"rotation":0,"texture":"#0","tintindex":0},"up":{"uv":[11.375,9.375,11.5,9.25],"rotation":0,"texture":"#0","tintindex":0},"down":{"uv":[11.375,11.125,11.5,11.25],"rotation":0,"texture":"#0","tintindex":0}}},{"from":[7.816028,-3.883174,7.5487723],"to":[8.398885,0.69968367,8.131629],"rotation":{"angle":-22.5,"axis":"x","origin":[7.821742,-0.734602,8.125916]},"faces":{"east":{"uv":[5.125,13.5,5.0,14.5],"rotation":0,"texture":"#0","tintindex":0},"south":{"uv":[5.0,13.5,4.875,14.5],"rotation":0,"texture":"#0","tintindex":0},"north":{"uv":[8.75,3.0,8.625,4.0],"rotation":0,"texture":"#0","tintindex":0},"west":{"uv":[12.0,13.375,11.875,14.375],"rotation":0,"texture":"#0","tintindex":0},"up":{"uv":[10.0,1.625,10.125,1.5],"rotation":0,"texture":"#0","tintindex":0},"down":{"uv":[10.125,1.5,10.25,1.625],"rotation":0,"texture":"#0","tintindex":0}}},{"from":[8.321742,1.265398,7.9687724],"to":[8.893171,2.408255,8.540201],"rotation":{"angle":22.5,"axis":"z","origin":[8.607456,2.408255,8.254486]},"faces":{"east":{"uv":[4.0,12.25,3.875,12.5],"rotation":0,"texture":"#0","tintindex":0},"south":{"uv":[9.875,10.625,9.75,10.875],"rotation":0,"texture":"#0","tintindex":0},"north":{"uv":[6.75,10.25,6.625,10.5],"rotation":0,"texture":"#0","tintindex":0},"west":{"uv":[10.625,3.0,10.5,3.25],"rotation":0,"texture":"#0","tintindex":0},"up":{"uv":[9.0,2.0,9.125,1.875],"rotation":0,"texture":"#0","tintindex":0},"down":{"uv":[9.125,1.875,9.25,2.0],"rotation":0,"texture":"#0","tintindex":0}}},{"from":[8.736028,-1.6488876,8.468772],"to":[9.307457,1.7796836,9.040201],"rotation":{"angle":-22.5,"axis":"x","origin":[8.736028,0.3511119,9.040201]},"faces":{"east":{"uv":[8.5,13.625,8.375,14.375],"rotation":0,"texture":"#0","tintindex":0},"south":{"uv":[8.375,13.625,8.25,14.375],"rotation":0,"texture":"#0","tintindex":0},"north":{"uv":[4.5,13.625,4.375,14.375],"rotation":0,"texture":"#0","tintindex":0},"west":{"uv":[13.75,6.25,13.625,7.0],"rotation":0,"texture":"#0","tintindex":0},"up":{"uv":[7.5,9.0,7.625,8.875],"rotation":0,"texture":"#0","tintindex":0},"down":{"uv":[7.625,8.875,7.75,9.0],"rotation":0,"texture":"#0","tintindex":0}}},{"from":[7.293171,0.69396925,7.468772],"to":[7.864599,2.408255,8.040201],"rotation":{"angle":-22.5,"axis":"z","origin":[7.578885,2.408255,7.7544866]},"faces":{"east":{"uv":[13.75,7.0,13.625,7.375],"rotation":0,"texture":"#0","tintindex":0},"south":{"uv":[1.5,12.875,1.375,13.25],"rotation":0,"texture":"#0","tintindex":0},"north":{"uv":[9.875,9.375,9.75,9.75],"rotation":0,"texture":"#0","tintindex":0},"west":{"uv":[9.0,11.125,8.875,11.5],"rotation":0,"texture":"#0","tintindex":0},"up":{"uv":[2.0,6.875,2.125,6.75],"rotation":0,"texture":"#0","tintindex":0},"down":{"uv":[2.125,6.75,2.25,6.875],"rotation":0,"texture":"#0","tintindex":0}}},{"from":[6.7074566,-2.227459,7.933058],"to":[7.278885,1.2011123,8.504486],"rotation":{"angle":-22.5,"axis":"x","origin":[7.278885,-0.22745895,8.504486]},"faces":{"east":{"uv":[4.375,13.625,4.25,14.375],"rotation":0,"texture":"#0","tintindex":0},"south":{"uv":[4.25,13.625,4.125,14.375],"rotation":0,"texture":"#0","tintindex":0},"north":{"uv":[4.0,13.625,3.875,14.375],"rotation":0,"texture":"#0","tintindex":0},"west":{"uv":[4.125,13.625,4.0,14.375],"rotation":0,"texture":"#0","tintindex":0},"up":{"uv":[3.75,5.5,3.875,5.375],"rotation":0,"texture":"#0","tintindex":0},"down":{"uv":[3.875,5.375,4.0,5.5],"rotation":0,"texture":"#0","tintindex":0}}}],"textures":{"0":"modelengine:entity/em_dyerftum5"},"display":{"head":{"translation":[0.0,-6.4,0.0],"scale":[4.0,4.0,4.0]}}}