{"elements":[{"from":[7.2360277,1.8939695,7.240201],"to":[8.836028,8.6368265,8.8402],"rotation":{"angle":0.0,"axis":"y","origin":[8.036028,7.265398,8.040201]},"faces":{"east":{"uv":[9.25,11.5,9.625,13.0],"rotation":0,"texture":"#0","tintindex":0},"south":{"uv":[11.625,2.5,12.0,4.0],"rotation":0,"texture":"#0","tintindex":0},"north":{"uv":[8.875,11.5,9.25,13.0],"rotation":0,"texture":"#0","tintindex":0},"west":{"uv":[3.0,11.625,3.375,13.125],"rotation":0,"texture":"#0","tintindex":0},"up":{"uv":[13.875,3.375,13.5,3.0],"rotation":0,"texture":"#0","tintindex":0},"down":{"uv":[4.875,13.5,4.5,13.875],"rotation":0,"texture":"#0","tintindex":0}}},{"from":[7.821742,1.6818986,6.0436893],"to":[8.39317,2.2533274,7.757975],"rotation":{"angle":0.0,"axis":"y","origin":[8.107456,1.5498939,7.7722445]},"faces":{"east":{"uv":[9.25,14.75,9.375,14.375],"rotation":90,"texture":"#0","tintindex":0},"south":{"uv":[14.5,6.75,14.625,6.625],"rotation":0,"texture":"#0","tintindex":0},"north":{"uv":[14.5,6.75,14.625,6.875],"rotation":180,"texture":"#0","tintindex":0},"west":{"uv":[9.0,14.75,9.125,14.375],"rotation":270,"texture":"#0","tintindex":0},"up":{"uv":[8.875,14.375,8.75,14.75],"rotation":180,"texture":"#0","tintindex":0},"down":{"uv":[9.25,14.375,9.125,14.75],"rotation":0,"texture":"#0","tintindex":0}}},{"from":[7.816028,2.2884774,1.9025922],"to":[8.398885,2.871335,6.48545],"rotation":{"angle":-22.5,"axis":"x","origin":[8.107456,1.5498939,7.7722445]},"faces":{"east":{"uv":[7.75,14.5,7.875,13.5],"rotation":90,"texture":"#0","tintindex":0},"south":{"uv":[14.5,6.5,14.625,6.375],"rotation":0,"texture":"#0","tintindex":0},"north":{"uv":[14.5,6.5,14.625,6.625],"rotation":180,"texture":"#0","tintindex":0},"west":{"uv":[7.5,14.5,7.625,13.5],"rotation":270,"texture":"#0","tintindex":0},"up":{"uv":[7.5,13.5,7.375,14.5],"rotation":180,"texture":"#0","tintindex":0},"down":{"uv":[7.75,13.5,7.625,14.5],"rotation":0,"texture":"#0","tintindex":0}}},{"from":[8.607456,1.8439693,7.9687724],"to":[9.750314,2.4153981,8.540201],"rotation":{"angle":45.0,"axis":"y","origin":[8.607456,2.1296835,8.254486]},"faces":{"east":{"uv":[14.5,6.25,14.625,6.375],"rotation":180,"texture":"#0","tintindex":0},"south":{"uv":[12.125,14.625,12.25,14.375],"rotation":90,"texture":"#0","tintindex":0},"north":{"uv":[11.875,14.625,12.0,14.375],"rotation":270,"texture":"#0","tintindex":0},"west":{"uv":[14.5,6.25,14.625,6.125],"rotation":0,"texture":"#0","tintindex":0},"up":{"uv":[14.375,11.875,14.5,11.625],"rotation":90,"texture":"#0","tintindex":0},"down":{"uv":[12.0,14.625,12.125,14.375],"rotation":90,"texture":"#0","tintindex":0}}},{"from":[9.043171,1.4796839,4.468772],"to":[9.614599,2.0511122,7.8973436],"rotation":{"angle":-22.5,"axis":"x","origin":[9.043171,1.4796839,6.468772]},"faces":{"east":{"uv":[13.75,12.375,13.875,11.625],"rotation":90,"texture":"#0","tintindex":0},"south":{"uv":[14.5,6.125,14.625,6.0],"rotation":0,"texture":"#0","tintindex":0},"north":{"uv":[6.125,14.5,6.25,14.625],"rotation":180,"texture":"#0","tintindex":0},"west":{"uv":[11.5,14.5,11.625,13.75],"rotation":270,"texture":"#0","tintindex":0},"up":{"uv":[11.5,13.75,11.375,14.5],"rotation":180,"texture":"#0","tintindex":0},"down":{"uv":[11.75,13.75,11.625,14.5],"rotation":0,"texture":"#0","tintindex":0}}},{"from":[7.293171,1.9511123,6.0402007],"to":[7.864599,2.5225406,7.7544866],"rotation":{"angle":22.5,"axis":"y","origin":[7.578885,2.2368264,7.7544866]},"faces":{"east":{"uv":[8.5,14.75,8.625,14.375],"rotation":90,"texture":"#0","tintindex":0},"south":{"uv":[14.5,6.0,14.625,5.875],"rotation":0,"texture":"#0","tintindex":0},"north":{"uv":[6.0,14.5,6.125,14.625],"rotation":180,"texture":"#0","tintindex":0},"west":{"uv":[8.25,14.75,8.375,14.375],"rotation":270,"texture":"#0","tintindex":0},"up":{"uv":[6.0,14.375,5.875,14.75],"rotation":180,"texture":"#0","tintindex":0},"down":{"uv":[8.5,14.375,8.375,14.75],"rotation":0,"texture":"#0","tintindex":0}}},{"from":[6.607456,-0.8846016,4.933058],"to":[7.178885,2.5439696,5.5044866],"rotation":{"angle":45.0,"axis":"x","origin":[7.178885,1.1153979,5.5044866]},"faces":{"east":{"uv":[11.375,13.75,11.25,14.5],"rotation":0,"texture":"#0","tintindex":0},"south":{"uv":[11.25,13.75,11.125,14.5],"rotation":0,"texture":"#0","tintindex":0},"north":{"uv":[13.875,10.875,13.75,11.625],"rotation":0,"texture":"#0","tintindex":0},"west":{"uv":[11.125,13.75,11.0,14.5],"rotation":0,"texture":"#0","tintindex":0},"up":{"uv":[5.75,14.625,5.875,14.5],"rotation":0,"texture":"#0","tintindex":0},"down":{"uv":[14.5,5.75,14.625,5.875],"rotation":0,"texture":"#0","tintindex":0}}}],"textures":{"0":"modelengine:entity/em_dyerftum5"},"display":{"head":{"translation":[0.0,-6.4,0.0],"scale":[4.0,4.0,4.0]}}}