{"elements":[{"from":[7.456593,2.1461034,6.88841],"to":[9.742308,9.574675,9.174125],"rotation":{"angle":0.0,"axis":"y","origin":[10.028022,0.43181753,8.316981]},"faces":{"east":{"uv":[2.0,8.875,2.5,10.5],"rotation":0,"texture":"#0","tintindex":0},"south":{"uv":[2.5,8.875,3.0,10.5],"rotation":0,"texture":"#0","tintindex":0},"north":{"uv":[1.5,8.875,2.0,10.5],"rotation":0,"texture":"#0","tintindex":0},"west":{"uv":[9.0,0.0,9.5,1.625],"rotation":0,"texture":"#0","tintindex":0},"up":{"uv":[4.875,12.625,4.375,12.125],"rotation":0,"texture":"#0","tintindex":0},"down":{"uv":[12.625,6.5,12.125,7.0],"rotation":0,"texture":"#0","tintindex":0}}},{"from":[9.59945,6.203246,8.402696],"to":[11.885164,6.774675,8.974125],"rotation":{"angle":-45.0,"axis":"y","origin":[9.313736,6.203246,8.402696]},"faces":{"east":{"uv":[3.125,13.125,3.25,13.25],"rotation":0,"texture":"#0","tintindex":0},"south":{"uv":[11.125,12.875,11.625,13.0],"rotation":0,"texture":"#0","tintindex":0},"north":{"uv":[12.625,10.5,13.125,10.625],"rotation":0,"texture":"#0","tintindex":0},"west":{"uv":[4.5,13.125,4.625,13.25],"rotation":0,"texture":"#0","tintindex":0},"up":{"uv":[11.625,13.125,11.125,13.0],"rotation":0,"texture":"#0","tintindex":0},"down":{"uv":[13.625,11.5,13.125,11.625],"rotation":0,"texture":"#0","tintindex":0}}},{"from":[9.927061,5.0032463,11.523567],"to":[13.355633,8.431818,11.523567],"rotation":{"angle":-45.0,"axis":"y","origin":[11.927061,6.4318175,11.523567]},"faces":{"east":{"uv":[0.0,0.0,0.0,0.75],"rotation":0,"texture":"#0","tintindex":0},"south":{"uv":[11.25,1.0,12.0,1.75],"rotation":0,"texture":"#0","tintindex":0},"north":{"uv":[0.75,11.25,1.5,12.0],"rotation":0,"texture":"#0","tintindex":0},"west":{"uv":[0.0,0.0,0.0,0.75],"rotation":0,"texture":"#0","tintindex":0},"up":{"uv":[0.75,0.0,0.0,0.0],"rotation":0,"texture":"#0","tintindex":0},"down":{"uv":[0.75,0.0,0.0,0.0],"rotation":0,"texture":"#0","tintindex":0}}},{"from":[10.762775,8.003246,8.302139],"to":[13.048491,10.28896,8.302139],"rotation":{"angle":0.0,"axis":"y","origin":[11.905633,9.146104,8.302139]},"faces":{"east":{"uv":[0.0,0.0,0.0,0.5],"rotation":0,"texture":"#0","tintindex":0},"south":{"uv":[12.125,0.5,12.625,1.0],"rotation":0,"texture":"#0","tintindex":0},"north":{"uv":[12.125,0.0,12.625,0.5],"rotation":0,"texture":"#0","tintindex":0},"west":{"uv":[0.0,0.0,0.0,0.5],"rotation":0,"texture":"#0","tintindex":0},"up":{"uv":[0.5,0.0,0.0,0.0],"rotation":0,"texture":"#0","tintindex":0},"down":{"uv":[0.5,0.0,0.0,0.0],"rotation":0,"texture":"#0","tintindex":0}}},{"from":[9.4565935,7.917532,7.9169817],"to":[11.742308,8.48896,8.48841],"rotation":{"angle":22.5,"axis":"z","origin":[9.170879,7.917532,7.9169817]},"faces":{"east":{"uv":[12.75,0.875,12.875,1.0],"rotation":0,"texture":"#0","tintindex":0},"south":{"uv":[11.625,6.5,12.125,6.625],"rotation":0,"texture":"#0","tintindex":0},"north":{"uv":[7.0,10.5,7.5,10.625],"rotation":0,"texture":"#0","tintindex":0},"west":{"uv":[3.0,13.125,3.125,13.25],"rotation":0,"texture":"#0","tintindex":0},"up":{"uv":[12.125,6.75,11.625,6.625],"rotation":0,"texture":"#0","tintindex":0},"down":{"uv":[12.875,3.5,12.375,3.625],"rotation":0,"texture":"#0","tintindex":0}}}],"textures":{"0":"modelengine:entity/em_dyerftum5"},"display":{"head":{"translation":[0.0,-6.4,0.0],"scale":[4.0,4.0,4.0]}}}