{"elements":[{"from":[6.0,5.714286,6.857143],"to":[8.285714,8.0,9.142858],"rotation":{"angle":0.0,"axis":"y","origin":[10.571428,-5.1428576,8.0]},"faces":{"east":{"uv":[4.875,5.0,5.375,5.5],"rotation":0,"texture":"#4","tintindex":0},"south":{"uv":[5.25,0.0,5.75,0.5],"rotation":0,"texture":"#4","tintindex":0},"north":{"uv":[5.0,2.75,5.5,3.25],"rotation":0,"texture":"#4","tintindex":0},"west":{"uv":[5.25,0.625,5.75,1.125],"rotation":0,"texture":"#4","tintindex":0},"up":{"uv":[2.25,5.75,1.75,5.25],"rotation":0,"texture":"#4","tintindex":0},"down":{"uv":[4.125,5.25,3.625,5.75],"rotation":0,"texture":"#4","tintindex":0}}},{"from":[7.5714283,5.142857,6.857143],"to":[8.142858,5.714286,9.142858],"rotation":{"angle":0.0,"axis":"y","origin":[10.428572,-5.714287,8.0]},"faces":{"east":{"uv":[0.0,10.625,0.5,10.75],"rotation":0,"texture":"#4","tintindex":0},"south":{"uv":[9.0,11.875,9.125,12.0],"rotation":0,"texture":"#4","tintindex":0},"north":{"uv":[8.75,11.875,8.875,12.0],"rotation":0,"texture":"#4","tintindex":0},"west":{"uv":[10.625,0.0,11.125,0.125],"rotation":0,"texture":"#4","tintindex":0},"up":{"uv":[5.875,11.0,5.75,10.5],"rotation":0,"texture":"#4","tintindex":0},"down":{"uv":[10.125,10.5,10.0,11.0],"rotation":0,"texture":"#4","tintindex":0}}},{"from":[6.142857,5.142857,6.857143],"to":[6.714286,5.714286,9.142858],"rotation":{"angle":0.0,"axis":"y","origin":[9.0,-5.714287,8.0]},"faces":{"east":{"uv":[10.625,0.25,11.125,0.375],"rotation":0,"texture":"#4","tintindex":0},"south":{"uv":[11.875,10.0,12.0,10.125],"rotation":0,"texture":"#4","tintindex":0},"north":{"uv":[9.25,11.875,9.375,12.0],"rotation":0,"texture":"#4","tintindex":0},"west":{"uv":[10.625,1.5,11.125,1.625],"rotation":0,"texture":"#4","tintindex":0},"up":{"uv":[4.125,11.125,4.0,10.625],"rotation":0,"texture":"#4","tintindex":0},"down":{"uv":[4.375,10.625,4.25,11.125],"rotation":0,"texture":"#4","tintindex":0}}},{"from":[7.142857,5.714286,6.714286],"to":[7.714286,8.571428,6.857143],"rotation":{"angle":0.0,"axis":"y","origin":[10.571428,-5.1428576,8.0]},"faces":{"east":{"uv":[8.75,9.5,8.875,10.125],"rotation":0,"texture":"#4","tintindex":0},"south":{"uv":[6.25,9.625,6.375,10.25],"rotation":0,"texture":"#4","tintindex":0},"north":{"uv":[8.5,9.5,8.625,10.125],"rotation":0,"texture":"#4","tintindex":0},"west":{"uv":[9.0,9.625,9.125,10.25],"rotation":0,"texture":"#4","tintindex":0},"up":{"uv":[10.0,11.875,9.875,11.75],"rotation":0,"texture":"#4","tintindex":0},"down":{"uv":[10.25,11.75,10.125,11.875],"rotation":0,"texture":"#4","tintindex":0}}},{"from":[6.5714283,8.0,6.857143],"to":[8.285714,8.571428,9.142858],"rotation":{"angle":0.0,"axis":"y","origin":[10.571428,-5.1428576,8.0]},"faces":{"east":{"uv":[9.625,3.625,10.125,3.75],"rotation":0,"texture":"#4","tintindex":0},"south":{"uv":[10.75,1.0,11.125,1.125],"rotation":0,"texture":"#4","tintindex":0},"north":{"uv":[3.125,6.25,3.5,6.375],"rotation":0,"texture":"#4","tintindex":0},"west":{"uv":[9.625,5.125,10.125,5.25],"rotation":0,"texture":"#4","tintindex":0},"up":{"uv":[5.125,7.375,4.75,6.875],"rotation":0,"texture":"#4","tintindex":0},"down":{"uv":[6.5,6.875,6.125,7.375],"rotation":0,"texture":"#4","tintindex":0}}},{"from":[6.287506,7.572626,6.8599997],"to":[6.858935,8.286912,9.14],"rotation":{"angle":-22.5,"axis":"z","origin":[7.144649,8.286912,8.0]},"faces":{"east":{"uv":[9.625,5.375,10.125,5.5],"rotation":0,"texture":"#4","tintindex":0},"south":{"uv":[5.875,11.75,6.0,11.875],"rotation":0,"texture":"#4","tintindex":0},"north":{"uv":[5.625,11.75,5.75,11.875],"rotation":0,"texture":"#4","tintindex":0},"west":{"uv":[9.625,6.5,10.125,6.625],"rotation":0,"texture":"#4","tintindex":0},"up":{"uv":[6.125,10.25,6.0,9.75],"rotation":0,"texture":"#4","tintindex":0},"down":{"uv":[9.875,6.75,9.75,7.25],"rotation":0,"texture":"#4","tintindex":0}}},{"from":[6.285714,4.5714283,7.142857],"to":[8.0,5.714286,8.857143],"rotation":{"angle":0.0,"axis":"y","origin":[10.571428,-5.1428576,8.0]},"faces":{"east":{"uv":[0.0,0.0,6.0,4.0],"rotation":0,"texture":"#0","tintindex":0},"south":{"uv":[0.0,0.0,6.0,4.0],"rotation":0,"texture":"#0","tintindex":0},"north":{"uv":[0.0,0.0,6.0,4.0],"rotation":0,"texture":"#0","tintindex":0},"west":{"uv":[0.0,0.0,6.0,4.0],"rotation":0,"texture":"#0","tintindex":0},"up":{"uv":[49.968,57.968,47.032,55.032],"rotation":0,"texture":"#missing","tintindex":0},"down":{"uv":[72.968,43.032,70.032,45.968],"rotation":0,"texture":"#missing","tintindex":0}}}],"textures":{"0":"modelengine:entity/boneshadingsoldier","4":"modelengine:entity/fallensoldieranimated"},"display":{"head":{"translation":[0.0,-6.4,0.0],"scale":[4.0,4.0,4.0]}}}