{"elements":[{"from":[7.428571,8.093525,5.3741217],"to":[8.571428,8.664953,7.6598363],"rotation":{"angle":0.0,"axis":"y","origin":[8.0,14.093525,8.231265]},"faces":{"east":{"uv":[10.25,4.375,10.75,4.5],"rotation":0,"texture":"#4","tintindex":0},"south":{"uv":[0.0,11.375,0.25,11.5],"rotation":0,"texture":"#4","tintindex":0},"north":{"uv":[11.25,10.875,11.5,11.0],"rotation":0,"texture":"#4","tintindex":0},"west":{"uv":[4.5,10.25,5.0,10.375],"rotation":0,"texture":"#4","tintindex":0},"up":{"uv":[2.625,4.75,2.375,4.25],"rotation":0,"texture":"#4","tintindex":0},"down":{"uv":[4.0,7.75,3.75,8.25],"rotation":0,"texture":"#4","tintindex":0}}},{"from":[6.857143,7.522096,5.3741217],"to":[9.142858,8.093525,9.374122],"rotation":{"angle":0.0,"axis":"y","origin":[8.0,14.093525,8.231265]},"faces":{"east":{"uv":[8.5,8.625,9.375,8.75],"rotation":0,"texture":"#4","tintindex":0},"south":{"uv":[10.25,4.125,10.75,4.25],"rotation":0,"texture":"#4","tintindex":0},"north":{"uv":[10.25,3.625,10.75,3.75],"rotation":0,"texture":"#4","tintindex":0},"west":{"uv":[8.875,0.5,9.75,0.625],"rotation":0,"texture":"#4","tintindex":0},"up":{"uv":[1.625,4.625,1.125,3.75],"rotation":0,"texture":"#4","tintindex":0},"down":{"uv":[2.25,4.25,1.75,5.125],"rotation":0,"texture":"#4","tintindex":0}}},{"from":[6.9142857,8.093525,7.6598363],"to":[9.085714,9.2363825,9.316979],"rotation":{"angle":0.0,"axis":"y","origin":[8.0,14.664953,8.231265]},"faces":{"east":{"uv":[7.125,9.125,7.5,9.375],"rotation":0,"texture":"#4","tintindex":0},"south":{"uv":[8.0,3.625,8.5,3.875],"rotation":0,"texture":"#4","tintindex":0},"north":{"uv":[0.0,8.0,0.5,8.25],"rotation":0,"texture":"#4","tintindex":0},"west":{"uv":[7.625,9.125,8.0,9.375],"rotation":0,"texture":"#4","tintindex":0},"up":{"uv":[6.25,7.875,5.75,7.5],"rotation":0,"texture":"#4","tintindex":0},"down":{"uv":[7.75,7.5,7.25,7.875],"rotation":0,"texture":"#4","tintindex":0}}},{"from":[6.9754896,7.807811,5.379836],"to":[7.77549,8.379239,7.66555],"rotation":{"angle":45.0,"axis":"z","origin":[7.261204,8.093525,6.22555]},"faces":{"east":{"uv":[10.25,6.5,10.75,6.625],"rotation":0,"texture":"#4","tintindex":0},"south":{"uv":[2.875,11.875,3.0,12.0],"rotation":0,"texture":"#4","tintindex":0},"north":{"uv":[2.625,11.875,2.75,12.0],"rotation":0,"texture":"#4","tintindex":0},"west":{"uv":[6.75,10.25,7.25,10.375],"rotation":0,"texture":"#4","tintindex":0},"up":{"uv":[7.5,10.75,7.375,10.25],"rotation":0,"texture":"#4","tintindex":0},"down":{"uv":[7.75,10.25,7.625,10.75],"rotation":0,"texture":"#4","tintindex":0}}},{"from":[7.428571,7.522096,4.8026934],"to":[8.571428,8.093525,5.3741217],"rotation":{"angle":0.0,"axis":"y","origin":[8.0,14.093525,8.231265]},"faces":{"east":{"uv":[2.125,11.875,2.25,12.0],"rotation":0,"texture":"#4","tintindex":0},"south":{"uv":[0.75,11.375,1.0,11.5],"rotation":0,"texture":"#4","tintindex":0},"north":{"uv":[0.375,11.375,0.625,11.5],"rotation":0,"texture":"#4","tintindex":0},"west":{"uv":[2.375,11.875,2.5,12.0],"rotation":0,"texture":"#4","tintindex":0},"up":{"uv":[11.625,0.875,11.375,0.75],"rotation":0,"texture":"#4","tintindex":0},"down":{"uv":[1.875,11.375,1.625,11.5],"rotation":0,"texture":"#4","tintindex":0}}},{"from":[7.4314284,7.790186,4.9206553],"to":[8.568571,8.604471,5.4920835],"rotation":{"angle":45.0,"axis":"x","origin":[8.0,8.0759,5.2063694]},"faces":{"east":{"uv":[3.5,11.875,3.625,12.0],"rotation":0,"texture":"#4","tintindex":0},"south":{"uv":[11.375,4.875,11.625,5.0],"rotation":0,"texture":"#4","tintindex":0},"north":{"uv":[11.375,3.375,11.625,3.5],"rotation":0,"texture":"#4","tintindex":0},"west":{"uv":[11.875,3.5,12.0,3.625],"rotation":0,"texture":"#4","tintindex":0},"up":{"uv":[5.25,11.5,5.0,11.375],"rotation":0,"texture":"#4","tintindex":0},"down":{"uv":[11.625,5.125,11.375,5.25],"rotation":0,"texture":"#4","tintindex":0}}},{"from":[8.22451,7.807811,5.379836],"to":[9.02451,8.379239,7.66555],"rotation":{"angle":-45.0,"axis":"z","origin":[8.738796,8.093525,6.2312646]},"faces":{"east":{"uv":[10.25,5.0,10.75,5.125],"rotation":0,"texture":"#4","tintindex":0},"south":{"uv":[11.875,1.5,12.0,1.625],"rotation":0,"texture":"#4","tintindex":0},"north":{"uv":[1.5,11.875,1.625,12.0],"rotation":0,"texture":"#4","tintindex":0},"west":{"uv":[10.25,5.25,10.75,5.375],"rotation":0,"texture":"#4","tintindex":0},"up":{"uv":[1.75,10.75,1.625,10.25],"rotation":0,"texture":"#4","tintindex":0},"down":{"uv":[6.625,10.25,6.5,10.75],"rotation":0,"texture":"#4","tintindex":0}}}],"textures":{"4":"modelengine:entity/fallensoldieranimated"},"display":{"head":{"translation":[0.0,-6.4,0.0],"scale":[4.0,4.0,4.0]}}}