{"elements":[{"from":[6.9142857,8.093543,7.6598287],"to":[9.085714,9.236401,9.316972],"rotation":{"angle":0.0,"axis":"y","origin":[8.0,14.664972,8.231257]},"faces":{"east":{"uv":[4.625,9.125,5.0,9.375],"rotation":0,"texture":"#4","tintindex":0},"south":{"uv":[7.875,7.75,8.375,8.0],"rotation":0,"texture":"#4","tintindex":0},"north":{"uv":[7.875,7.375,8.375,7.625],"rotation":0,"texture":"#4","tintindex":0},"west":{"uv":[9.125,5.125,9.5,5.375],"rotation":0,"texture":"#4","tintindex":0},"up":{"uv":[8.0,2.375,7.5,2.0],"rotation":0,"texture":"#4","tintindex":0},"down":{"uv":[8.0,2.5,7.5,2.875],"rotation":0,"texture":"#4","tintindex":0}}},{"from":[7.428571,8.093543,5.374114],"to":[8.571428,8.664971,7.6598287],"rotation":{"angle":0.0,"axis":"y","origin":[8.0,14.093543,8.231257]},"faces":{"east":{"uv":[10.25,9.875,10.75,10.0],"rotation":0,"texture":"#4","tintindex":0},"south":{"uv":[11.375,9.625,11.625,9.75],"rotation":0,"texture":"#4","tintindex":0},"north":{"uv":[11.375,9.375,11.625,9.5],"rotation":0,"texture":"#4","tintindex":0},"west":{"uv":[0.0,10.375,0.5,10.5],"rotation":0,"texture":"#4","tintindex":0},"up":{"uv":[5.5,8.25,5.25,7.75],"rotation":0,"texture":"#4","tintindex":0},"down":{"uv":[2.5,7.875,2.25,8.375],"rotation":0,"texture":"#4","tintindex":0}}},{"from":[8.22451,7.8078284,5.3798285],"to":[9.02451,8.379257,7.6655426],"rotation":{"angle":-45.0,"axis":"z","origin":[8.738796,8.093543,6.225543]},"faces":{"east":{"uv":[9.0,10.375,9.5,10.5],"rotation":0,"texture":"#4","tintindex":0},"south":{"uv":[11.875,5.75,12.0,5.875],"rotation":0,"texture":"#4","tintindex":0},"north":{"uv":[11.875,5.5,12.0,5.625],"rotation":0,"texture":"#4","tintindex":0},"west":{"uv":[10.375,10.125,10.875,10.25],"rotation":0,"texture":"#4","tintindex":0},"up":{"uv":[6.125,10.875,6.0,10.375],"rotation":0,"texture":"#4","tintindex":0},"down":{"uv":[6.375,10.375,6.25,10.875],"rotation":0,"texture":"#4","tintindex":0}}},{"from":[6.857143,7.5221143,5.374114],"to":[9.142858,8.093543,9.374114],"rotation":{"angle":0.0,"axis":"y","origin":[8.0,14.093543,8.231257]},"faces":{"east":{"uv":[8.875,0.75,9.75,0.875],"rotation":0,"texture":"#4","tintindex":0},"south":{"uv":[9.75,10.25,10.25,10.375],"rotation":0,"texture":"#4","tintindex":0},"north":{"uv":[10.25,9.625,10.75,9.75],"rotation":0,"texture":"#4","tintindex":0},"west":{"uv":[2.875,8.875,3.75,9.0],"rotation":0,"texture":"#4","tintindex":0},"up":{"uv":[4.125,5.125,3.625,4.25],"rotation":0,"texture":"#4","tintindex":0},"down":{"uv":[4.75,4.25,4.25,5.125],"rotation":0,"texture":"#4","tintindex":0}}},{"from":[7.4314284,7.7902036,4.9206476],"to":[8.568571,8.604489,5.492076],"rotation":{"angle":45.0,"axis":"x","origin":[8.0,8.075918,5.206362]},"faces":{"east":{"uv":[11.875,4.5,12.0,4.625],"rotation":0,"texture":"#4","tintindex":0},"south":{"uv":[8.375,11.375,8.625,11.5],"rotation":0,"texture":"#4","tintindex":0},"north":{"uv":[11.375,7.25,11.625,7.375],"rotation":0,"texture":"#4","tintindex":0},"west":{"uv":[4.75,11.875,4.875,12.0],"rotation":0,"texture":"#4","tintindex":0},"up":{"uv":[11.625,9.25,11.375,9.125],"rotation":0,"texture":"#4","tintindex":0},"down":{"uv":[9.625,11.375,9.375,11.5],"rotation":0,"texture":"#4","tintindex":0}}},{"from":[7.428571,7.5221143,4.8026857],"to":[8.571428,8.093543,5.374114],"rotation":{"angle":0.0,"axis":"y","origin":[8.0,14.093543,8.231257]},"faces":{"east":{"uv":[11.875,3.75,12.0,3.875],"rotation":0,"texture":"#4","tintindex":0},"south":{"uv":[6.25,11.375,6.5,11.5],"rotation":0,"texture":"#4","tintindex":0},"north":{"uv":[5.375,11.375,5.625,11.5],"rotation":0,"texture":"#4","tintindex":0},"west":{"uv":[11.875,4.0,12.0,4.125],"rotation":0,"texture":"#4","tintindex":0},"up":{"uv":[11.625,6.5,11.375,6.375],"rotation":0,"texture":"#4","tintindex":0},"down":{"uv":[7.5,11.375,7.25,11.5],"rotation":0,"texture":"#4","tintindex":0}}},{"from":[6.9754896,7.8078284,5.3798285],"to":[7.77549,8.379257,7.6655426],"rotation":{"angle":45.0,"axis":"z","origin":[7.261204,8.093543,6.231257]},"faces":{"east":{"uv":[10.375,3.25,10.875,3.375],"rotation":0,"texture":"#4","tintindex":0},"south":{"uv":[5.25,11.875,5.375,12.0],"rotation":0,"texture":"#4","tintindex":0},"north":{"uv":[5.0,11.875,5.125,12.0],"rotation":0,"texture":"#4","tintindex":0},"west":{"uv":[5.125,10.375,5.625,10.5],"rotation":0,"texture":"#4","tintindex":0},"up":{"uv":[8.625,10.75,8.5,10.25],"rotation":0,"texture":"#4","tintindex":0},"down":{"uv":[8.875,10.25,8.75,10.75],"rotation":0,"texture":"#4","tintindex":0}}}],"textures":{"4":"modelengine:entity/fallensoldieranimated"},"display":{"head":{"translation":[0.0,-6.4,0.0],"scale":[4.0,4.0,4.0]}}}