{"elements":[{"from":[9.285714,5.142857,6.857143],"to":[9.857143,5.714286,9.142858],"rotation":{"angle":0.0,"axis":"y","origin":[7.0,-5.714287,8.0]},"faces":{"east":{"uv":[10.25,10.625,10.75,10.75],"rotation":0,"texture":"#4","tintindex":0},"south":{"uv":[1.75,12.0,1.875,12.125],"rotation":0,"texture":"#4","tintindex":0},"north":{"uv":[1.0,12.0,1.125,12.125],"rotation":0,"texture":"#4","tintindex":0},"west":{"uv":[10.75,0.75,11.25,0.875],"rotation":0,"texture":"#4","tintindex":0},"up":{"uv":[0.75,11.25,0.625,10.75],"rotation":0,"texture":"#4","tintindex":0},"down":{"uv":[1.0,10.75,0.875,11.25],"rotation":0,"texture":"#4","tintindex":0}}},{"from":[7.857143,5.142857,6.857143],"to":[8.428572,5.714286,9.142858],"rotation":{"angle":0.0,"axis":"y","origin":[5.5714283,-5.714287,8.0]},"faces":{"east":{"uv":[10.625,8.0,11.125,8.125],"rotation":0,"texture":"#4","tintindex":0},"south":{"uv":[12.0,0.75,12.125,0.875],"rotation":0,"texture":"#4","tintindex":0},"north":{"uv":[11.5,11.875,11.625,12.0],"rotation":0,"texture":"#4","tintindex":0},"west":{"uv":[10.625,8.875,11.125,9.0],"rotation":0,"texture":"#4","tintindex":0},"up":{"uv":[9.125,11.125,9.0,10.625],"rotation":0,"texture":"#4","tintindex":0},"down":{"uv":[9.375,10.625,9.25,11.125],"rotation":0,"texture":"#4","tintindex":0}}},{"from":[7.714286,5.714286,6.857143],"to":[10.0,8.0,9.142858],"rotation":{"angle":0.0,"axis":"y","origin":[5.428571,-5.1428576,8.0]},"faces":{"east":{"uv":[1.25,5.875,1.75,6.375],"rotation":0,"texture":"#4","tintindex":0},"south":{"uv":[3.625,5.875,4.125,6.375],"rotation":0,"texture":"#4","tintindex":0},"north":{"uv":[5.875,0.625,6.375,1.125],"rotation":0,"texture":"#4","tintindex":0},"west":{"uv":[4.25,5.875,4.75,6.375],"rotation":0,"texture":"#4","tintindex":0},"up":{"uv":[6.0,6.375,5.5,5.875],"rotation":0,"texture":"#4","tintindex":0},"down":{"uv":[6.5,3.125,6.0,3.625],"rotation":0,"texture":"#4","tintindex":0}}},{"from":[8.285714,5.714286,6.714286],"to":[8.857143,8.571428,6.857143],"rotation":{"angle":0.0,"axis":"y","origin":[5.428571,-5.1428576,8.0]},"faces":{"east":{"uv":[9.5,9.625,9.625,10.25],"rotation":0,"texture":"#4","tintindex":0},"south":{"uv":[1.875,9.75,2.0,10.375],"rotation":0,"texture":"#4","tintindex":0},"north":{"uv":[9.25,9.625,9.375,10.25],"rotation":0,"texture":"#4","tintindex":0},"west":{"uv":[2.125,9.75,2.25,10.375],"rotation":0,"texture":"#4","tintindex":0},"up":{"uv":[11.875,10.5,11.75,10.375],"rotation":0,"texture":"#4","tintindex":0},"down":{"uv":[11.875,11.0,11.75,11.125],"rotation":0,"texture":"#4","tintindex":0}}},{"from":[7.714286,8.0,6.857143],"to":[9.428572,8.571428,9.142858],"rotation":{"angle":0.0,"axis":"y","origin":[5.428571,-5.1428576,8.0]},"faces":{"east":{"uv":[7.125,10.0,7.625,10.125],"rotation":0,"texture":"#4","tintindex":0},"south":{"uv":[10.875,6.375,11.25,6.5],"rotation":0,"texture":"#4","tintindex":0},"north":{"uv":[10.875,3.5,11.25,3.625],"rotation":0,"texture":"#4","tintindex":0},"west":{"uv":[10.0,7.625,10.5,7.75],"rotation":0,"texture":"#4","tintindex":0},"up":{"uv":[1.0,7.875,0.625,7.375],"rotation":0,"texture":"#4","tintindex":0},"down":{"uv":[2.125,7.375,1.75,7.875],"rotation":0,"texture":"#4","tintindex":0}}},{"from":[9.141066,7.572626,6.8599997],"to":[9.712494,8.286912,9.14],"rotation":{"angle":22.5,"axis":"z","origin":[8.8553505,8.286912,8.0]},"faces":{"east":{"uv":[10.0,7.875,10.5,8.0],"rotation":0,"texture":"#4","tintindex":0},"south":{"uv":[11.75,11.25,11.875,11.375],"rotation":0,"texture":"#4","tintindex":0},"north":{"uv":[11.25,11.75,11.375,11.875],"rotation":0,"texture":"#4","tintindex":0},"west":{"uv":[10.0,8.125,10.5,8.25],"rotation":0,"texture":"#4","tintindex":0},"up":{"uv":[4.375,10.5,4.25,10.0],"rotation":0,"texture":"#4","tintindex":0},"down":{"uv":[10.125,9.625,10.0,10.125],"rotation":0,"texture":"#4","tintindex":0}}},{"from":[8.0,4.5714283,7.142857],"to":[9.714286,5.714286,8.857143],"rotation":{"angle":0.0,"axis":"y","origin":[5.428571,-5.1428576,8.0]},"faces":{"east":{"uv":[0.0,0.0,6.0,4.0],"rotation":0,"texture":"#0","tintindex":0},"south":{"uv":[0.0,0.0,6.0,4.0],"rotation":0,"texture":"#0","tintindex":0},"north":{"uv":[6.0,0.0,0.0,4.0],"rotation":0,"texture":"#0","tintindex":0},"west":{"uv":[0.0,0.0,6.0,4.0],"rotation":0,"texture":"#0","tintindex":0},"up":{"uv":[73.968,11.968,71.032,9.032],"rotation":0,"texture":"#missing","tintindex":0},"down":{"uv":[0.0,8.0,6.0,12.0],"rotation":0,"texture":"#0","tintindex":0}}}],"textures":{"0":"modelengine:entity/boneshadingsoldier","4":"modelengine:entity/fallensoldieranimated"},"display":{"head":{"translation":[0.0,-6.4,0.0],"scale":[4.0,4.0,4.0]}}}