{"elements":[{"from":[6.549467,7.273116,7.142857],"to":[8.263753,8.415973,8.857143],"rotation":{"angle":0.0,"axis":"y","origin":[3.9780378,-1.8697414,8.0]},"faces":{"east":{"uv":[0.0,2.0,6.0,6.0],"rotation":0,"texture":"#0","tintindex":0},"south":{"uv":[0.0,0.0,6.0,4.0],"rotation":0,"texture":"#0","tintindex":0},"north":{"uv":[6.0,2.0,0.0,6.0],"rotation":0,"texture":"#0","tintindex":0},"west":{"uv":[0.0,2.0,6.0,6.0],"rotation":0,"texture":"#0","tintindex":0},"up":{"uv":[0.0,0.0,6.0,4.0],"rotation":0,"texture":"#0","tintindex":0},"down":{"uv":[73.968,51.032,71.032,53.968],"rotation":0,"texture":"#missing","tintindex":0}}},{"from":[6.4066095,5.5588303,7.0],"to":[8.40661,7.273116,9.0],"rotation":{"angle":0.0,"axis":"y","origin":[3.9780378,-1.8697414,8.0]},"faces":{"east":{"uv":[7.375,3.625,7.875,4.0],"rotation":0,"texture":"#4","tintindex":0},"south":{"uv":[4.125,7.375,4.625,7.75],"rotation":0,"texture":"#4","tintindex":0},"north":{"uv":[2.25,7.375,2.75,7.75],"rotation":0,"texture":"#4","tintindex":0},"west":{"uv":[7.375,4.125,7.875,4.5],"rotation":0,"texture":"#4","tintindex":0},"up":{"uv":[1.125,6.625,0.625,6.125],"rotation":0,"texture":"#4","tintindex":0},"down":{"uv":[6.625,3.75,6.125,4.25],"rotation":0,"texture":"#4","tintindex":0}}},{"from":[8.40661,5.5588303,7.285714],"to":[8.692324,7.273116,7.857143],"rotation":{"angle":0.0,"axis":"y","origin":[4.4066095,-1.8697414,8.0]},"faces":{"east":{"uv":[7.5,10.875,7.625,11.25],"rotation":0,"texture":"#4","tintindex":0},"south":{"uv":[8.375,10.875,8.5,11.25],"rotation":0,"texture":"#4","tintindex":0},"north":{"uv":[7.25,10.875,7.375,11.25],"rotation":0,"texture":"#4","tintindex":0},"west":{"uv":[8.625,10.875,8.75,11.25],"rotation":0,"texture":"#4","tintindex":0},"up":{"uv":[11.875,11.625,11.75,11.5],"rotation":0,"texture":"#4","tintindex":0},"down":{"uv":[11.875,11.75,11.75,11.875],"rotation":0,"texture":"#4","tintindex":0}}},{"from":[6.4066095,6.1302586,6.9142857],"to":[8.40661,6.7016873,7.0],"rotation":{"angle":0.0,"axis":"y","origin":[1.5494666,5.4159727,11.714286]},"faces":{"east":{"uv":[0.0,11.875,0.125,12.0],"rotation":0,"texture":"#4","tintindex":0},"south":{"uv":[0.0,10.125,0.5,10.25],"rotation":0,"texture":"#4","tintindex":0},"north":{"uv":[10.0,8.875,10.5,9.0],"rotation":0,"texture":"#4","tintindex":0},"west":{"uv":[11.875,0.0,12.0,0.125],"rotation":0,"texture":"#4","tintindex":0},"up":{"uv":[10.625,0.875,10.125,0.75],"rotation":0,"texture":"#4","tintindex":0},"down":{"uv":[10.625,1.0,10.125,1.125],"rotation":0,"texture":"#4","tintindex":0}}},{"from":[6.4066095,6.1302586,9.0],"to":[8.40661,6.7016873,9.085714],"rotation":{"angle":0.0,"axis":"y","origin":[1.5494666,5.4159727,11.714286]},"faces":{"east":{"uv":[0.25,11.875,0.375,12.0],"rotation":0,"texture":"#4","tintindex":0},"south":{"uv":[10.125,3.0,10.625,3.125],"rotation":0,"texture":"#4","tintindex":0},"north":{"uv":[10.125,2.75,10.625,2.875],"rotation":0,"texture":"#4","tintindex":0},"west":{"uv":[11.875,0.25,12.0,0.375],"rotation":0,"texture":"#4","tintindex":0},"up":{"uv":[5.625,10.25,5.125,10.125],"rotation":0,"texture":"#4","tintindex":0},"down":{"uv":[10.625,5.625,10.125,5.75],"rotation":0,"texture":"#4","tintindex":0}}},{"from":[8.40661,6.1302586,7.0],"to":[8.492324,6.7016873,9.0],"rotation":{"angle":0.0,"axis":"y","origin":[7.1208954,5.4159727,9.857143]},"faces":{"east":{"uv":[10.125,5.875,10.625,6.0],"rotation":0,"texture":"#4","tintindex":0},"south":{"uv":[11.875,0.5,12.0,0.625],"rotation":0,"texture":"#4","tintindex":0},"north":{"uv":[0.5,11.875,0.625,12.0],"rotation":0,"texture":"#4","tintindex":0},"west":{"uv":[10.125,8.375,10.625,8.5],"rotation":0,"texture":"#4","tintindex":0},"up":{"uv":[0.75,10.625,0.625,10.125],"rotation":0,"texture":"#4","tintindex":0},"down":{"uv":[1.0,10.125,0.875,10.625],"rotation":0,"texture":"#4","tintindex":0}}},{"from":[6.320895,6.1302586,7.0],"to":[6.4066095,6.7016873,9.0],"rotation":{"angle":0.0,"axis":"y","origin":[7.1208954,5.4159727,9.857143]},"faces":{"east":{"uv":[10.125,8.625,10.625,8.75],"rotation":0,"texture":"#4","tintindex":0},"south":{"uv":[11.875,1.0,12.0,1.125],"rotation":0,"texture":"#4","tintindex":0},"north":{"uv":[0.75,11.875,0.875,12.0],"rotation":0,"texture":"#4","tintindex":0},"west":{"uv":[10.25,1.875,10.75,2.0],"rotation":0,"texture":"#4","tintindex":0},"up":{"uv":[3.875,10.625,3.75,10.125],"rotation":0,"texture":"#4","tintindex":0},"down":{"uv":[1.25,10.25,1.125,10.75],"rotation":0,"texture":"#4","tintindex":0}}},{"from":[8.40661,5.5588303,8.142858],"to":[8.692324,7.273116,8.714286],"rotation":{"angle":0.0,"axis":"y","origin":[4.4066095,-1.8697414,8.0]},"faces":{"east":{"uv":[9.5,10.875,9.625,11.25],"rotation":0,"texture":"#4","tintindex":0},"south":{"uv":[10.875,9.625,11.0,10.0],"rotation":0,"texture":"#4","tintindex":0},"north":{"uv":[10.875,9.125,11.0,9.5],"rotation":0,"texture":"#4","tintindex":0},"west":{"uv":[9.75,10.875,9.875,11.25],"rotation":0,"texture":"#4","tintindex":0},"up":{"uv":[1.375,12.0,1.25,11.875],"rotation":0,"texture":"#4","tintindex":0},"down":{"uv":[12.0,1.25,11.875,1.375],"rotation":0,"texture":"#4","tintindex":0}}}],"textures":{"0":"modelengine:entity/boneshadingsoldier","4":"modelengine:entity/fallensoldieranimated"},"display":{"head":{"translation":[0.0,-6.4,0.0],"scale":[4.0,4.0,4.0]}}}