{"elements":[{"from":[7.6665716,4.752226,-2.2241955],"to":[7.6665716,14.466513,7.4900904],"rotation":{"angle":-45.0,"axis":"x","origin":[7.860857,7.8607974,4.502761]},"faces":{"east":{"uv":[16.0,16.0,0.0,0.0],"rotation":180,"texture":"#5","tintindex":0},"south":{"uv":[15.5,16.0,16.0,15.5],"rotation":180,"texture":"#5","tintindex":0},"north":{"uv":[15.5,16.0,16.0,15.5],"rotation":180,"texture":"#5","tintindex":0},"west":{"uv":[0.0,16.0,16.0,0.0],"rotation":180,"texture":"#5","tintindex":0},"up":{"uv":[15.5,16.0,16.0,15.5],"rotation":180,"texture":"#5","tintindex":0},"down":{"uv":[15.5,16.0,16.0,15.5],"rotation":180,"texture":"#5","tintindex":0}}},{"from":[7.480857,10.969369,0.31294727],"to":[7.8694286,12.912226,0.70151854],"rotation":{"angle":-45.0,"axis":"x","origin":[7.675143,7.8607974,4.502761]},"faces":{"east":{"uv":[10.5,7.0,10.0,4.5],"rotation":180,"texture":"#3","tintindex":0},"south":{"uv":[10.0,7.0,10.5,4.5],"rotation":180,"texture":"#3","tintindex":0},"north":{"uv":[10.0,7.0,10.5,4.5],"rotation":180,"texture":"#3","tintindex":0},"west":{"uv":[10.5,4.5,10.0,7.0],"rotation":0,"texture":"#3","tintindex":0},"up":{"uv":[10.0,4.5,10.5,5.0],"rotation":270,"texture":"#3","tintindex":0},"down":{"uv":[10.5,6.5,10.0,7.0],"rotation":270,"texture":"#3","tintindex":0}}},{"from":[7.480857,10.192226,0.70151854],"to":[7.8694286,12.523655,1.0900898],"rotation":{"angle":-45.0,"axis":"x","origin":[7.675143,7.8607974,4.502761]},"faces":{"east":{"uv":[10.0,8.0,9.5,5.0],"rotation":180,"texture":"#3","tintindex":0},"south":{"uv":[9.5,8.0,10.0,5.0],"rotation":180,"texture":"#3","tintindex":0},"north":{"uv":[9.5,8.0,10.0,5.0],"rotation":180,"texture":"#3","tintindex":0},"west":{"uv":[10.0,5.0,9.5,8.0],"rotation":0,"texture":"#3","tintindex":0},"up":{"uv":[9.5,5.0,10.0,5.5],"rotation":270,"texture":"#3","tintindex":0},"down":{"uv":[10.0,7.5,9.5,8.0],"rotation":270,"texture":"#3","tintindex":0}}},{"from":[7.480857,9.803655,1.0900898],"to":[7.8694286,12.135084,1.4786615],"rotation":{"angle":-45.0,"axis":"x","origin":[7.675143,7.8607974,4.502761]},"faces":{"east":{"uv":[9.5,8.5,9.0,5.5],"rotation":180,"texture":"#3","tintindex":0},"south":{"uv":[9.0,8.5,9.5,5.5],"rotation":180,"texture":"#3","tintindex":0},"north":{"uv":[9.0,8.5,9.5,5.5],"rotation":180,"texture":"#3","tintindex":0},"west":{"uv":[9.5,5.5,9.0,8.5],"rotation":0,"texture":"#3","tintindex":0},"up":{"uv":[9.0,5.5,9.5,6.0],"rotation":270,"texture":"#3","tintindex":0},"down":{"uv":[9.5,8.0,9.0,8.5],"rotation":270,"texture":"#3","tintindex":0}}},{"from":[7.480857,9.803655,1.4786615],"to":[7.8694286,11.746511,2.255804],"rotation":{"angle":-45.0,"axis":"x","origin":[7.675143,7.8607974,4.502761]},"faces":{"east":{"uv":[9.0,8.5,8.0,6.0],"rotation":180,"texture":"#3","tintindex":0},"south":{"uv":[8.0,8.5,8.5,6.0],"rotation":180,"texture":"#3","tintindex":0},"north":{"uv":[8.5,8.5,9.0,6.0],"rotation":180,"texture":"#3","tintindex":0},"west":{"uv":[9.0,6.0,8.0,8.5],"rotation":0,"texture":"#3","tintindex":0},"up":{"uv":[8.0,6.0,9.0,6.5],"rotation":270,"texture":"#3","tintindex":0},"down":{"uv":[9.0,8.0,8.0,8.5],"rotation":270,"texture":"#3","tintindex":0}}},{"from":[7.480857,9.026512,2.255804],"to":[7.8694286,11.357941,2.6443758],"rotation":{"angle":-45.0,"axis":"x","origin":[7.675143,7.8607974,4.502761]},"faces":{"east":{"uv":[8.0,9.5,7.5,6.5],"rotation":180,"texture":"#3","tintindex":0},"south":{"uv":[7.5,9.5,8.0,6.5],"rotation":180,"texture":"#3","tintindex":0},"north":{"uv":[7.5,9.5,8.0,6.5],"rotation":180,"texture":"#3","tintindex":0},"west":{"uv":[8.0,6.5,7.5,9.5],"rotation":0,"texture":"#3","tintindex":0},"up":{"uv":[7.5,6.5,8.0,7.0],"rotation":270,"texture":"#3","tintindex":0},"down":{"uv":[8.0,9.0,7.5,9.5],"rotation":270,"texture":"#3","tintindex":0}}},{"from":[7.480857,8.63794,2.6443758],"to":[7.8694286,10.580797,3.0329475],"rotation":{"angle":-45.0,"axis":"x","origin":[7.675143,7.8607974,4.502761]},"faces":{"east":{"uv":[7.5,10.0,7.0,7.5],"rotation":180,"texture":"#3","tintindex":0},"south":{"uv":[7.0,10.0,7.5,7.5],"rotation":180,"texture":"#3","tintindex":0},"north":{"uv":[7.0,10.0,7.5,7.5],"rotation":180,"texture":"#3","tintindex":0},"west":{"uv":[7.5,7.5,7.0,10.0],"rotation":0,"texture":"#3","tintindex":0},"up":{"uv":[7.0,7.5,7.5,8.0],"rotation":270,"texture":"#3","tintindex":0},"down":{"uv":[7.5,9.5,7.0,10.0],"rotation":270,"texture":"#3","tintindex":0}}},{"from":[7.480857,8.249369,3.0329475],"to":[7.8694286,10.192226,3.4215183],"rotation":{"angle":-45.0,"axis":"x","origin":[7.675143,7.8607974,4.502761]},"faces":{"east":{"uv":[7.0,10.5,6.5,8.0],"rotation":180,"texture":"#3","tintindex":0},"south":{"uv":[6.5,10.5,7.0,8.0],"rotation":180,"texture":"#3","tintindex":0},"north":{"uv":[6.5,10.5,7.0,8.0],"rotation":180,"texture":"#3","tintindex":0},"west":{"uv":[7.0,8.0,6.5,10.5],"rotation":0,"texture":"#3","tintindex":0},"up":{"uv":[6.5,8.0,7.0,8.5],"rotation":270,"texture":"#3","tintindex":0},"down":{"uv":[7.0,10.0,6.5,10.5],"rotation":270,"texture":"#3","tintindex":0}}},{"from":[7.480857,7.8607974,3.4215183],"to":[7.8694286,9.803655,3.81009],"rotation":{"angle":-45.0,"axis":"x","origin":[7.675143,7.8607974,4.502761]},"faces":{"east":{"uv":[6.5,11.0,6.0,8.5],"rotation":180,"texture":"#3","tintindex":0},"south":{"uv":[6.0,11.0,6.5,8.5],"rotation":180,"texture":"#3","tintindex":0},"north":{"uv":[6.0,11.0,6.5,8.5],"rotation":180,"texture":"#3","tintindex":0},"west":{"uv":[6.5,8.5,6.0,11.0],"rotation":0,"texture":"#3","tintindex":0},"up":{"uv":[6.0,8.5,6.5,9.0],"rotation":270,"texture":"#3","tintindex":0},"down":{"uv":[6.5,10.5,6.0,11.0],"rotation":270,"texture":"#3","tintindex":0}}},{"from":[7.480857,9.415083,1.8672328],"to":[7.8694286,9.803655,2.255804],"rotation":{"angle":-45.0,"axis":"x","origin":[7.675143,7.8607974,4.502761]},"faces":{"east":{"uv":[8.5,9.0,8.0,8.5],"rotation":180,"texture":"#3","tintindex":0},"south":{"uv":[8.0,9.0,8.5,8.5],"rotation":180,"texture":"#3","tintindex":0},"north":{"uv":[8.0,9.0,8.5,8.5],"rotation":180,"texture":"#3","tintindex":0},"west":{"uv":[8.5,8.5,8.0,9.0],"rotation":0,"texture":"#3","tintindex":0},"up":{"uv":[8.0,8.5,8.5,9.0],"rotation":270,"texture":"#3","tintindex":0},"down":{"uv":[8.5,8.5,8.0,9.0],"rotation":270,"texture":"#3","tintindex":0}}},{"from":[7.480857,7.472226,3.81009],"to":[7.8694286,9.415083,4.1986613],"rotation":{"angle":-45.0,"axis":"x","origin":[7.675143,7.8607974,4.502761]},"faces":{"east":{"uv":[6.0,11.5,5.5,9.0],"rotation":180,"texture":"#3","tintindex":0},"south":{"uv":[5.5,11.5,6.0,9.0],"rotation":180,"texture":"#3","tintindex":0},"north":{"uv":[5.5,11.5,6.0,9.0],"rotation":180,"texture":"#3","tintindex":0},"west":{"uv":[6.0,9.0,5.5,11.5],"rotation":0,"texture":"#3","tintindex":0},"up":{"uv":[5.5,9.0,6.0,9.5],"rotation":270,"texture":"#3","tintindex":0},"down":{"uv":[6.0,11.0,5.5,11.5],"rotation":270,"texture":"#3","tintindex":0}}},{"from":[7.480857,7.0836544,4.1986613],"to":[7.8694286,9.026512,4.587233],"rotation":{"angle":-45.0,"axis":"x","origin":[7.675143,7.8607974,4.502761]},"faces":{"east":{"uv":[5.5,12.0,5.0,9.5],"rotation":180,"texture":"#3","tintindex":0},"south":{"uv":[5.0,12.0,5.5,9.5],"rotation":180,"texture":"#3","tintindex":0},"north":{"uv":[5.0,12.0,5.5,9.5],"rotation":180,"texture":"#3","tintindex":0},"west":{"uv":[5.5,9.5,5.0,12.0],"rotation":0,"texture":"#3","tintindex":0},"up":{"uv":[5.0,9.5,5.5,10.0],"rotation":270,"texture":"#3","tintindex":0},"down":{"uv":[5.5,11.5,5.0,12.0],"rotation":270,"texture":"#3","tintindex":0}}},{"from":[7.480857,6.695083,4.587233],"to":[7.8694286,8.63794,4.9758043],"rotation":{"angle":-45.0,"axis":"x","origin":[7.675143,7.8607974,4.502761]},"faces":{"east":{"uv":[5.0,12.5,4.5,10.0],"rotation":180,"texture":"#3","tintindex":0},"south":{"uv":[4.5,12.5,5.0,10.0],"rotation":180,"texture":"#3","tintindex":0},"north":{"uv":[4.5,12.5,5.0,10.0],"rotation":180,"texture":"#3","tintindex":0},"west":{"uv":[5.0,10.0,4.5,12.5],"rotation":0,"texture":"#3","tintindex":0},"up":{"uv":[4.5,10.0,5.0,10.5],"rotation":270,