{"elements":[{"from":[7.0057144,6.234286,7.377143],"to":[8.822857,8.194285,9.194285],"rotation":{"angle":0.0,"axis":"y","origin":[8.857143,4.0,8.285714]},"faces":{"east":{"uv":[14.5625,0.0,15.5,0.5],"rotation":0,"texture":"#0","tintindex":0},"south":{"uv":[14.5625,0.0,15.5,0.5],"rotation":0,"texture":"#0","tintindex":0},"north":{"uv":[14.5625,0.0,15.5,0.5],"rotation":0,"texture":"#0","tintindex":0},"west":{"uv":[14.5625,0.0,15.5,0.5],"rotation":0,"texture":"#0","tintindex":0},"up":{"uv":[14.5625,0.0,15.5,0.5],"rotation":0,"texture":"#0","tintindex":0},"down":{"uv":[14.5625,0.0,15.5,0.5],"rotation":0,"texture":"#0","tintindex":0}}},{"from":[6.5857143,6.2,7.042857],"to":[9.042857,6.942857,9.5],"rotation":{"angle":0.0,"axis":"y","origin":[7.857143,6.028571,8.285714]},"faces":{"east":{"uv":[7.9375,5.0,8.1875,5.0625],"rotation":0,"texture":"#8","tintindex":0},"south":{"uv":[7.9375,5.125,8.1875,5.1875],"rotation":0,"texture":"#8","tintindex":0},"north":{"uv":[7.9375,3.1875,8.1875,3.25],"rotation":0,"texture":"#8","tintindex":0},"west":{"uv":[7.9375,5.25,8.1875,5.3125],"rotation":0,"texture":"#8","tintindex":0},"up":{"uv":[1.5625,4.375,1.3125,4.125],"rotation":0,"texture":"#8","tintindex":0},"down":{"uv":[4.375,2.6875,4.125,2.9375],"rotation":0,"texture":"#8","tintindex":0}}},{"from":[6.714286,4.0,7.142857],"to":[8.857143,6.285714,9.428572],"rotation":{"angle":0.0,"axis":"y","origin":[7.857143,10.571428,8.285714]},"faces":{"east":{"uv":[2.8125,4.0625,3.0625,4.3125],"rotation":0,"texture":"#8","tintindex":0},"south":{"uv":[3.5625,4.0625,3.8125,4.3125],"rotation":0,"texture":"#8","tintindex":0},"north":{"uv":[0.0,4.0625,0.25,4.3125],"rotation":0,"texture":"#8","tintindex":0},"west":{"uv":[4.125,0.0,4.375,0.25],"rotation":0,"texture":"#8","tintindex":0},"up":{"uv":[4.375,0.5625,4.125,0.3125],"rotation":0,"texture":"#8","tintindex":0},"down":{"uv":[1.25,4.125,1.0,4.375],"rotation":0,"texture":"#8","tintindex":0}}},{"from":[6.92,7.42,7.305714],"to":[9.08,8.58,9.322857],"rotation":{"angle":0.0,"axis":"y","origin":[8.942857,4.0,8.242857]},"faces":{"east":{"uv":[4.8125,6.6875,5.0,6.8125],"rotation":0,"texture":"#8","tintindex":0},"south":{"uv":[6.5,0.0,6.75,0.125],"rotation":0,"texture":"#8","tintindex":0},"north":{"uv":[6.4375,1.875,6.6875,2.0],"rotation":0,"texture":"#8","tintindex":0},"west":{"uv":[6.6875,5.125,6.875,5.25],"rotation":0,"texture":"#8","tintindex":0},"up":{"uv":[1.9375,4.9375,1.6875,4.75],"rotation":0,"texture":"#8","tintindex":0},"down":{"uv":[2.625,4.75,2.375,4.9375],"rotation":0,"texture":"#8","tintindex":0}}},{"from":[7.5714283,7.5785713,6.6928573],"to":[8.428572,8.435715,6.9785714],"rotation":{"angle":45.0,"axis":"z","origin":[8.0,8.007143,6.8357143]},"faces":{"east":{"uv":[0.4375,9.0,0.5,9.125],"rotation":0,"texture":"#8","tintindex":0},"south":{"uv":[3.375,7.9375,3.5,8.0625],"rotation":0,"texture":"#8","tintindex":0},"north":{"uv":[7.9375,3.0,8.0625,3.125],"rotation":0,"texture":"#8","tintindex":0},"west":{"uv":[9.0,0.625,9.0625,0.75],"rotation":0,"texture":"#8","tintindex":0},"up":{"uv":[9.125,0.3125,9.0,0.25],"rotation":0,"texture":"#8","tintindex":0},"down":{"uv":[0.875,9.0,0.75,9.0625],"rotation":0,"texture":"#8","tintindex":0}}},{"from":[8.156913,6.9470177,6.8594284],"to":[8.72377,7.513875,7.4262857],"rotation":{"angle":22.5,"axis":"z","origin":[8.440342,7.2304463,7.142857]},"faces":{"east":{"uv":[9.4375,2.625,9.5,2.6875],"rotation":0,"texture":"#8","tintindex":0},"south":{"uv":[2.75,9.4375,2.8125,9.5],"rotation":0,"texture":"#8","tintindex":0},"north":{"uv":[2.625,9.4375,2.6875,9.5],"rotation":0,"texture":"#8","tintindex":0},"west":{"uv":[2.875,9.4375,2.9375,9.5],"rotation":0,"texture":"#8","tintindex":0},"up":{"uv":[3.0625,9.5,3.0,9.4375],"rotation":0,"texture":"#8","tintindex":0},"down":{"uv":[3.3125,9.4375,3.25,9.5],"rotation":0,"texture":"#8","tintindex":0}}},{"from":[7.27623,6.9470177,6.8594284],"to":[7.8430867,7.513875,7.4262857],"rotation":{"angle":-22.5,"axis":"z","origin":[7.559658,7.2304463,7.142857]},"faces":{"east":{"uv":[2.25,9.4375,2.3125,9.5],"rotation":0,"texture":"#8","tintindex":0},"south":{"uv":[2.375,9.4375,2.4375,9.5],"rotation":0,"texture":"#8","tintindex":0},"north":{"uv":[9.4375,2.125,9.5,2.1875],"rotation":0,"texture":"#8","tintindex":0},"west":{"uv":[9.4375,2.375,9.5,2.4375],"rotation":0,"texture":"#8","tintindex":0},"up":{"uv":[2.5625,9.5,2.5,9.4375],"rotation":0,"texture":"#8","tintindex":0},"down":{"uv":[9.5,2.5,9.4375,2.5625],"rotation":0,"texture":"#8","tintindex":0}}},{"from":[8.156913,8.486125,6.8594284],"to":[8.72377,9.052982,7.4262857],"rotation":{"angle":-22.5,"axis":"z","origin":[8.440342,8.769553,7.142857]},"faces":{"east":{"uv":[1.75,9.4375,1.8125,9.5],"rotation":0,"texture":"#8","tintindex":0},"south":{"uv":[1.875,9.4375,1.9375,9.5],"rotation":0,"texture":"#8","tintindex":0},"north":{"uv":[1.625,9.4375,1.6875,9.5],"rotation":0,"texture":"#8","tintindex":0},"west":{"uv":[2.0,9.4375,2.0625,9.5],"rotation":0,"texture":"#8","tintindex":0},"up":{"uv":[9.5,2.0625,9.4375,2.0],"rotation":0,"texture":"#8","tintindex":0},"down":{"uv":[2.1875,9.4375,2.125,9.5],"rotation":0,"texture":"#8","tintindex":0}}},{"from":[7.27623,8.486125,6.8594284],"to":[7.8430867,9.052982,7.4262857],"rotation":{"angle":22.5,"axis":"z","origin":[7.559658,8.769553,7.142857]},"faces":{"east":{"uv":[1.25,9.4375,1.3125,9.5],"rotation":0,"texture":"#8","tintindex":0},"south":{"uv":[1.375,9.4375,1.4375,9.5],"rotation":0,"texture":"#8","tintindex":0},"north":{"uv":[1.125,9.4375,1.1875,9.5],"rotation":0,"texture":"#8","tintindex":0},"west":{"uv":[9.4375,1.375,9.5,1.4375],"rotation":0,"texture":"#8","tintindex":0},"up":{"uv":[1.5625,9.5,1.5,9.4375],"rotation":0,"texture":"#8","tintindex":0},"down":{"uv":[9.5,1.5,9.4375,1.5625],"rotation":0,"texture":"#8","tintindex":0}}},{"from":[7.428571,7.428571,7.0142856],"to":[8.571428,8.571428,7.5857143],"rotation":{"angle":45.0,"axis":"z","origin":[8.0,8.0,7.3]},"faces":{"east":{"uv":[7.3125,8.9375,7.375,9.0625],"rotation":0,"texture":"#8","tintindex":0},"south":{"uv":[7.9375,2.8125,8.0625,2.9375],"rotation":0,"texture":"#8","tintindex":0},"north":{"uv":[7.9375,2.625,8.0625,2.75],"rotation":0,"texture":"#8","tintindex":0},"west":{"uv":[8.9375,8.75,9.0,8.875],"rotation":0,"texture":"#8","tintindex":0},"up":{"uv":[9.0625,9.0,8.9375,8.9375],"rotation":0,"texture":"#8","tintindex":0},"down":{"uv":[0.125,9.0,0.0,9.0625],"rotation":0,"texture":"#8","tintindex":0}}},{"from":[7.714286,6.857143,6.857143],"to":[8.285714,9.142858,7.428571],"rotation":{"angle":0.0,"axis":"y","origin":[8.0,8.0,7.142857]},"faces":{"east":{"uv":[0.625,7.9375,0.6875,8.1875],"rotation":0,"texture":"#8","tintindex":0},"south":{"uv":[1.25,7.9375,1.3125,8.1875],"rotation":0,"texture":"#8","tintindex":0},"north":{"uv":[7.3125,7.875,7.375,8.125],"rotation":0,"texture":"#8","tintindex":0},"west":{"uv":[1.75,7.9375,1.8125,8.1875],"rotation":0,"texture":"#8","tintindex":0},"up":{"uv":[0.9375,9.5,0.875,9.4375],"rotation":0,"texture":"#8","tintindex":0},"down":{"uv":[1.0625,9.4375,1.0,9.5],"rotation":0,"texture":"#8","tintindex":0}}},{"from":[6.634286,5.67,7.12],"to":[7.822857,6.2871428,9.451428],"rotation":{"angle":0.0,"axis":"y","origin":[6.757143,-1.1142864,8.285714]},"faces":{"east":{"uv":[0.0,7.9375,0.25,8.0],"rotation":0,"texture":"#8","tintindex":0},"south":{"uv":[8.4375,8.9375,8.5625,9.0],"rotation":0,"texture":"#8","tintindex":0},"north":{"uv":[8.9375,8.375,9.0625,8.4375],"rotation":0,"texture":"#8","tintindex":0},"west":{"uv":[0.3125,7.9375,0.5625,8.0],"rotation":0,"texture":"#8","tintindex":0},"up":{"uv":[2.6875,6.6875,2.5625,6.4375],"rotation":0,"texture":"#8","tintindex":0},"down":{"uv":[5.5625,6.4375,5.4375,6.6875],"rotation":0,"texture":"#8","tintindex":0}}},{"from":[6.634286,4.5271425,7.12],"to":[7.822857,5.1442857,9.451428],"rotation":{"angle":0.0,"axis":"y","origin":[6.757143,-2.257144,8.285714]},"faces":{"east":{"uv":[7.9375,1.1875,8.1875,1.25],"rotation":0,"texture":"#8","tintindex":0},