{"elements":[{"from":[6.8791046,3.2731156,6.857143],"to":[9.164819,5.5588303,9.142858],"rotation":{"angle":0.0,"axis":"y","origin":[11.450533,-1.8697414,8.0]},"faces":{"east":{"uv":[1.8125,3.5,1.5625,3.75],"rotation":0,"texture":"#8","tintindex":0},"south":{"uv":[1.5,3.5,1.25,3.75],"rotation":0,"texture":"#8","tintindex":0},"north":{"uv":[2.875,3.375,2.625,3.625],"rotation":0,"texture":"#8","tintindex":0},"west":{"uv":[3.1875,3.4375,2.9375,3.6875],"rotation":0,"texture":"#8","tintindex":0},"up":{"uv":[1.875,3.75,2.125,3.5],"rotation":0,"texture":"#8","tintindex":0},"down":{"uv":[3.25,3.5,3.5,3.75],"rotation":0,"texture":"#8","tintindex":0}}},{"from":[8.879105,4.015973,6.857143],"to":[9.450533,4.5874014,7.428571],"rotation":{"angle":45.0,"axis":"z","origin":[9.164819,4.5874014,6.5714283]},"faces":{"east":{"uv":[1.125,9.1875,1.0625,9.25],"rotation":0,"texture":"#8","tintindex":0},"south":{"uv":[1.0,9.1875,0.9375,9.25],"rotation":0,"texture":"#8","tintindex":0},"north":{"uv":[0.5625,9.1875,0.5,9.25],"rotation":0,"texture":"#8","tintindex":0},"west":{"uv":[9.25,0.5,9.1875,0.5625],"rotation":0,"texture":"#8","tintindex":0},"up":{"uv":[1.1875,9.25,1.25,9.1875],"rotation":0,"texture":"#8","tintindex":0},"down":{"uv":[1.3125,9.1875,1.375,9.25],"rotation":0,"texture":"#8","tintindex":0}}},{"from":[8.879105,4.015973,6.285714],"to":[9.450533,5.15883,6.857143],"rotation":{"angle":45.0,"axis":"z","origin":[9.164819,4.5874014,6.5714283]},"faces":{"east":{"uv":[8.5,6.6875,8.4375,6.8125],"rotation":0,"texture":"#8","tintindex":0},"south":{"uv":[8.5,6.5,8.4375,6.625],"rotation":0,"texture":"#8","tintindex":0},"north":{"uv":[1.9375,8.4375,1.875,8.5625],"rotation":0,"texture":"#8","tintindex":0},"west":{"uv":[2.375,8.4375,2.3125,8.5625],"rotation":0,"texture":"#8","tintindex":0},"up":{"uv":[0.375,9.25,0.4375,9.1875],"rotation":0,"texture":"#8","tintindex":0},"down":{"uv":[9.1875,0.375,9.25,0.4375],"rotation":0,"texture":"#8","tintindex":0}}},{"from":[6.397676,5.1131163,7.6114287],"to":[6.60339,5.890259,8.388572],"rotation":{"angle":45.0,"axis":"x","origin":[6.500533,5.501687,8.0]},"faces":{"east":{"uv":[7.75,3.4375,7.625,3.5625],"rotation":0,"texture":"#8","tintindex":0},"south":{"uv":[5.5625,8.875,5.5,9.0],"rotation":0,"texture":"#8","tintindex":0},"north":{"uv":[8.9375,5.3125,8.875,5.4375],"rotation":0,"texture":"#8","tintindex":0},"west":{"uv":[1.6875,7.625,1.5625,7.75],"rotation":0,"texture":"#8","tintindex":0},"up":{"uv":[8.875,5.625,8.9375,5.5],"rotation":0,"texture":"#8","tintindex":0},"down":{"uv":[8.875,5.6875,8.9375,5.8125],"rotation":0,"texture":"#8","tintindex":0}}},{"from":[6.6040673,5.87483,7.4874287],"to":[7.0577817,6.328544,8.512571],"rotation":{"angle":45.0,"axis":"z","origin":[6.8309245,6.101687,8.0]},"faces":{"east":{"uv":[9.0,6.875,8.875,6.9375],"rotation":0,"texture":"#8","tintindex":0},"south":{"uv":[5.0,9.375,4.9375,9.4375],"rotation":0,"texture":"#8","tintindex":0},"north":{"uv":[9.4375,4.8125,9.375,4.875],"rotation":0,"texture":"#8","tintindex":0},"west":{"uv":[9.0,6.375,8.875,6.4375],"rotation":0,"texture":"#8","tintindex":0},"up":{"uv":[7.4375,9.0,7.5,8.875],"rotation":0,"texture":"#8","tintindex":0},"down":{"uv":[7.5625,8.875,7.625,9.0],"rotation":0,"texture":"#8","tintindex":0}}},{"from":[6.5076756,5.073116,7.4857144],"to":[6.964819,6.1016874,8.514286],"rotation":{"angle":0.0,"axis":"y","origin":[9.879105,-5.9483137,8.0]},"faces":{"east":{"uv":[5.5,7.625,5.375,7.75],"rotation":0,"texture":"#8","tintindex":0},"south":{"uv":[8.9375,5.875,8.875,6.0],"rotation":0,"texture":"#8","tintindex":0},"north":{"uv":[5.875,8.875,5.8125,9.0],"rotation":0,"texture":"#8","tintindex":0},"west":{"uv":[7.75,3.875,7.625,4.0],"rotation":0,"texture":"#8","tintindex":0},"up":{"uv":[5.9375,9.0,6.0,8.875],"rotation":0,"texture":"#8","tintindex":0},"down":{"uv":[6.0625,8.875,6.125,9.0],"rotation":0,"texture":"#8","tintindex":0}}},{"from":[6.6040673,4.846259,7.4874287],"to":[7.0577817,5.2999735,8.512571],"rotation":{"angle":45.0,"axis":"z","origin":[6.8309245,5.0731163,8.0]},"faces":{"east":{"uv":[6.5,8.875,6.375,8.9375],"rotation":0,"texture":"#8","tintindex":0},"south":{"uv":[4.875,9.375,4.8125,9.4375],"rotation":0,"texture":"#8","tintindex":0},"north":{"uv":[9.4375,4.6875,9.375,4.75],"rotation":0,"texture":"#8","tintindex":0},"west":{"uv":[6.3125,8.875,6.1875,8.9375],"rotation":0,"texture":"#8","tintindex":0},"up":{"uv":[8.875,6.8125,8.9375,6.6875],"rotation":0,"texture":"#8","tintindex":0},"down":{"uv":[7.0625,8.875,7.125,9.0],"rotation":0,"texture":"#8","tintindex":0}}},{"from":[7.5860715,7.8588305,9.235714],"to":[8.386072,8.658831,9.464286],"rotation":{"angle":-22.5,"axis":"x","origin":[7.991786,8.780259,9.35]},"faces":{"east":{"uv":[8.125,8.875,8.0625,9.0],"rotation":0,"texture":"#8","tintindex":0},"south":{"uv":[2.0625,7.6875,1.9375,7.8125],"rotation":0,"texture":"#8","tintindex":0},"north":{"uv":[6.6875,7.625,6.5625,7.75],"rotation":0,"texture":"#8","tintindex":0},"west":{"uv":[8.0,8.875,7.9375,9.0],"rotation":0,"texture":"#8","tintindex":0},"up":{"uv":[8.875,8.1875,9.0,8.125],"rotation":0,"texture":"#8","tintindex":0},"down":{"uv":[8.9375,0.125,9.0625,0.1875],"rotation":0,"texture":"#8","tintindex":0}}},{"from":[7.124129,7.5342736,9.341128],"to":[8.859444,7.9891305,9.795985],"rotation":{"angle":22.5,"axis":"x","origin":[7.991786,8.158831,9.238376]},"faces":{"east":{"uv":[5.25,9.375,5.1875,9.4375],"rotation":0,"texture":"#8","tintindex":0},"south":{"uv":[7.9375,0.625,7.6875,0.6875],"rotation":0,"texture":"#8","tintindex":0},"north":{"uv":[7.9375,0.5,7.6875,0.5625],"rotation":0,"texture":"#8","tintindex":0},"west":{"uv":[9.4375,5.0625,9.375,5.125],"rotation":0,"texture":"#8","tintindex":0},"up":{"uv":[7.6875,0.8125,7.9375,0.75],"rotation":0,"texture":"#8","tintindex":0},"down":{"uv":[7.6875,0.875,7.9375,0.9375],"rotation":0,"texture":"#8","tintindex":0}}},{"from":[7.1232147,7.6445446,9.057143],"to":[8.860357,8.673116,9.514286],"rotation":{"angle":-22.5,"axis":"x","origin":[7.991786,8.158831,9.238376]},"faces":{"east":{"uv":[7.875,8.875,7.8125,9.0],"rotation":0,"texture":"#8","tintindex":0},"south":{"uv":[0.25,6.0,0.0,6.125],"rotation":0,"texture":"#8","tintindex":0},"north":{"uv":[6.1875,2.4375,5.9375,2.5625],"rotation":0,"texture":"#8","tintindex":0},"west":{"uv":[7.75,8.875,7.6875,9.0],"rotation":0,"texture":"#8","tintindex":0},"up":{"uv":[7.625,7.6875,7.875,7.625],"rotation":0,"texture":"#8","tintindex":0},"down":{"uv":[7.6875,0.0,7.9375,0.0625],"rotation":0,"texture":"#8","tintindex":0}}},{"from":[7.124129,8.261583,8.613819],"to":[8.859444,8.71644,9.068676],"rotation":{"angle":22.5,"axis":"x","origin":[7.991786,8.158831,9.238376]},"faces":{"east":{"uv":[5.125,9.375,5.0625,9.4375],"rotation":0,"texture":"#8","tintindex":0},"south":{"uv":[7.875,6.5,7.625,6.5625],"rotation":0,"texture":"#8","tintindex":0},"north":{"uv":[6.5,7.625,6.25,7.6875],"rotation":0,"texture":"#8","tintindex":0},"west":{"uv":[9.4375,4.9375,9.375,5.0],"rotation":0,"texture":"#8","tintindex":0},"up":{"uv":[7.625,7.25,7.875,7.1875],"rotation":0,"texture":"#8","tintindex":0},"down":{"uv":[7.625,7.5,7.875,7.5625],"rotation":0,"texture":"#8","tintindex":0}}},{"from":[8.048929,6.6302586,6.857143],"to":[8.963215,7.5445447,9.142858],"rotation":{"angle":0.0,"axis":"y","origin":[10.791786,-4.319742,8.0]},"faces":{"east":{"uv":[6.125,5.125,5.875,5.25],"rotation":0,"texture":"#8","tintindex":0},"south":{"uv":[7.6875,6.875,7.5625,7.0],"rotation":0,"texture":"#8","tintindex":0},"north":{"uv":[7.6875,6.6875,7.5625,6.7875],"rotation":0,"texture":"#8","tintindex":0},"west":{"uv":[5.1875,5.875,4.9375,6.0],"rotation":0,"texture":"#8","tintindex":0},"up":{"uv":[5.875,5.9375,6.0,5.6875],"rotation":0,"texture":"#8","tintindex":0},"down":{"uv":[1.1875,5.9375,1.3125,6.1875],"rotation":0,"texture":"#8","tintindex":0}}},{"from":[7.043215,6.6302586,6.857143],"to":[7.9575005,7.5445447,9.142858],"rotation":{"angle":0.0,"axis":"y","origin":[9.786072,-4.319742,8.0]},"faces":{"east":{"uv":[6.125,4.0625,5.875,4.1875],