{"elements":[{"from":[5.624224,4.582286,6.753714],"to":[6.086853,6.874857,7.332],"rotation":{"angle":22.5,"axis":"y","origin":[5.8555384,6.8714285,7.2714286]},"faces":{"east":{"uv":[4.125,7.6875,4.0625,7.9375],"rotation":0,"texture":"#8","tintindex":0},"south":{"uv":[3.3125,7.6875,3.25,7.9375],"rotation":0,"texture":"#8","tintindex":0},"north":{"uv":[3.0625,7.6875,3.0,7.9375],"rotation":0,"texture":"#8","tintindex":0},"west":{"uv":[3.1875,7.6875,3.125,7.9375],"rotation":0,"texture":"#8","tintindex":0},"up":{"uv":[5.5,9.4375,5.5625,9.375],"rotation":0,"texture":"#8","tintindex":0},"down":{"uv":[9.375,5.5625,9.4375,5.625],"rotation":0,"texture":"#8","tintindex":0}}},{"from":[5.624224,4.582286,8.796572],"to":[6.086853,6.874857,9.374857],"rotation":{"angle":-22.5,"axis":"y","origin":[5.8555384,6.8714285,8.857143]},"faces":{"east":{"uv":[2.9375,7.6875,2.875,7.9375],"rotation":0,"texture":"#8","tintindex":0},"south":{"uv":[2.1875,7.6875,2.125,7.9375],"rotation":0,"texture":"#8","tintindex":0},"north":{"uv":[2.6875,7.5625,2.625,7.8125],"rotation":0,"texture":"#8","tintindex":0},"west":{"uv":[3.8125,7.625,3.75,7.875],"rotation":0,"texture":"#8","tintindex":0},"up":{"uv":[9.375,5.375,9.4375,5.3125],"rotation":0,"texture":"#8","tintindex":0},"down":{"uv":[9.375,5.4375,9.4375,5.5],"rotation":0,"texture":"#8","tintindex":0}}},{"from":[5.5926814,6.257143,6.857143],"to":[6.506967,7.285714,9.142858],"rotation":{"angle":0.0,"axis":"y","origin":[8.335539,-4.6571436,8.0]},"faces":{"east":{"uv":[0.25,5.8125,0.0,5.9375],"rotation":0,"texture":"#8","tintindex":0},"south":{"uv":[7.6875,4.875,7.5625,5.0],"rotation":0,"texture":"#8","tintindex":0},"north":{"uv":[7.6875,4.6875,7.5625,4.8],"rotation":0,"texture":"#8","tintindex":0},"west":{"uv":[6.0,4.4375,5.75,4.5625],"rotation":0,"texture":"#8","tintindex":0},"up":{"uv":[1.5,6.0625,1.625,5.8125],"rotation":0,"texture":"#8","tintindex":0},"down":{"uv":[5.8125,3.4375,5.9375,3.6875],"rotation":0,"texture":"#8","tintindex":0}}},{"from":[6.598396,6.257143,6.857143],"to":[7.5126815,7.3428574,9.142858],"rotation":{"angle":0.0,"axis":"y","origin":[9.341253,-4.6571436,8.0]},"faces":{"east":{"uv":[6.125,0.0,5.875,0.125],"rotation":0,"texture":"#8","tintindex":0},"south":{"uv":[5.6875,7.5625,5.5625,7.6875],"rotation":0,"texture":"#8","tintindex":0},"north":{"uv":[7.6875,5.0625,7.5625,5.18125],"rotation":0,"texture":"#8","tintindex":0},"west":{"uv":[6.0625,1.75,5.8125,1.875],"rotation":0,"texture":"#8","tintindex":0},"up":{"uv":[5.4375,6.0625,5.5625,5.8125],"rotation":0,"texture":"#8","tintindex":0},"down":{"uv":[5.875,0.1875,6.0,0.4375],"rotation":0,"texture":"#8","tintindex":0}}},{"from":[5.5926814,5.1499996,6.857143],"to":[6.506967,6.178571,9.142858],"rotation":{"angle":0.0,"axis":"y","origin":[8.335539,-5.764286,8.0]},"faces":{"east":{"uv":[6.0,4.25,5.75,4.375],"rotation":0,"texture":"#8","tintindex":0},"south":{"uv":[7.6875,4.5,7.5625,4.625],"rotation":0,"texture":"#8","tintindex":0},"north":{"uv":[7.6875,4.0625,7.5625,4.175],"rotation":0,"texture":"#8","tintindex":0},"west":{"uv":[3.6875,5.75,3.4375,5.875],"rotation":0,"texture":"#8","tintindex":0},"up":{"uv":[2.75,6.0,2.875,5.75],"rotation":0,"texture":"#8","tintindex":0},"down":{"uv":[3.875,5.75,4.0,6.0],"rotation":0,"texture":"#8","tintindex":0}}},{"from":[5.5926814,4.578572,6.857143],"to":[6.506967,5.0357146,9.142858],"rotation":{"angle":0.0,"axis":"y","origin":[8.335539,-6.3357143,8.0]},"faces":{"east":{"uv":[7.8125,5.6875,7.5625,5.75],"rotation":0,"texture":"#8","tintindex":0},"south":{"uv":[5.4375,8.875,5.3125,8.9375],"rotation":0,"texture":"#8","tintindex":0},"north":{"uv":[9.0,5.1875,8.875,5.2375],"rotation":0,"texture":"#8","tintindex":0},"west":{"uv":[7.8125,5.5625,7.5625,5.625],"rotation":0,"texture":"#8","tintindex":0},"up":{"uv":[3.125,6.125,3.25,5.875],"rotation":0,"texture":"#8","tintindex":0},"down":{"uv":[5.875,3.75,6.0,4.0],"rotation":0,"texture":"#8","tintindex":0}}},{"from":[6.598396,4.5785713,6.857143],"to":[7.5126815,5.035714,9.142858],"rotation":{"angle":0.0,"axis":"y","origin":[9.341253,-6.3357143,8.0]},"faces":{"east":{"uv":[7.8125,3.3125,7.5625,3.375],"rotation":0,"texture":"#8","tintindex":0},"south":{"uv":[5.25,8.875,5.125,8.9375],"rotation":0,"texture":"#8","tintindex":0},"north":{"uv":[5.0625,8.875,4.9375,8.925],"rotation":0,"texture":"#8","tintindex":0},"west":{"uv":[7.75,6.375,7.5,6.4375],"rotation":0,"texture":"#8","tintindex":0},"up":{"uv":[5.875,1.25,6.0,1.0],"rotation":0,"texture":"#8","tintindex":0},"down":{"uv":[2.9375,5.875,3.0625,6.125],"rotation":0,"texture":"#8","tintindex":0}}},{"from":[6.598396,5.1499996,6.857143],"to":[7.5126815,6.178571,9.142858],"rotation":{"angle":0.0,"axis":"y","origin":[9.341253,-5.764286,8.0]},"faces":{"east":{"uv":[6.0,2.25,5.75,2.375],"rotation":0,"texture":"#8","tintindex":0},"south":{"uv":[4.0,7.5625,3.875,7.6875],"rotation":0,"texture":"#8","tintindex":0},"north":{"uv":[7.6875,3.125,7.5625,3.2375],"rotation":0,"texture":"#8","tintindex":0},"west":{"uv":[1.4375,5.75,1.1875,5.875],"rotation":0,"texture":"#8","tintindex":0},"up":{"uv":[0.5625,6.0,0.6875,5.75],"rotation":0,"texture":"#8","tintindex":0},"down":{"uv":[2.5625,5.75,2.6875,6.0],"rotation":0,"texture":"#8","tintindex":0}}},{"from":[6.0841103,7.385714,6.857143],"to":[7.4555387,8.528571,9.142858],"rotation":{"angle":0.0,"axis":"y","origin":[9.28411,-5.1857157,8.0]},"faces":{"east":{"uv":[5.6875,4.4375,5.4375,4.5625],"rotation":0,"texture":"#8","tintindex":0},"south":{"uv":[6.75,0.6875,6.5625,0.8125],"rotation":0,"texture":"#8","tintindex":0},"north":{"uv":[6.1875,6.5,6.0,6.625],"rotation":0,"texture":"#8","tintindex":0},"west":{"uv":[5.6875,4.25,5.4375,4.375],"rotation":0,"texture":"#8","tintindex":0},"up":{"uv":[4.4375,2.875,4.625,2.625],"rotation":0,"texture":"#8","tintindex":0},"down":{"uv":[1.4375,4.5,1.625,4.75],"rotation":0,"texture":"#8","tintindex":0}}},{"from":[5.8569717,6.95834,6.8599997],"to":[6.771258,8.244055,9.14],"rotation":{"angle":-22.5,"axis":"z","origin":[6.5426865,8.244055,8.0]},"faces":{"east":{"uv":[5.4375,5.5,5.1875,5.625],"rotation":0,"texture":"#8","tintindex":0},"south":{"uv":[7.25,0.5,7.125,0.625],"rotation":0,"texture":"#8","tintindex":0},"north":{"uv":[7.25,0.125,7.125,0.265625],"rotation":0,"texture":"#8","tintindex":0},"west":{"uv":[5.75,1.75,5.5,1.875],"rotation":0,"texture":"#8","tintindex":0},"up":{"uv":[1.5,5.75,1.625,5.5],"rotation":0,"texture":"#8","tintindex":0},"down":{"uv":[5.5,5.5,5.625,5.75],"rotation":0,"texture":"#8","tintindex":0}}},{"from":[4.428571,7.2285714,7.428571],"to":[5.0,8.3714285,8.571428],"rotation":{"angle":45.0,"axis":"x","origin":[4.714286,7.8,8.0]},"faces":{"east":{"uv":[7.5625,2.75,7.6875,2.875],"rotation":0,"texture":"#8","tintindex":0},"south":{"uv":[8.875,4.6875,8.9375,4.8125],"rotation":0,"texture":"#8","tintindex":0},"north":{"uv":[4.6875,8.875,4.75,9.0],"rotation":0,"texture":"#8","tintindex":0},"west":{"uv":[7.5625,2.9375,7.6875,3.0625],"rotation":0,"texture":"#8","tintindex":0},"up":{"uv":[4.875,9.0,4.8125,8.875],"rotation":0,"texture":"#8","tintindex":0},"down":{"uv":[8.9375,4.875,8.875,5.0],"rotation":0,"texture":"#8","tintindex":0}}},{"from":[4.9617143,5.9142857,9.322408],"to":[6.1,6.481143,9.889265],"rotation":{"angle":0.0,"axis":"y","origin":[8.388,-10.088001,7.0344076]},"faces":{"east":{"uv":[3.25,9.125,3.3125,9.1875],"rotation":0,"texture":"#8","tintindex":0},"south":{"uv":[8.0,3.4375,8.125,3.5],"rotation":0,"texture":"#8","tintindex":0},"north":{"uv":[3.125,8.0,3.3125,8.0625],"rotation":0,"texture":"#8","tintindex":0},"west":{"uv":[9.125,3.3125,9.1875,3.375],"rotation":0,"texture":"#8","tintindex":0},"up":{"uv":[8.1875,3.8125,8.0,3.75],"rotation":0,"texture":"#8","tintindex":0},"down":{"uv":[8.1875,3.875,8.0,3.9375],"rotation":0,"texture":"#8","tintindex":0}}},{"from":[3.878571,6.142857,6.2714286],"to":[5.135714,7.4,9.814285],"rotation":{"angle":-45.0,"axis":"z","origin":[4.6714287,6.2,8.042857]},"faces":{"east":{"uv":[4.4375,3.125,4.8125,3.25],"rotation":0,"texture":"#8",