{"elements":[{"from":[7.4211426,8.464668,4.6309786],"to":[8.573143,9.045239,5.782979],"rotation":{"angle":45.0,"axis":"x","origin":[7.425714,8.754953,4.971265]},"faces":{"east":{"uv":[8.4375,4.3125,8.5625,4.375],"rotation":0,"texture":"#8","tintindex":0},"south":{"uv":[4.375,8.4375,4.5,8.5],"rotation":0,"texture":"#8","tintindex":0},"north":{"uv":[8.4375,4.1875,8.5625,4.25],"rotation":0,"texture":"#8","tintindex":0},"west":{"uv":[8.4375,4.4375,8.5625,4.5],"rotation":0,"texture":"#8","tintindex":0},"up":{"uv":[7.3125,0.8125,7.1875,0.6875],"rotation":0,"texture":"#8","tintindex":0},"down":{"uv":[7.3125,0.875,7.1875,1.0],"rotation":0,"texture":"#8","tintindex":0}}},{"from":[6.8542857,7.5192394,5.3712645],"to":[9.145715,8.66781,9.376979],"rotation":{"angle":0.0,"axis":"y","origin":[8.0,14.093525,8.231265]},"faces":{"east":{"uv":[4.3125,0.875,4.75,1.0],"rotation":0,"texture":"#8","tintindex":0},"south":{"uv":[5.3125,2.0625,5.5625,2.1875],"rotation":0,"texture":"#8","tintindex":0},"north":{"uv":[5.25,5.125,5.5,5.25],"rotation":0,"texture":"#8","tintindex":0},"west":{"uv":[4.3125,1.0625,4.75,1.1875],"rotation":0,"texture":"#8","tintindex":0},"up":{"uv":[3.1875,3.375,2.9375,2.9375],"rotation":0,"texture":"#8","tintindex":0},"down":{"uv":[3.25,2.25,3.0,2.6875],"rotation":0,"texture":"#8","tintindex":0}}},{"from":[6.9142857,8.093525,7.6598363],"to":[9.085714,9.2363825,9.316979],"rotation":{"angle":0.0,"axis":"y","origin":[8.0,14.664953,8.231265]},"faces":{"east":{"uv":[3.0,2.75,3.1875,2.875],"rotation":0,"texture":"#8","tintindex":0},"south":{"uv":[5.25,0.0,5.5,0.125],"rotation":0,"texture":"#8","tintindex":0},"north":{"uv":[1.9375,5.1875,2.1875,5.3125],"rotation":0,"texture":"#8","tintindex":0},"west":{"uv":[1.3125,3.0625,1.5,3.1875],"rotation":0,"texture":"#8","tintindex":0},"up":{"uv":[0.25,4.5625,0.0,4.375],"rotation":0,"texture":"#8","tintindex":0},"down":{"uv":[3.5,4.375,3.25,4.5625],"rotation":0,"texture":"#8","tintindex":0}}},{"from":[7.428571,7.522096,4.8026934],"to":[8.571428,8.664953,5.3741217],"rotation":{"angle":0.0,"axis":"y","origin":[8.0,14.093525,8.231265]},"faces":{"east":{"uv":[8.3125,5.375,8.375,5.5],"rotation":0,"texture":"#8","tintindex":0},"south":{"uv":[1.8125,6.875,1.9375,7.0],"rotation":0,"texture":"#8","tintindex":0},"north":{"uv":[6.875,1.0625,7.0,1.1875],"rotation":0,"texture":"#8","tintindex":0},"west":{"uv":[5.75,8.3125,5.8125,8.4375],"rotation":0,"texture":"#8","tintindex":0},"up":{"uv":[2.9375,2.3125,2.8125,2.25],"rotation":0,"texture":"#8","tintindex":0},"down":{"uv":[3.8125,1.375,3.6875,1.4375],"rotation":0,"texture":"#8","tintindex":0}}}],"textures":{"8":"modelengine:entity/fallendefender_dead"},"display":{"head":{"translation":[0.0,-6.4,0.0],"scale":[4.0,4.0,4.0]}}}