{"elements":[{"from":[6.5224996,5.95883,6.885714],"to":[8.351071,6.5302587,9.171429],"rotation":{"angle":0.0,"axis":"y","origin":[7.208214,5.9302588,9.857143]},"faces":{"east":{"uv":[7.625,2.5,7.875,2.5625],"rotation":0,"texture":"#8","tintindex":0},"south":{"uv":[7.625,2.625,7.875,2.6875],"rotation":0,"texture":"#8","tintindex":0},"north":{"uv":[1.25,7.625,1.5,7.6875],"rotation":0,"texture":"#8","tintindex":0},"west":{"uv":[3.4375,7.625,3.6875,7.6875],"rotation":0,"texture":"#8","tintindex":0},"up":{"uv":[3.5,4.0625,3.25,3.8125],"rotation":0,"texture":"#8","tintindex":0},"down":{"uv":[0.625,3.875,0.375,4.125],"rotation":0,"texture":"#8","tintindex":0}}},{"from":[7.8911853,5.269687,8.796572],"to":[8.353814,7.5622587,9.374857],"rotation":{"angle":22.5,"axis":"y","origin":[8.122499,7.5588303,8.857143]},"faces":{"east":{"uv":[1.0625,7.125,1.125,7.375],"rotation":0,"texture":"#8","tintindex":0},"south":{"uv":[1.1875,7.125,1.25,7.375],"rotation":0,"texture":"#8","tintindex":0},"north":{"uv":[7.0,7.0625,7.0625,7.3125],"rotation":0,"texture":"#8","tintindex":0},"west":{"uv":[1.5,7.125,1.5625,7.375],"rotation":0,"texture":"#8","tintindex":0},"up":{"uv":[9.1875,8.3125,9.125,8.25],"rotation":0,"texture":"#8","tintindex":0},"down":{"uv":[9.1875,8.375,9.125,8.4375],"rotation":0,"texture":"#8","tintindex":0}}},{"from":[7.8911853,5.269687,6.753714],"to":[8.353814,7.5622587,7.332],"rotation":{"angle":-22.5,"axis":"y","origin":[8.122499,7.5588303,7.2714286]},"faces":{"east":{"uv":[3.5,7.125,3.5625,7.375],"rotation":0,"texture":"#8","tintindex":0},"south":{"uv":[3.625,7.125,3.6875,7.375],"rotation":0,"texture":"#8","tintindex":0},"north":{"uv":[1.625,7.125,1.6875,7.375],"rotation":0,"texture":"#8","tintindex":0},"west":{"uv":[7.125,4.6875,7.1875,4.9375],"rotation":0,"texture":"#8","tintindex":0},"up":{"uv":[9.1875,8.5625,9.125,8.5],"rotation":0,"texture":"#8","tintindex":0},"down":{"uv":[9.1875,8.625,9.125,8.6875],"rotation":0,"texture":"#8","tintindex":0}}},{"from":[7.5167856,4.9874015,6.9142857],"to":[8.339643,5.8016872,9.085714],"rotation":{"angle":0.0,"axis":"y","origin":[5.6424994,-6.034028,8.0]},"faces":{"east":{"uv":[5.875,5.3125,6.125,5.4375],"rotation":0,"texture":"#8","tintindex":0},"south":{"uv":[0.75,7.625,0.875,7.75],"rotation":0,"texture":"#8","tintindex":0},"north":{"uv":[7.625,0.3125,7.75,0.4140625],"rotation":0,"texture":"#8","tintindex":0},"west":{"uv":[5.9375,0.75,6.1875,0.875],"rotation":0,"texture":"#8","tintindex":0},"up":{"uv":[2.1875,6.1875,2.0625,5.9375],"rotation":0,"texture":"#8","tintindex":0},"down":{"uv":[3.4375,5.9375,3.3125,6.1875],"rotation":0,"texture":"#8","tintindex":0}}},{"from":[6.511071,4.9874015,6.9142857],"to":[7.333928,5.8016872,9.085714],"rotation":{"angle":0.0,"axis":"y","origin":[4.6367855,-6.034028,8.0]},"faces":{"east":{"uv":[5.9375,1.3125,6.1875,1.4375],"rotation":0,"texture":"#8","tintindex":0},"south":{"uv":[7.625,1.0625,7.75,1.1875],"rotation":0,"texture":"#8","tintindex":0},"north":{"uv":[1.0625,7.625,1.1875,7.7265625],"rotation":0,"texture":"#8","tintindex":0},"west":{"uv":[5.9375,2.0625,6.1875,2.1875],"rotation":0,"texture":"#8","tintindex":0},"up":{"uv":[3.625,6.1875,3.5,5.9375],"rotation":0,"texture":"#8","tintindex":0},"down":{"uv":[3.8125,5.9375,3.6875,6.1875],"rotation":0,"texture":"#8","tintindex":0}}},{"from":[7.4710712,6.6302586,6.857143],"to":[8.385357,7.5445447,9.142858],"rotation":{"angle":0.0,"axis":"y","origin":[5.6424994,-4.319742,8.0]},"faces":{"east":{"uv":[5.875,2.6875,6.125,2.8125],"rotation":0,"texture":"#8","tintindex":0},"south":{"uv":[7.5625,5.8125,7.6875,5.9375],"rotation":0,"texture":"#8","tintindex":0},"north":{"uv":[5.75,7.5625,5.875,7.6625],"rotation":0,"texture":"#8","tintindex":0},"west":{"uv":[5.875,4.0625,6.125,4.1875],"rotation":0,"texture":"#8","tintindex":0},"up":{"uv":[4.4375,6.125,4.3125,5.875],"rotation":0,"texture":"#8","tintindex":0},"down":{"uv":[4.625,5.875,4.5,6.125],"rotation":0,"texture":"#8","tintindex":0}}},{"from":[6.465357,6.6302586,6.857143],"to":[7.3796425,7.5445447,9.142858],"rotation":{"angle":0.0,"axis":"y","origin":[4.6367855,-4.319742,8.0]},"faces":{"east":{"uv":[4.9375,5.875,5.1875,6.0],"rotation":0,"texture":"#8","tintindex":0},"south":{"uv":[7.5625,6.875,7.6875,7.0],"rotation":0,"texture":"#8","tintindex":0},"north":{"uv":[7.5625,6.6875,7.6875,6.7875],"rotation":0,"texture":"#8","tintindex":0},"west":{"uv":[5.875,5.125,6.125,5.25],"rotation":0,"texture":"#8","tintindex":0},"up":{"uv":[6.0,5.9375,5.875,5.6875],"rotation":0,"texture":"#8","tintindex":0},"down":{"uv":[1.3125,5.9375,1.1875,6.1875],"rotation":0,"texture":"#8","tintindex":0}}},{"from":[6.569128,8.261583,8.613819],"to":[8.304442,8.71644,9.068676],"rotation":{"angle":22.5,"axis":"x","origin":[7.436785,8.158831,9.238376]},"faces":{"east":{"uv":[9.375,4.9375,9.4375,5.0],"rotation":0,"texture":"#8","tintindex":0},"south":{"uv":[7.625,6.5,7.875,6.5625],"rotation":0,"texture":"#8","tintindex":0},"north":{"uv":[6.25,7.625,6.5,7.6875],"rotation":0,"texture":"#8","tintindex":0},"west":{"uv":[5.0625,9.375,5.125,9.4375],"rotation":0,"texture":"#8","tintindex":0},"up":{"uv":[7.875,7.25,7.625,7.1875],"rotation":0,"texture":"#8","tintindex":0},"down":{"uv":[7.875,7.5,7.625,7.5625],"rotation":0,"texture":"#8","tintindex":0}}},{"from":[6.568214,7.6445446,9.057143],"to":[8.305357,8.673116,9.514286],"rotation":{"angle":-22.5,"axis":"x","origin":[7.436785,8.158831,9.238376]},"faces":{"east":{"uv":[7.6875,8.875,7.75,9.0],"rotation":0,"texture":"#8","tintindex":0},"south":{"uv":[0.0,6.0,0.25,6.125],"rotation":0,"texture":"#8","tintindex":0},"north":{"uv":[5.9375,2.4375,6.1875,2.5625],"rotation":0,"texture":"#8","tintindex":0},"west":{"uv":[7.8125,8.875,7.875,9.0],"rotation":0,"texture":"#8","tintindex":0},"up":{"uv":[7.875,7.6875,7.625,7.625],"rotation":0,"texture":"#8","tintindex":0},"down":{"uv":[7.9375,0.0,7.6875,0.0625],"rotation":0,"texture":"#8","tintindex":0}}},{"from":[6.569128,7.5342736,9.341128],"to":[8.304442,7.9891305,9.795985],"rotation":{"angle":22.5,"axis":"x","origin":[7.436785,8.158831,9.238376]},"faces":{"east":{"uv":[9.375,5.0625,9.4375,5.125],"rotation":0,"texture":"#8","tintindex":0},"south":{"uv":[7.6875,0.625,7.9375,0.6875],"rotation":0,"texture":"#8","tintindex":0},"north":{"uv":[7.6875,0.5,7.9375,0.5625],"rotation":0,"texture":"#8","tintindex":0},"west":{"uv":[5.1875,9.375,5.25,9.4375],"rotation":0,"texture":"#8","tintindex":0},"up":{"uv":[7.9375,0.8125,7.6875,0.75],"rotation":0,"texture":"#8","tintindex":0},"down":{"uv":[7.9375,0.875,7.6875,0.9375],"rotation":0,"texture":"#8","tintindex":0}}},{"from":[6.973928,7.8588305,9.235714],"to":[7.773928,8.658831,9.464286],"rotation":{"angle":-22.5,"axis":"x","origin":[7.436785,8.780259,9.35]},"faces":{"east":{"uv":[7.9375,8.875,8.0,9.0],"rotation":0,"texture":"#8","tintindex":0},"south":{"uv":[1.9375,7.6875,2.0625,7.8125],"rotation":0,"texture":"#8","tintindex":0},"north":{"uv":[6.5625,7.625,6.6875,7.75],"rotation":0,"texture":"#8","tintindex":0},"west":{"uv":[8.0625,8.875,8.125,9.0],"rotation":0,"texture":"#8","tintindex":0},"up":{"uv":[9.0,8.1875,8.875,8.125],"rotation":0,"texture":"#8","tintindex":0},"down":{"uv":[9.0625,0.125,8.9375,0.1875],"rotation":0,"texture":"#8","tintindex":0}}}],"textures":{"8":"modelengine:entity/fallendefender_dead"},"display":{"head":{"translation":[0.0,-6.4,0.0],"scale":[4.0,4.0,4.0]}}}