{"elements":[{"from":[7.1771426,6.234286,7.377143],"to":[8.994286,8.194285,9.194285],"rotation":{"angle":0.0,"axis":"y","origin":[7.142857,4.0,8.285714]},"faces":{"east":{"uv":[14.5625,0.0,15.5,0.5],"rotation":0,"texture":"#0","tintindex":0},"south":{"uv":[14.5625,0.0,15.5,0.5],"rotation":0,"texture":"#0","tintindex":0},"north":{"uv":[14.5625,0.0,15.5,0.5],"rotation":0,"texture":"#0","tintindex":0},"west":{"uv":[14.5625,0.0,15.5,0.5],"rotation":0,"texture":"#0","tintindex":0},"up":{"uv":[14.5625,0.0,15.5,0.5],"rotation":0,"texture":"#0","tintindex":0},"down":{"uv":[14.5625,0.0,15.5,0.5],"rotation":0,"texture":"#0","tintindex":0}}},{"from":[8.177143,4.5271425,7.12],"to":[9.365714,5.1442857,9.451428],"rotation":{"angle":0.0,"axis":"y","origin":[9.242857,-2.257144,8.285714]},"faces":{"east":{"uv":[6.6875,7.875,6.9375,7.9375],"rotation":0,"texture":"#8","tintindex":0},"south":{"uv":[8.9375,7.625,9.0625,7.6875],"rotation":0,"texture":"#8","tintindex":0},"north":{"uv":[8.9375,7.5,9.0625,7.5625],"rotation":0,"texture":"#8","tintindex":0},"west":{"uv":[7.0,7.875,7.25,7.9375],"rotation":0,"texture":"#8","tintindex":0},"up":{"uv":[1.1875,6.6875,1.0625,6.4375],"rotation":0,"texture":"#8","tintindex":0},"down":{"uv":[6.5625,1.0625,6.4375,1.3125],"rotation":0,"texture":"#8","tintindex":0}}},{"from":[8.177143,5.67,7.12],"to":[9.365714,6.2871428,9.451428],"rotation":{"angle":0.0,"axis":"y","origin":[9.242857,-1.1142864,8.285714]},"faces":{"east":{"uv":[7.875,7.3125,8.125,7.375],"rotation":0,"texture":"#8","tintindex":0},"south":{"uv":[8.9375,8.25,9.0625,8.3125],"rotation":0,"texture":"#8","tintindex":0},"north":{"uv":[8.9375,7.75,9.0625,7.8125],"rotation":0,"texture":"#8","tintindex":0},"west":{"uv":[7.625,7.875,7.875,7.9375],"rotation":0,"texture":"#8","tintindex":0},"up":{"uv":[6.5625,1.8125,6.4375,1.5625],"rotation":0,"texture":"#8","tintindex":0},"down":{"uv":[2.5,6.4375,2.375,6.6875],"rotation":0,"texture":"#8","tintindex":0}}},{"from":[6.957143,3.4285712,7.142857],"to":[9.3,4.0,9.442858],"rotation":{"angle":0.0,"axis":"y","origin":[8.142858,8.285714,8.285714]},"faces":{"east":{"uv":[7.125,4.375,7.375,4.4375],"rotation":0,"texture":"#8","tintindex":0},"south":{"uv":[7.125,7.0625,7.375,7.125],"rotation":0,"texture":"#8","tintindex":0},"north":{"uv":[7.125,4.25,7.375,4.3125],"rotation":0,"texture":"#8","tintindex":0},"west":{"uv":[7.1875,0.0,7.4375,0.0625],"rotation":0,"texture":"#8","tintindex":0},"up":{"uv":[3.1875,4.0,2.9375,3.75],"rotation":0,"texture":"#8","tintindex":0},"down":{"uv":[3.8125,3.75,3.5625,4.0],"rotation":0,"texture":"#8","tintindex":0}}},{"from":[7.714286,6.857143,6.857143],"to":[8.285714,9.142858,7.428571],"rotation":{"angle":0.0,"axis":"y","origin":[8.0,8.0,7.142857]},"faces":{"east":{"uv":[7.125,5.3125,7.1875,5.5625],"rotation":0,"texture":"#8","tintindex":0},"south":{"uv":[5.4375,7.125,5.5,7.375],"rotation":0,"texture":"#8","tintindex":0},"north":{"uv":[7.125,5.0,7.1875,5.25],"rotation":0,"texture":"#8","tintindex":0},"west":{"uv":[7.125,6.5625,7.1875,6.8125],"rotation":0,"texture":"#8","tintindex":0},"up":{"uv":[8.875,9.1875,8.8125,9.125],"rotation":0,"texture":"#8","tintindex":0},"down":{"uv":[9.1875,8.875,9.125,8.9375],"rotation":0,"texture":"#8","tintindex":0}}},{"from":[7.428571,7.428571,7.0142856],"to":[8.571428,8.571428,7.5857143],"rotation":{"angle":-45.0,"axis":"z","origin":[8.0,8.0,7.3]},"faces":{"east":{"uv":[6.9375,8.9375,7.0,9.0625],"rotation":0,"texture":"#8","tintindex":0},"south":{"uv":[7.875,4.0625,8.0,4.1875],"rotation":0,"texture":"#8","tintindex":0},"north":{"uv":[2.5,7.875,2.625,8.0],"rotation":0,"texture":"#8","tintindex":0},"west":{"uv":[7.1875,8.9375,7.25,9.0625],"rotation":0,"texture":"#8","tintindex":0},"up":{"uv":[9.0625,7.1875,8.9375,7.125],"rotation":0,"texture":"#8","tintindex":0},"down":{"uv":[9.0625,7.375,8.9375,7.4375],"rotation":0,"texture":"#8","tintindex":0}}},{"from":[8.156913,8.486125,6.8594284],"to":[8.72377,9.052982,7.4262857],"rotation":{"angle":-22.5,"axis":"z","origin":[8.440342,8.769553,7.142857]},"faces":{"east":{"uv":[9.375,5.8125,9.4375,5.875],"rotation":0,"texture":"#8","tintindex":0},"south":{"uv":[9.375,5.9375,9.4375,6.0],"rotation":0,"texture":"#8","tintindex":0},"north":{"uv":[9.375,5.6875,9.4375,5.75],"rotation":0,"texture":"#8","tintindex":0},"west":{"uv":[6.0625,9.375,6.125,9.4375],"rotation":0,"texture":"#8","tintindex":0},"up":{"uv":[6.25,9.4375,6.1875,9.375],"rotation":0,"texture":"#8","tintindex":0},"down":{"uv":[9.4375,6.1875,9.375,6.25],"rotation":0,"texture":"#8","tintindex":0}}},{"from":[7.27623,8.486125,6.8594284],"to":[7.8430867,9.052982,7.4262857],"rotation":{"angle":22.5,"axis":"z","origin":[7.559658,8.769553,7.142857]},"faces":{"east":{"uv":[6.8125,9.375,6.875,9.4375],"rotation":0,"texture":"#8","tintindex":0},"south":{"uv":[9.375,6.9375,9.4375,7.0],"rotation":0,"texture":"#8","tintindex":0},"north":{"uv":[9.375,6.6875,9.4375,6.75],"rotation":0,"texture":"#8","tintindex":0},"west":{"uv":[7.0625,9.375,7.125,9.4375],"rotation":0,"texture":"#8","tintindex":0},"up":{"uv":[9.4375,7.125,9.375,7.0625],"rotation":0,"texture":"#8","tintindex":0},"down":{"uv":[7.25,9.375,7.1875,9.4375],"rotation":0,"texture":"#8","tintindex":0}}},{"from":[8.156913,6.9470177,6.8594284],"to":[8.72377,7.513875,7.4262857],"rotation":{"angle":22.5,"axis":"z","origin":[8.440342,7.2304463,7.142857]},"faces":{"east":{"uv":[6.4375,9.375,6.5,9.4375],"rotation":0,"texture":"#8","tintindex":0},"south":{"uv":[9.375,6.4375,9.4375,6.5],"rotation":0,"texture":"#8","tintindex":0},"north":{"uv":[6.3125,9.375,6.375,9.4375],"rotation":0,"texture":"#8","tintindex":0},"west":{"uv":[6.5625,9.375,6.625,9.4375],"rotation":0,"texture":"#8","tintindex":0},"up":{"uv":[9.4375,6.625,9.375,6.5625],"rotation":0,"texture":"#8","tintindex":0},"down":{"uv":[6.75,9.375,6.6875,9.4375],"rotation":0,"texture":"#8","tintindex":0}}},{"from":[7.27623,6.9470177,6.8594284],"to":[7.8430867,7.513875,7.4262857],"rotation":{"angle":-22.5,"axis":"z","origin":[7.559658,7.2304463,7.142857]},"faces":{"east":{"uv":[9.4375,0.25,9.5,0.3125],"rotation":0,"texture":"#8","tintindex":0},"south":{"uv":[0.375,9.4375,0.4375,9.5],"rotation":0,"texture":"#8","tintindex":0},"north":{"uv":[0.25,9.4375,0.3125,9.5],"rotation":0,"texture":"#8","tintindex":0},"west":{"uv":[9.4375,0.375,9.5,0.4375],"rotation":0,"texture":"#8","tintindex":0},"up":{"uv":[0.5625,9.5,0.5,9.4375],"rotation":0,"texture":"#8","tintindex":0},"down":{"uv":[9.5,0.5,9.4375,0.5625],"rotation":0,"texture":"#8","tintindex":0}}},{"from":[7.5714283,7.5785713,6.6928573],"to":[8.428572,8.435715,6.9785714],"rotation":{"angle":-45.0,"axis":"z","origin":[8.0,8.007143,6.8357143]},"faces":{"east":{"uv":[8.3125,8.875,8.375,9.0],"rotation":0,"texture":"#8","tintindex":0},"south":{"uv":[0.375,7.75,0.5,7.875],"rotation":0,"texture":"#8","tintindex":0},"north":{"uv":[0.1875,7.75,0.3125,7.875],"rotation":0,"texture":"#8","tintindex":0},"west":{"uv":[8.9375,2.125,9.0,2.25],"rotation":0,"texture":"#8","tintindex":0},"up":{"uv":[9.0625,2.375,8.9375,2.3125],"rotation":0,"texture":"#8","tintindex":0},"down":{"uv":[2.5,8.9375,2.375,9.0],"rotation":0,"texture":"#8","tintindex":0}}},{"from":[6.92,7.42,7.305714],"to":[9.08,8.58,9.322857],"rotation":{"angle":0.0,"axis":"y","origin":[7.0571427,4.0,8.242857]},"faces":{"east":{"uv":[6.5625,0.875,6.75,1.0],"rotation":0,"texture":"#8","tintindex":0},"south":{"uv":[5.5625,0.1875,5.8125,0.3125],"rotation":0,"texture":"#8","tintindex":0},"north":{"uv":[5.5625,0.0,5.8125,0.125],"rotation":0,"texture":"#8","tintindex":0},"west":{"uv":[1.5625,6.5625,1.75,6.6875],"rotation":0,"texture":"#8","tintindex":0},"up":{"uv":[1.9375,4.6875,1.6875,4.5],"rotation":0,"texture":"#8","tintindex":0},"down":{"uv":[2.625,4.5,2.375,4.6875],"rotation":0,"texture":"#8","tintindex":0}}},{"from":[7.142857,4.0,7.142857],"to":[9.285714,6.285714,9.428572],"rotation":{"angle":0.0,"axis":"y","origin":[8.142858,10.571428,8.285714]},"faces":{"east":{"uv":[3.625,2.0625,3.875,2.3125],"rotation":0,"texture":"#8",