{"elements":[{"from":[8.406785,8.58299,6.9183464],"to":[11.263928,9.154419,9.2040615],"rotation":{"angle":0.0,"axis":"y","origin":[7.263928,5.8687043,7.204061]},"faces":{"east":{"uv":[7.1875,4.125,6.9375,4.1875],"rotation":0,"texture":"#8","tintindex":0},"south":{"uv":[7.0,6.0,6.6875,6.0625],"rotation":0,"texture":"#8","tintindex":0},"north":{"uv":[7.0,5.75,6.6875,5.8125],"rotation":0,"texture":"#8","tintindex":0},"west":{"uv":[7.1875,2.625,6.9375,2.6875],"rotation":0,"texture":"#8","tintindex":0},"up":{"uv":[0.5625,1.625,0.875,1.375],"rotation":0,"texture":"#8","tintindex":0},"down":{"uv":[0.6875,3.3125,1.0,3.5625],"rotation":0,"texture":"#8","tintindex":0}}},{"from":[9.805357,6.2172756,6.8383465],"to":[11.108213,8.662991,9.284061],"rotation":{"angle":0.0,"axis":"y","origin":[7.5996423,4.7258472,7.204061]},"faces":{"east":{"uv":[4.0625,0.3125,3.8125,0.5625],"rotation":0,"texture":"#8","tintindex":0},"south":{"uv":[5.75,3.4375,5.625,3.6875],"rotation":0,"texture":"#8","tintindex":0},"north":{"uv":[3.0625,5.5625,2.9375,5.8125],"rotation":0,"texture":"#8","tintindex":0},"west":{"uv":[4.0625,0.0,3.8125,0.25],"rotation":0,"texture":"#8","tintindex":0},"up":{"uv":[4.125,5.875,4.25,5.625],"rotation":0,"texture":"#8","tintindex":0},"down":{"uv":[4.75,5.625,4.875,5.875],"rotation":0,"texture":"#8","tintindex":0}}},{"from":[8.978214,6.4277678,6.2623177],"to":[11.263928,7.5706253,6.8337464],"rotation":{"angle":0.0,"axis":"y","origin":[7.263928,4.284911,6.5480323]},"faces":{"east":{"uv":[8.6875,3.9375,8.625,4.0625],"rotation":0,"texture":"#8","tintindex":0},"south":{"uv":[5.0625,2.4375,4.75,2.5625],"rotation":0,"texture":"#8","tintindex":0},"north":{"uv":[4.9375,2.8125,4.6875,2.9375],"rotation":0,"texture":"#8","tintindex":0},"west":{"uv":[8.6875,3.0,8.625,3.125],"rotation":0,"texture":"#8","tintindex":0},"up":{"uv":[2.875,6.8125,3.1875,6.75],"rotation":0,"texture":"#8","tintindex":0},"down":{"uv":[6.75,3.5,7.0625,3.5625],"rotation":0,"texture":"#8","tintindex":0}}},{"from":[8.409642,7.475613,6.7571964],"to":[11.261071,9.184185,7.322911],"rotation":{"angle":22.5,"axis":"x","origin":[9.263928,8.758471,6.754339]},"faces":{"east":{"uv":[5.9375,8.0625,5.875,8.25],"rotation":0,"texture":"#8","tintindex":0},"south":{"uv":[0.625,4.1875,0.3125,4.375],"rotation":0,"texture":"#8","tintindex":0},"north":{"uv":[3.4375,4.125,3.125,4.3125],"rotation":0,"texture":"#8","tintindex":0},"west":{"uv":[8.125,5.8125,8.0625,6.0],"rotation":0,"texture":"#8","tintindex":0},"up":{"uv":[6.75,1.9375,7.0625,1.875],"rotation":0,"texture":"#8","tintindex":0},"down":{"uv":[2.375,6.75,2.6875,6.8125],"rotation":0,"texture":"#8","tintindex":0}}},{"from":[8.409642,7.475613,8.799497],"to":[11.261071,9.184185,9.3652115],"rotation":{"angle":-22.5,"axis":"x","origin":[9.263928,8.758471,9.368069]},"faces":{"east":{"uv":[8.125,6.875,8.0625,7.0625],"rotation":0,"texture":"#8","tintindex":0},"south":{"uv":[4.5,3.5625,4.1875,3.75],"rotation":0,"texture":"#8","tintindex":0},"north":{"uv":[4.5,3.3125,4.1875,3.5],"rotation":0,"texture":"#8","tintindex":0},"west":{"uv":[8.125,6.625,8.0625,6.8125],"rotation":0,"texture":"#8","tintindex":0},"up":{"uv":[6.25,6.8125,6.5625,6.75],"rotation":0,"texture":"#8","tintindex":0},"down":{"uv":[6.625,6.75,6.9375,6.8125],"rotation":0,"texture":"#8","tintindex":0}}},{"from":[8.978214,6.4277678,9.288661],"to":[11.263928,7.5706253,9.86009],"rotation":{"angle":0.0,"axis":"y","origin":[7.263928,4.284911,9.574375]},"faces":{"east":{"uv":[4.25,8.625,4.1875,8.75],"rotation":0,"texture":"#8","tintindex":0},"south":{"uv":[5.0,4.0625,4.75,4.1875],"rotation":0,"texture":"#8","tintindex":0},"north":{"uv":[5.0625,3.875,4.75,4.0],"rotation":0,"texture":"#8","tintindex":0},"west":{"uv":[8.6875,4.125,8.625,4.25],"rotation":0,"texture":"#8","tintindex":0},"up":{"uv":[4.25,6.8125,4.5625,6.75],"rotation":0,"texture":"#8","tintindex":0},"down":{"uv":[6.75,5.0,7.0625,5.0625],"rotation":0,"texture":"#8","tintindex":0}}},{"from":[8.778297,6.111213,6.2285714],"to":[9.349726,7.2540703,6.8],"rotation":{"angle":22.5,"axis":"z","origin":[8.206868,6.3969274,6.5142856]},"faces":{"east":{"uv":[8.4375,1.5,8.375,1.625],"rotation":0,"texture":"#8","tintindex":0},"south":{"uv":[8.4375,1.125,8.375,1.25],"rotation":0,"texture":"#8","tintindex":0},"north":{"uv":[8.4375,0.75,8.375,0.875],"rotation":0,"texture":"#8","tintindex":0},"west":{"uv":[8.4375,0.9375,8.375,1.0625],"rotation":0,"texture":"#8","tintindex":0},"up":{"uv":[7.9375,9.125,8.0,9.0625],"rotation":0,"texture":"#8","tintindex":0},"down":{"uv":[8.0625,9.0625,8.125,9.125],"rotation":0,"texture":"#8","tintindex":0}}},{"from":[8.95119,6.327604,6.226286],"to":[10.0986185,6.9036036,6.8022857],"rotation":{"angle":-22.5,"axis":"z","origin":[8.953476,6.615604,6.5142856]},"faces":{"east":{"uv":[8.375,9.0625,8.3125,9.125],"rotation":0,"texture":"#8","tintindex":0},"south":{"uv":[8.5,2.25,8.375,2.3125],"rotation":0,"texture":"#8","tintindex":0},"north":{"uv":[8.5,0.125,8.375,0.1875],"rotation":0,"texture":"#8","tintindex":0},"west":{"uv":[9.125,8.125,9.0625,8.1875],"rotation":0,"texture":"#8","tintindex":0},"up":{"uv":[8.375,2.4375,8.5,2.375],"rotation":0,"texture":"#8","tintindex":0},"down":{"uv":[8.375,2.5,8.5,2.5625],"rotation":0,"texture":"#8","tintindex":0}}},{"from":[8.404499,7.405215,6.226286],"to":[8.980499,9.124072,6.8022857],"rotation":{"angle":0.0,"axis":"y","origin":[7.8353567,7.121786,6.5142856]},"faces":{"east":{"uv":[8.0625,0.6875,8.0,0.875],"rotation":0,"texture":"#8","tintindex":0},"south":{"uv":[8.0625,0.4375,8.0,0.625],"rotation":0,"texture":"#8","tintindex":0},"north":{"uv":[2.3125,5.75,2.25,5.9375],"rotation":0,"texture":"#8","tintindex":0},"west":{"uv":[1.125,6.0,1.0625,6.1875],"rotation":0,"texture":"#8","tintindex":0},"up":{"uv":[8.4375,9.125,8.5,9.0625],"rotation":0,"texture":"#8","tintindex":0},"down":{"uv":[8.5625,9.0625,8.625,9.125],"rotation":0,"texture":"#8","tintindex":0}}},{"from":[8.412499,7.406358,9.318032],"to":[8.981643,9.118358,9.887176],"rotation":{"angle":0.0,"axis":"y","origin":[7.839928,7.1195006,9.602604]},"faces":{"east":{"uv":[1.625,8.0,1.5625,8.1875],"rotation":0,"texture":"#8","tintindex":0},"south":{"uv":[1.125,8.0,1.0625,8.1875],"rotation":0,"texture":"#8","tintindex":0},"north":{"uv":[0.8125,8.0,0.75,8.1875],"rotation":0,"texture":"#8","tintindex":0},"west":{"uv":[8.0625,0.9375,8.0,1.125],"rotation":0,"texture":"#8","tintindex":0},"up":{"uv":[8.6875,9.125,8.75,9.0625],"rotation":0,"texture":"#8","tintindex":0},"down":{"uv":[9.0625,8.75,9.125,8.8125],"rotation":0,"texture":"#8","tintindex":0}}},{"from":[8.955762,6.3253183,9.314604],"to":[10.10319,6.901318,9.890604],"rotation":{"angle":-22.5,"axis":"z","origin":[8.958047,6.613318,9.602604]},"faces":{"east":{"uv":[9.125,9.0625,9.0625,9.125],"rotation":0,"texture":"#8","tintindex":0},"south":{"uv":[8.5,2.75,8.375,2.8125],"rotation":0,"texture":"#8","tintindex":0},"north":{"uv":[8.5,2.625,8.375,2.6875],"rotation":0,"texture":"#8","tintindex":0},"west":{"uv":[9.0,9.0625,8.9375,9.125],"rotation":0,"texture":"#8","tintindex":0},"up":{"uv":[2.8125,8.4375,2.9375,8.375],"rotation":0,"texture":"#8","tintindex":0},"down":{"uv":[8.375,2.875,8.5,2.9375],"rotation":0,"texture":"#8","tintindex":0}}},{"from":[8.785154,6.111213,9.319176],"to":[9.352012,7.249499,9.886032],"rotation":{"angle":22.5,"axis":"z","origin":[8.21144,6.394642,9.602604]},"faces":{"east":{"uv":[3.3125,8.375,3.25,8.5],"rotation":0,"texture":"#8","tintindex":0},"south":{"uv":[3.1875,8.375,3.125,8.5],"rotation":0,"texture":"#8","tintindex":0},"north":{"uv":[3.0625,8.375,3.0,8.5],"rotation":0,"texture":"#8","tintindex":0},"west":{"uv":[8.4375,3.0,8.375,3.125],"rotation":0,"texture":"#8","tintindex":0},"up":{"uv":[0.0,9.1875,0.0625,9.125],"rotation":0,"texture":"#8","tintindex":0},"down":{"uv":[9.125,0.125,9.1875,0.1875],"rotation":0,"texture":"#8","tintindex":0}}},{"from":[8.409071,8.838358,6.3492036],"to":[8.975928,9.405215,6.916061],"rotation":{"angle":45.0,"axis":"x","origin":[8.692499,9.121786,6.6326323]},