{"elements":[{"from":[8.285714,0.0,8.167857],"to":[8.857143,1.1428566,8.339286],"rotation":{"angle":0.0,"axis":"y","origin":[6.5714283,20.57143,8.0]},"faces":{"east":{"uv":[9.5125,14.8875,9.6125,15.1125],"rotation":0,"texture":"#2","tintindex":0},"south":{"uv":[9.7625,14.8875,9.8625,15.1125],"rotation":0,"texture":"#2","tintindex":0},"north":{"uv":[8.7625,14.8875,8.8625,15.1125],"rotation":0,"texture":"#2","tintindex":0},"west":{"uv":[14.8875,9.8875,14.9875,10.1125],"rotation":0,"texture":"#2","tintindex":0},"up":{"uv":[3.8625,15.6125,3.7625,15.5125],"rotation":0,"texture":"#2","tintindex":0},"down":{"uv":[4.1125,15.5125,4.0125,15.6125],"rotation":0,"texture":"#2","tintindex":0}}},{"from":[7.714286,1.1428566,8.167857],"to":[8.857143,2.8571424,8.339286],"rotation":{"angle":0.0,"axis":"y","origin":[6.5714283,20.57143,8.0]},"faces":{"east":{"uv":[14.3875,5.2625,14.4875,5.6125],"rotation":0,"texture":"#2","tintindex":0},"south":{"uv":[6.8875,12.5125,7.1125,12.8625],"rotation":0,"texture":"#2","tintindex":0},"north":{"uv":[5.6375,12.5125,5.8625,12.8625],"rotation":0,"texture":"#2","tintindex":0},"west":{"uv":[14.3875,5.7625,14.4875,6.1125],"rotation":0,"texture":"#2","tintindex":0},"up":{"uv":[15.1125,8.2375,14.8875,8.1375],"rotation":0,"texture":"#2","tintindex":0},"down":{"uv":[8.6125,14.8875,8.3875,14.9875],"rotation":0,"texture":"#2","tintindex":0}}},{"from":[8.857143,2.2857141,8.167857],"to":[9.428572,7.428571,8.339286],"rotation":{"angle":0.0,"axis":"y","origin":[6.5714283,20.57143,8.0]},"faces":{"east":{"uv":[11.0125,7.3875,11.1125,8.4875],"rotation":0,"texture":"#2","tintindex":0},"south":{"uv":[8.2625,11.0125,8.3625,12.1125],"rotation":0,"texture":"#2","tintindex":0},"north":{"uv":[3.8875,11.0125,3.9875,12.1125],"rotation":0,"texture":"#2","tintindex":0},"west":{"uv":[1.2625,11.1375,1.3625,12.2375],"rotation":0,"texture":"#2","tintindex":0},"up":{"uv":[2.1125,15.6125,2.0125,15.5125],"rotation":0,"texture":"#2","tintindex":0},"down":{"uv":[2.3625,15.5125,2.2625,15.6125],"rotation":0,"texture":"#2","tintindex":0}}},{"from":[7.142857,2.8571424,8.167857],"to":[8.857143,7.428571,8.339286],"rotation":{"angle":0.0,"axis":"y","origin":[6.5714283,20.57143,8.0]},"faces":{"east":{"uv":[0.2625,11.6375,0.3625,12.6125],"rotation":0,"texture":"#2","tintindex":0},"south":{"uv":[5.3875,7.2625,5.7375,8.2375],"rotation":0,"texture":"#2","tintindex":0},"north":{"uv":[4.8875,7.2625,5.2375,8.2375],"rotation":0,"texture":"#2","tintindex":0},"west":{"uv":[11.6375,1.8875,11.7375,2.8625],"rotation":0,"texture":"#2","tintindex":0},"up":{"uv":[14.7375,4.8625,14.3875,4.7625],"rotation":0,"texture":"#2","tintindex":0},"down":{"uv":[14.7375,5.0125,14.3875,5.1125],"rotation":0,"texture":"#2","tintindex":0}}},{"from":[7.142857,7.428571,8.025],"to":[8.857143,8.0,8.196428],"rotation":{"angle":0.0,"axis":"y","origin":[6.5714283,25.142859,7.857143]},"faces":{"east":{"uv":[6.1375,15.5125,6.2375,15.6125],"rotation":0,"texture":"#2","tintindex":0},"south":{"uv":[14.3875,6.5125,14.7375,6.6125],"rotation":0,"texture":"#2","tintindex":0},"north":{"uv":[14.3875,6.2625,14.7375,6.3625],"rotation":0,"texture":"#2","tintindex":0},"west":{"uv":[6.3875,15.5125,6.4875,15.6125],"rotation":0,"texture":"#2","tintindex":0},"up":{"uv":[6.9875,14.4875,6.6375,14.3875],"rotation":0,"texture":"#2","tintindex":0},"down":{"uv":[14.7375,8.1375,14.3875,8.2375],"rotation":0,"texture":"#2","tintindex":0}}},{"from":[6.5714283,4.5714283,8.167857],"to":[7.142857,7.428571,8.339286],"rotation":{"angle":0.0,"axis":"y","origin":[6.5714283,20.57143,8.0]},"faces":{"east":{"uv":[12.6375,10.1375,12.7375,10.7375],"rotation":0,"texture":"#2","tintindex":0},"south":{"uv":[10.7625,12.6375,10.8625,13.2375],"rotation":0,"texture":"#2","tintindex":0},"north":{"uv":[7.5125,12.6375,7.6125,13.2375],"rotation":0,"texture":"#2","tintindex":0},"west":{"uv":[11.0125,12.6375,11.1125,13.2375],"rotation":0,"texture":"#2","tintindex":0},"up":{"uv":[1.6125,15.6125,1.5125,15.5125],"rotation":0,"texture":"#2","tintindex":0},"down":{"uv":[1.8625,15.5125,1.7625,15.6125],"rotation":0,"texture":"#2","tintindex":0}}}],"textures":{"2":"modelengine:entity/fallenreaper"},"display":{"head":{"translation":[0.0,-6.4,0.0],"scale":[4.0,4.0,4.0]}}}