{"elements":[{"from":[6.8,2.9090858,7.857143],"to":[9.085714,8.051943,8.142858],"rotation":{"angle":0.0,"axis":"y","origin":[2.7999997,20.623371,7.857143]},"faces":{"east":{"uv":[1.0125,10.2625,1.1125,11.3625],"rotation":0,"texture":"#2","tintindex":0},"south":{"uv":[3.2625,5.3875,3.7375,6.4875],"rotation":0,"texture":"#2","tintindex":0},"north":{"uv":[2.6375,5.3875,3.1125,6.4875],"rotation":0,"texture":"#2","tintindex":0},"west":{"uv":[7.6375,10.8875,7.7375,11.9875],"rotation":0,"texture":"#2","tintindex":0},"up":{"uv":[14.4875,11.9875,14.0125,11.8875],"rotation":0,"texture":"#2","tintindex":0},"down":{"uv":[14.4875,12.1375,14.0125,12.2375],"rotation":0,"texture":"#2","tintindex":0}}},{"from":[6.2285714,4.623371,7.857143],"to":[6.8,7.4805145,8.142858],"rotation":{"angle":0.0,"axis":"y","origin":[2.7999997,20.623371,7.857143]},"faces":{"east":{"uv":[11.5125,12.6375,11.6125,13.2375],"rotation":0,"texture":"#2","tintindex":0},"south":{"uv":[12.6375,12.5125,12.7375,13.1125],"rotation":0,"texture":"#2","tintindex":0},"north":{"uv":[11.2625,12.6375,11.3625,13.2375],"rotation":0,"texture":"#2","tintindex":0},"west":{"uv":[0.0125,12.7625,0.1125,13.3625],"rotation":0,"texture":"#2","tintindex":0},"up":{"uv":[15.6125,2.3625,15.5125,2.2625],"rotation":0,"texture":"#2","tintindex":0},"down":{"uv":[15.6125,2.5125,15.5125,2.6125],"rotation":0,"texture":"#2","tintindex":0}}},{"from":[7.3714285,0.6233711,7.857143],"to":[8.514286,2.9090858,8.142858],"rotation":{"angle":0.0,"axis":"y","origin":[2.7999997,20.623371,7.857143]},"faces":{"east":{"uv":[7.2625,14.0125,7.3625,14.4875],"rotation":0,"texture":"#2","tintindex":0},"south":{"uv":[4.6375,11.6375,4.8625,12.1125],"rotation":0,"texture":"#2","tintindex":0},"north":{"uv":[11.5125,4.2625,11.7375,4.7375],"rotation":0,"texture":"#2","tintindex":0},"west":{"uv":[7.5125,14.0125,7.6125,14.4875],"rotation":0,"texture":"#2","tintindex":0},"up":{"uv":[15.1125,8.4875,14.8875,8.3875],"rotation":0,"texture":"#2","tintindex":0},"down":{"uv":[15.1125,8.6375,14.8875,8.7375],"rotation":0,"texture":"#2","tintindex":0}}},{"from":[9.085714,4.623371,7.857143],"to":[9.657143,7.4805145,8.142858],"rotation":{"angle":0.0,"axis":"y","origin":[2.7999997,20.623371,7.857143]},"faces":{"east":{"uv":[0.5125,12.7625,0.6125,13.3625],"rotation":0,"texture":"#2","tintindex":0},"south":{"uv":[12.7625,1.3875,12.8625,1.9875],"rotation":0,"texture":"#2","tintindex":0},"north":{"uv":[0.2625,12.7625,0.3625,13.3625],"rotation":0,"texture":"#2","tintindex":0},"west":{"uv":[12.7625,2.1375,12.8625,2.7375],"rotation":0,"texture":"#2","tintindex":0},"up":{"uv":[15.6125,3.1125,15.5125,3.0125],"rotation":0,"texture":"#2","tintindex":0},"down":{"uv":[15.6125,3.2625,15.5125,3.3625],"rotation":0,"texture":"#2","tintindex":0}}},{"from":[7.9428573,0.051942825,7.857143],"to":[8.514286,0.6233711,8.142858],"rotation":{"angle":0.0,"axis":"y","origin":[2.7999997,20.623371,7.857143]},"faces":{"east":{"uv":[4.8875,15.5125,4.9875,15.6125],"rotation":0,"texture":"#2","tintindex":0},"south":{"uv":[5.1375,15.5125,5.2375,15.6125],"rotation":0,"texture":"#2","tintindex":0},"north":{"uv":[4.6375,15.5125,4.7375,15.6125],"rotation":0,"texture":"#2","tintindex":0},"west":{"uv":[5.3875,15.5125,5.4875,15.6125],"rotation":0,"texture":"#2","tintindex":0},"up":{"uv":[5.9875,15.6125,5.8875,15.5125],"rotation":0,"texture":"#2","tintindex":0},"down":{"uv":[15.6125,5.8875,15.5125,5.9875],"rotation":0,"texture":"#2","tintindex":0}}}],"textures":{"2":"modelengine:entity/fallenreaper"},"display":{"head":{"translation":[0.0,-6.4,0.0],"scale":[4.0,4.0,4.0]}}}