{"elements":[{"from":[6.8285713,4.542857,6.8285713],"to":[9.171429,8.6,9.171429],"rotation":{"angle":0.0,"axis":"y","origin":[9.085714,0.5714283,8.0]},"faces":{"east":{"uv":[3.6375,6.8875,4.1125,7.7375],"rotation":0,"texture":"#2","tintindex":0},"south":{"uv":[7.0125,1.8875,7.4875,2.7375],"rotation":0,"texture":"#2","tintindex":0},"north":{"uv":[3.0125,6.6375,3.4875,7.4875],"rotation":0,"texture":"#2","tintindex":0},"west":{"uv":[1.5125,7.1375,1.9875,7.9875],"rotation":0,"texture":"#2","tintindex":0},"up":{"uv":[10.2375,6.1125,9.7625,5.6375],"rotation":0,"texture":"#2","tintindex":0},"down":{"uv":[10.2375,6.2625,9.7625,6.7375],"rotation":0,"texture":"#2","tintindex":0}}},{"from":[6.857143,5.714286,6.857143],"to":[9.142858,8.571428,9.142858],"rotation":{"angle":0.0,"axis":"y","origin":[9.085714,0.5714283,8.0]},"faces":{"east":{"uv":[7.5125,8.0125,7.9875,8.6125],"rotation":0,"texture":"#2","tintindex":0},"south":{"uv":[1.2625,8.1375,1.7375,8.7375],"rotation":0,"texture":"#2","tintindex":0},"north":{"uv":[3.1375,7.8875,3.6125,8.4875],"rotation":0,"texture":"#2","tintindex":0},"west":{"uv":[1.8875,8.1375,2.3625,8.7375],"rotation":0,"texture":"#2","tintindex":0},"up":{"uv":[8.9875,1.7375,8.5125,1.2625],"rotation":0,"texture":"#2","tintindex":0},"down":{"uv":[8.9875,6.3875,8.5125,6.8625],"rotation":0,"texture":"#2","tintindex":0}}},{"from":[7.285714,4.5714283,7.142857],"to":[9.0,5.714286,8.857143],"rotation":{"angle":0.0,"axis":"y","origin":[9.085714,0.5714283,8.0]},"faces":{"east":{"uv":[11.5,6.0,11.875,6.25],"rotation":0,"texture":"#4","tintindex":0},"south":{"uv":[11.5,6.0,11.875,6.25],"rotation":0,"texture":"#4","tintindex":0},"north":{"uv":[11.5,6.0,11.875,6.25],"rotation":0,"texture":"#4","tintindex":0},"west":{"uv":[11.5,6.0,11.875,6.25],"rotation":0,"texture":"#4","tintindex":0},"up":{"uv":[11.5,6.0,11.875,6.25],"rotation":0,"texture":"#4","tintindex":0},"down":{"uv":[11.5,6.0,11.875,6.25],"rotation":0,"texture":"#4","tintindex":0}}}],"textures":{"2":"modelengine:entity/fallenreaper","4":"modelengine:entity/boneshadin2reeaperxd"},"display":{"head":{"translation":[0.0,-6.4,0.0],"scale":[4.0,4.0,4.0]}}}