{"elements":[{"from":[7.142857,6.857143,6.857143],"to":[8.857143,9.142858,8.0],"rotation":{"angle":0.0,"axis":"y","origin":[10.571428,1.2857141,8.714286]},"faces":{"east":{"uv":[12.25,5.0,11.75,6.0],"rotation":0,"texture":"#0","tintindex":0},"south":{"uv":[0.75,11.5,0.0,12.5],"rotation":0,"texture":"#0","tintindex":0},"north":{"uv":[12.0,11.25,11.25,12.25],"rotation":0,"texture":"#0","tintindex":0},"west":{"uv":[6.5,1.75,6.0,2.75],"rotation":0,"texture":"#0","tintindex":0},"up":{"uv":[8.5,3.75,9.25,3.25],"rotation":0,"texture":"#0","tintindex":0},"down":{"uv":[12.0,8.0,12.75,8.5],"rotation":0,"texture":"#0","tintindex":0}}},{"from":[8.0,9.142858,6.857143],"to":[8.0,11.428572,8.0],"rotation":{"angle":0.0,"axis":"y","origin":[8.0,9.142858,7.428571]},"faces":{"east":{"uv":[11.0,11.75,10.5,12.75],"rotation":0,"texture":"#0","tintindex":0},"south":{"uv":[16.0,15.75,15.75,16.0],"rotation":0,"texture":"#0","tintindex":0},"north":{"uv":[16.0,15.75,15.75,16.0],"rotation":0,"texture":"#0","tintindex":0},"west":{"uv":[10.5,11.75,11.0,12.75],"rotation":0,"texture":"#0","tintindex":0},"up":{"uv":[16.0,15.75,15.75,16.0],"rotation":0,"texture":"#0","tintindex":0},"down":{"uv":[16.0,15.75,15.75,16.0],"rotation":0,"texture":"#0","tintindex":0}}},{"from":[7.142857,8.571428,6.857143],"to":[7.142857,10.857143,8.0],"rotation":{"angle":22.5,"axis":"z","origin":[7.142857,8.571428,7.428571]},"faces":{"east":{"uv":[11.0,11.75,10.5,12.75],"rotation":0,"texture":"#0","tintindex":0},"south":{"uv":[16.0,15.75,15.75,16.0],"rotation":0,"texture":"#0","tintindex":0},"north":{"uv":[16.0,15.75,15.75,16.0],"rotation":0,"texture":"#0","tintindex":0},"west":{"uv":[10.5,11.75,11.0,12.75],"rotation":0,"texture":"#0","tintindex":0},"up":{"uv":[16.0,15.75,15.75,16.0],"rotation":0,"texture":"#0","tintindex":0},"down":{"uv":[16.0,15.75,15.75,16.0],"rotation":0,"texture":"#0","tintindex":0}}},{"from":[8.857143,8.571428,6.857143],"to":[8.857143,10.857143,8.0],"rotation":{"angle":-22.5,"axis":"z","origin":[8.857143,8.571428,7.428571]},"faces":{"east":{"uv":[11.0,11.75,10.5,12.75],"rotation":0,"texture":"#0","tintindex":0},"south":{"uv":[16.0,15.75,15.75,16.0],"rotation":0,"texture":"#0","tintindex":0},"north":{"uv":[16.0,15.75,15.75,16.0],"rotation":0,"texture":"#0","tintindex":0},"west":{"uv":[10.5,11.75,11.0,12.75],"rotation":0,"texture":"#0","tintindex":0},"up":{"uv":[16.0,15.75,15.75,16.0],"rotation":0,"texture":"#0","tintindex":0},"down":{"uv":[16.0,15.75,15.75,16.0],"rotation":0,"texture":"#0","tintindex":0}}}],"textures":{"0":"modelengine:entity/fog_lizard_green"},"display":{"head":{"translation":[0.0,-6.4,0.0],"scale":[4.0,4.0,4.0]}}}