{"elements":[{"from":[5.428571,6.687063,1.4576516],"to":[13.428572,10.115635,9.457652],"rotation":{"angle":45.0,"axis":"y","origin":[8.571428,9.544207,6.3147945]},"faces":{"east":{"uv":[5.25,0.4375,6.125,0.8125],"rotation":0,"texture":"#0","tintindex":0},"south":{"uv":[5.25,0.875,6.125,1.25],"rotation":0,"texture":"#0","tintindex":0},"north":{"uv":[5.25,0.0,6.125,0.375],"rotation":0,"texture":"#0","tintindex":0},"west":{"uv":[5.25,1.3125,6.125,1.6875],"rotation":0,"texture":"#0","tintindex":0},"up":{"uv":[3.5,3.625,2.625,2.75],"rotation":0,"texture":"#0","tintindex":0},"down":{"uv":[0.875,2.875,0.0,3.75],"rotation":0,"texture":"#0","tintindex":0}}},{"from":[4.5771427,8.978492,0.89193726],"to":[12.565714,10.1099205,4.8805084],"rotation":{"angle":0.0,"axis":"y","origin":[7.714286,9.544207,6.3147945]},"faces":{"east":{"uv":[6.875,1.8125,7.3125,1.9375],"rotation":0,"texture":"#0","tintindex":0},"south":{"uv":[6.5,2.75,7.375,2.875],"rotation":0,"texture":"#0","tintindex":0},"north":{"uv":[6.4375,4.4375,7.3125,4.5625],"rotation":0,"texture":"#0","tintindex":0},"west":{"uv":[6.875,6.4375,7.3125,6.5625],"rotation":0,"texture":"#0","tintindex":0},"up":{"uv":[3.875,5.4375,3.0,5.0],"rotation":0,"texture":"#0","tintindex":0},"down":{"uv":[5.75,5.125,4.875,5.5625],"rotation":0,"texture":"#0","tintindex":0}}},{"from":[9.2,6.458492,1.1719375],"to":[12.057143,9.315635,4.6005087],"rotation":{"angle":22.5,"axis":"x","origin":[12.0,8.401349,2.8862233]},"faces":{"east":{"uv":[6.3125,4.75,6.6875,5.0625],"rotation":0,"texture":"#0","tintindex":0},"south":{"uv":[5.6875,6.6875,6.0,7.0],"rotation":0,"texture":"#0","tintindex":0},"north":{"uv":[5.3125,6.6875,5.625,7.0],"rotation":0,"texture":"#0","tintindex":0},"west":{"uv":[4.875,6.4375,5.25,6.75],"rotation":0,"texture":"#0","tintindex":0},"up":{"uv":[3.3125,4.875,3.0,4.5],"rotation":0,"texture":"#0","tintindex":0},"down":{"uv":[6.8125,0.0,6.5,0.375],"rotation":0,"texture":"#0","tintindex":0}}},{"from":[5.0857143,6.458492,1.1719375],"to":[7.9428573,9.315635,4.6005087],"rotation":{"angle":22.5,"axis":"x","origin":[5.142857,8.401349,2.8862233]},"faces":{"east":{"uv":[6.5,0.4375,6.875,0.75],"rotation":0,"texture":"#0","tintindex":0},"south":{"uv":[6.75,4.625,7.0625,4.9375],"rotation":0,"texture":"#0","tintindex":0},"north":{"uv":[6.75,2.0625,7.0625,2.375],"rotation":0,"texture":"#0","tintindex":0},"west":{"uv":[6.5,0.8125,6.875,1.125],"rotation":0,"texture":"#0","tintindex":0},"up":{"uv":[6.8125,1.5625,6.5,1.1875],"rotation":0,"texture":"#0","tintindex":0},"down":{"uv":[6.8125,1.625,6.5,2.0],"rotation":0,"texture":"#0","tintindex":0}}}],"textures":{"0":"modelengine:entity/nocsy_rhino_beetle"},"display":{"head":{"translation":[0.0,-6.4,0.0],"scale":[4.0,4.0,4.0]}}}