{"elements":[{"from":[6.5714283,5.2,6.8],"to":[8.857143,9.2,9.085714],"rotation":{"angle":45.0,"axis":"x","origin":[7.714286,7.7714286,7.6571426]},"faces":{"east":{"uv":[6.5625,5.5,6.8125,5.9375],"rotation":0,"texture":"#0","tintindex":0},"south":{"uv":[6.5625,6.0,6.8125,6.4375],"rotation":0,"texture":"#0","tintindex":0},"north":{"uv":[6.5,2.9375,6.75,3.375],"rotation":0,"texture":"#0","tintindex":0},"west":{"uv":[6.5625,6.5,6.8125,6.9375],"rotation":0,"texture":"#0","tintindex":0},"up":{"uv":[7.0,2.6875,6.75,2.4375],"rotation":0,"texture":"#0","tintindex":0},"down":{"uv":[7.125,0.0,6.875,0.25],"rotation":0,"texture":"#0","tintindex":0}}},{"from":[6.857143,7.3346705,7.4817176],"to":[8.571428,11.334671,9.196004],"rotation":{"angle":-22.5,"axis":"x","origin":[7.428571,8.763242,8.3388605]},"faces":{"east":{"uv":[2.0625,6.8125,2.25,7.25],"rotation":0,"texture":"#0","tintindex":0},"south":{"uv":[2.3125,6.8125,2.5,7.25],"rotation":0,"texture":"#0","tintindex":0},"north":{"uv":[6.75,5.0,6.9375,5.4375],"rotation":0,"texture":"#0","tintindex":0},"west":{"uv":[6.8125,2.9375,7.0,3.375],"rotation":0,"texture":"#0","tintindex":0},"up":{"uv":[7.125,1.0,6.9375,0.8125],"rotation":0,"texture":"#0","tintindex":0},"down":{"uv":[3.6875,6.9375,3.5,7.125],"rotation":0,"texture":"#0","tintindex":0}}},{"from":[7.142857,10.32409,4.7181425],"to":[8.285714,11.466947,8.146714],"rotation":{"angle":0.0,"axis":"y","origin":[7.428571,10.609804,6.146714]},"faces":{"east":{"uv":[6.875,6.625,7.25,6.75],"rotation":0,"texture":"#0","tintindex":0},"south":{"uv":[3.9375,5.1875,4.0625,5.3125],"rotation":0,"texture":"#0","tintindex":0},"north":{"uv":[3.9375,5.0,4.0625,5.125],"rotation":0,"texture":"#0","tintindex":0},"west":{"uv":[6.875,6.8125,7.25,6.9375],"rotation":0,"texture":"#0","tintindex":0},"up":{"uv":[3.5,4.0625,3.375,3.6875],"rotation":0,"texture":"#0","tintindex":0},"down":{"uv":[0.875,3.8125,0.75,4.1875],"rotation":0,"texture":"#0","tintindex":0}}},{"from":[7.7967553,10.318376,4.0129023],"to":[9.5224695,11.472661,5.1671877],"rotation":{"angle":22.5,"axis":"y","origin":[9.516756,10.895518,4.590045]},"faces":{"east":{"uv":[3.9375,5.375,4.0625,5.5],"rotation":0,"texture":"#0","tintindex":0},"south":{"uv":[6.6875,7.0,6.875,7.125],"rotation":0,"texture":"#0","tintindex":0},"north":{"uv":[2.75,5.3125,2.9375,5.4375],"rotation":0,"texture":"#0","tintindex":0},"west":{"uv":[0.625,6.25,0.75,6.375],"rotation":0,"texture":"#0","tintindex":0},"up":{"uv":[7.125,7.125,6.9375,7.0],"rotation":0,"texture":"#0","tintindex":0},"down":{"uv":[7.25,2.4375,7.0625,2.5625],"rotation":0,"texture":"#0","tintindex":0}}},{"from":[5.906101,10.318376,4.0129023],"to":[7.631816,11.472661,5.1671877],"rotation":{"angle":-22.5,"axis":"y","origin":[5.9118156,10.895518,4.590045]},"faces":{"east":{"uv":[0.625,6.4375,0.75,6.5625],"rotation":0,"texture":"#0","tintindex":0},"south":{"uv":[7.0625,3.125,7.25,3.25],"rotation":0,"texture":"#0","tintindex":0},"north":{"uv":[7.0625,2.9375,7.25,3.0625],"rotation":0,"texture":"#0","tintindex":0},"west":{"uv":[0.625,6.625,0.75,6.75],"rotation":0,"texture":"#0","tintindex":0},"up":{"uv":[4.4375,7.1875,4.25,7.0625],"rotation":0,"texture":"#0","tintindex":0},"down":{"uv":[4.6875,7.0625,4.5,7.1875],"rotation":0,"texture":"#0","tintindex":0}}}],"textures":{"0":"modelengine:entity/nocsy_rhino_beetle"},"display":{"head":{"translation":[0.0,-6.4,0.0],"scale":[4.0,4.0,4.0]}}}