{"elements":[{"from":[7.2585745,2.4555297,6.793189],"to":[9.544289,8.169815,9.078903],"rotation":{"angle":0.0,"axis":"y","origin":[10.285714,1.1428566,5.142857]},"faces":{"east":{"uv":[1.4375,6.1875,1.6875,6.8125],"rotation":0,"texture":"#0","tintindex":0},"south":{"uv":[1.75,6.1875,2.0,6.8125],"rotation":0,"texture":"#0","tintindex":0},"north":{"uv":[6.1875,1.375,6.4375,2.0],"rotation":0,"texture":"#0","tintindex":0},"west":{"uv":[2.6875,6.1875,2.9375,6.8125],"rotation":0,"texture":"#0","tintindex":0},"up":{"uv":[3.4375,7.125,3.1875,6.875],"rotation":0,"texture":"#0","tintindex":0},"down":{"uv":[7.125,3.4375,6.875,3.6875],"rotation":0,"texture":"#0","tintindex":0}}},{"from":[4.6610355,-2.4197254,7.936046],"to":[10.946751,4.4374185,7.936046],"rotation":{"angle":-22.5,"axis":"z","origin":[6.9936132,0.6548395,8.0]},"faces":{"east":{"uv":[2.6875,7.1875,2.6875,7.9375],"rotation":0,"texture":"#0","tintindex":0},"south":{"uv":[0.75,4.3125,1.4375,5.0625],"rotation":0,"texture":"#0","tintindex":0},"north":{"uv":[3.375,4.1875,4.0625,4.9375],"rotation":0,"texture":"#0","tintindex":0},"west":{"uv":[2.75,7.1875,2.75,7.9375],"rotation":0,"texture":"#0","tintindex":0},"up":{"uv":[7.875,0.25,7.1875,0.25],"rotation":0,"texture":"#0","tintindex":0},"down":{"uv":[7.875,0.8125,7.1875,0.8125],"rotation":0,"texture":"#0","tintindex":0}}}],"textures":{"0":"modelengine:entity/nocsy_rhino_beetle"},"display":{"head":{"translation":[0.0,-6.4,0.0],"scale":[4.0,4.0,4.0]}}}