{"elements":[{"from":[6.857143,2.8571424,6.857143],"to":[9.142858,8.571428,9.142858],"rotation":{"angle":0.0,"axis":"y","origin":[10.285714,1.1428566,5.142857]},"faces":{"east":{"uv":[3.625,6.25,3.875,6.875],"rotation":0,"texture":"#0","tintindex":0},"south":{"uv":[3.9375,6.25,4.1875,6.875],"rotation":0,"texture":"#0","tintindex":0},"north":{"uv":[0.3125,6.25,0.5625,6.875],"rotation":0,"texture":"#0","tintindex":0},"west":{"uv":[6.25,5.5,6.5,6.125],"rotation":0,"texture":"#0","tintindex":0},"up":{"uv":[7.125,5.75,6.875,5.5],"rotation":0,"texture":"#0","tintindex":0},"down":{"uv":[7.125,5.8125,6.875,6.0625],"rotation":0,"texture":"#0","tintindex":0}}},{"from":[4.136471,-2.202304,8.0],"to":[10.422185,4.6548395,8.0],"rotation":{"angle":-22.5,"axis":"z","origin":[6.9936132,0.6548395,8.0]},"faces":{"east":{"uv":[2.9375,7.1875,2.9375,7.9375],"rotation":0,"texture":"#0","tintindex":0},"south":{"uv":[4.125,4.75,4.8125,5.5],"rotation":0,"texture":"#0","tintindex":0},"north":{"uv":[0.0,4.625,0.6875,5.375],"rotation":0,"texture":"#0","tintindex":0},"west":{"uv":[3.0,7.1875,3.0,7.9375],"rotation":0,"texture":"#0","tintindex":0},"up":{"uv":[7.875,1.0,7.1875,1.0],"rotation":0,"texture":"#0","tintindex":0},"down":{"uv":[7.875,1.1875,7.1875,1.1875],"rotation":0,"texture":"#0","tintindex":0}}}],"textures":{"0":"modelengine:entity/nocsy_rhino_beetle"},"display":{"head":{"translation":[0.0,-6.4,0.0],"scale":[4.0,4.0,4.0]}}}