{"elements":[{"from":[7.2532434,2.4463038,6.8280525],"to":[9.538958,8.16059,9.113767],"rotation":{"angle":0.0,"axis":"y","origin":[10.285714,1.1428566,5.142857]},"faces":{"east":{"uv":[5.625,6.0,5.875,6.625],"rotation":0,"texture":"#0","tintindex":0},"south":{"uv":[5.9375,6.0,6.1875,6.625],"rotation":0,"texture":"#0","tintindex":0},"north":{"uv":[5.3125,6.0,5.5625,6.625],"rotation":0,"texture":"#0","tintindex":0},"west":{"uv":[6.125,2.1875,6.375,2.8125],"rotation":0,"texture":"#0","tintindex":0},"up":{"uv":[7.125,1.75,6.875,1.5],"rotation":0,"texture":"#0","tintindex":0},"down":{"uv":[1.9375,6.875,1.6875,7.125],"rotation":0,"texture":"#0","tintindex":0}}},{"from":[4.259641,-2.4302883,7.9709096],"to":[10.545356,4.426855,7.9709096],"rotation":{"angle":-22.5,"axis":"z","origin":[6.9936132,0.6548395,8.0]},"faces":{"east":{"uv":[1.875,7.1875,1.875,7.9375],"rotation":0,"texture":"#0","tintindex":0},"south":{"uv":[0.0,3.8125,0.6875,4.5625],"rotation":0,"texture":"#0","tintindex":0},"north":{"uv":[2.625,3.6875,3.3125,4.4375],"rotation":0,"texture":"#0","tintindex":0},"west":{"uv":[1.9375,7.1875,1.9375,7.9375],"rotation":0,"texture":"#0","tintindex":0},"up":{"uv":[7.875,0.0,7.1875,0.0],"rotation":0,"texture":"#0","tintindex":0},"down":{"uv":[7.875,0.0625,7.1875,0.0625],"rotation":0,"texture":"#0","tintindex":0}}}],"textures":{"0":"modelengine:entity/nocsy_rhino_beetle"},"display":{"head":{"translation":[0.0,-6.4,0.0],"scale":[4.0,4.0,4.0]}}}