{"elements":[{"from":[6.285714,5.714286,5.142857],"to":[9.714286,9.142858,12.0],"rotation":{"angle":0.0,"axis":"y","origin":[7.142857,8.0,8.857143]},"faces":{"east":{"uv":[5.625,3.5625,6.375,3.9375],"rotation":0,"texture":"#0","tintindex":0},"south":{"uv":[6.4375,4.0,6.8125,4.375],"rotation":0,"texture":"#0","tintindex":0},"north":{"uv":[6.4375,3.5625,6.8125,3.9375],"rotation":0,"texture":"#0","tintindex":0},"west":{"uv":[5.625,4.0,6.375,4.375],"rotation":0,"texture":"#0","tintindex":0},"up":{"uv":[4.8125,6.3125,4.4375,5.5625],"rotation":0,"texture":"#0","tintindex":0},"down":{"uv":[5.25,5.625,4.875,6.375],"rotation":0,"texture":"#0","tintindex":0}}},{"from":[6.285714,5.142857,1.9428568],"to":[6.285714,9.714286,12.228572],"rotation":{"angle":45.0,"axis":"y","origin":[8.0,7.428571,8.571428]},"faces":{"east":{"uv":[4.0625,0.0,5.1875,0.5],"rotation":0,"texture":"#0","tintindex":0},"south":{"uv":[4.75,7.0625,4.75,7.5625],"rotation":0,"texture":"#0","tintindex":0},"north":{"uv":[2.0,6.875,2.0,7.375],"rotation":0,"texture":"#0","tintindex":0},"west":{"uv":[4.0625,0.5625,5.1875,1.0625],"rotation":0,"texture":"#0","tintindex":0},"up":{"uv":[4.8125,8.1875,4.8125,7.0625],"rotation":0,"texture":"#0","tintindex":0},"down":{"uv":[5.875,7.0625,5.875,8.1875],"rotation":0,"texture":"#0","tintindex":0}}},{"from":[9.714286,5.142857,1.9428568],"to":[9.714286,9.714286,12.228572],"rotation":{"angle":-45.0,"axis":"y","origin":[8.0,7.428571,8.571428]},"faces":{"east":{"uv":[4.0625,1.125,5.1875,1.625],"rotation":0,"texture":"#0","tintindex":0},"south":{"uv":[6.0,7.0625,6.0,7.5625],"rotation":0,"texture":"#0","tintindex":0},"north":{"uv":[5.9375,7.0625,5.9375,7.5625],"rotation":0,"texture":"#0","tintindex":0},"west":{"uv":[4.0625,1.6875,5.1875,2.1875],"rotation":0,"texture":"#0","tintindex":0},"up":{"uv":[0.0,8.3125,0.0,7.1875],"rotation":0,"texture":"#0","tintindex":0},"down":{"uv":[0.0625,7.1875,0.0625,8.3125],"rotation":0,"texture":"#0","tintindex":0}}},{"from":[6.857143,7.720233,0.30007172],"to":[9.142858,10.005947,7.157215],"rotation":{"angle":45.0,"axis":"x","origin":[7.428571,9.148805,3.7286434]},"faces":{"east":{"uv":[5.625,4.4375,6.375,4.6875],"rotation":0,"texture":"#0","tintindex":0},"south":{"uv":[1.375,6.875,1.625,7.125],"rotation":0,"texture":"#0","tintindex":0},"north":{"uv":[6.875,1.1875,7.125,1.4375],"rotation":0,"texture":"#0","tintindex":0},"west":{"uv":[0.0,5.9375,0.75,6.1875],"rotation":0,"texture":"#0","tintindex":0},"up":{"uv":[2.3125,6.75,2.0625,6.0],"rotation":0,"texture":"#0","tintindex":0},"down":{"uv":[2.625,6.0,2.375,6.75],"rotation":0,"texture":"#0","tintindex":0}}},{"from":[7.142857,10.563018,0.2941246],"to":[8.857143,14.563018,2.0084105],"rotation":{"angle":0.0,"axis":"y","origin":[7.714286,13.99159,1.7226963]},"faces":{"east":{"uv":[0.625,6.875,0.8125,7.3125],"rotation":0,"texture":"#0","tintindex":0},"south":{"uv":[0.875,6.875,1.0625,7.3125],"rotation":0,"texture":"#0","tintindex":0},"north":{"uv":[4.875,6.8125,5.0625,7.25],"rotation":0,"texture":"#0","tintindex":0},"west":{"uv":[1.125,6.875,1.3125,7.3125],"rotation":0,"texture":"#0","tintindex":0},"up":{"uv":[3.9375,7.125,3.75,6.9375],"rotation":0,"texture":"#0","tintindex":0},"down":{"uv":[4.1875,6.9375,4.0,7.125],"rotation":0,"texture":"#0","tintindex":0}}},{"from":[8.170059,14.24506,0.2884102],"to":[10.467202,15.399345,2.0141249],"rotation":{"angle":22.5,"axis":"z","origin":[10.175774,14.536489,1.1512675]},"faces":{"east":{"uv":[5.125,7.0625,5.3125,7.1875],"rotation":0,"texture":"#0","tintindex":0},"south":{"uv":[7.0,5.0,7.25,5.125],"rotation":0,"texture":"#0","tintindex":0},"north":{"uv":[2.25,4.3125,2.5,4.4375],"rotation":0,"texture":"#0","tintindex":0},"west":{"uv":[5.375,7.0625,5.5625,7.1875],"rotation":0,"texture":"#0","tintindex":0},"up":{"uv":[0.25,7.125,0.0,6.9375],"rotation":0,"texture":"#0","tintindex":0},"down":{"uv":[0.5625,6.9375,0.3125,7.125],"rotation":0,"texture":"#0","tintindex":0}}},{"from":[5.532798,14.24506,0.2884102],"to":[7.829941,15.399345,2.0141249],"rotation":{"angle":-22.5,"axis":"z","origin":[5.8242264,14.536489,1.1512675]},"faces":{"east":{"uv":[5.625,7.0625,5.8125,7.1875],"rotation":0,"texture":"#0","tintindex":0},"south":{"uv":[6.375,7.0,6.625,7.125],"rotation":0,"texture":"#0","tintindex":0},"north":{"uv":[7.0,5.1875,7.25,5.3125],"rotation":0,"texture":"#0","tintindex":0},"west":{"uv":[7.125,2.0,7.3125,2.125],"rotation":0,"texture":"#0","tintindex":0},"up":{"uv":[7.1875,0.5,6.9375,0.3125],"rotation":0,"texture":"#0","tintindex":0},"down":{"uv":[7.1875,0.5625,6.9375,0.75],"rotation":0,"texture":"#0","tintindex":0}}}],"textures":{"0":"modelengine:entity/nocsy_rhino_beetle"},"display":{"head":{"translation":[0.0,-6.4,0.0],"scale":[4.0,4.0,4.0]}}}