{"elements":[{"from":[6.857143,2.8571424,6.857143],"to":[9.142858,8.571428,9.142858],"rotation":{"angle":0.0,"axis":"y","origin":[5.714286,1.1428566,5.142857]},"faces":{"east":{"uv":[4.25,6.375,4.5,7.0],"rotation":0,"texture":"#0","tintindex":0},"south":{"uv":[4.5625,6.375,4.8125,7.0],"rotation":0,"texture":"#0","tintindex":0},"north":{"uv":[6.25,6.1875,6.5,6.8125],"rotation":0,"texture":"#0","tintindex":0},"west":{"uv":[6.4375,2.0625,6.6875,2.6875],"rotation":0,"texture":"#0","tintindex":0},"up":{"uv":[6.3125,7.125,6.0625,6.875],"rotation":0,"texture":"#0","tintindex":0},"down":{"uv":[7.125,6.125,6.875,6.375],"rotation":0,"texture":"#0","tintindex":0}}},{"from":[5.577815,-2.202304,8.0],"to":[11.863529,4.6548395,8.0],"rotation":{"angle":22.5,"axis":"z","origin":[9.006387,0.6548395,8.0]},"faces":{"east":{"uv":[3.0625,7.1875,3.0625,7.9375],"rotation":0,"texture":"#0","tintindex":0},"south":{"uv":[4.875,3.9375,5.5625,4.6875],"rotation":0,"texture":"#0","tintindex":0},"north":{"uv":[4.875,3.125,5.5625,3.875],"rotation":0,"texture":"#0","tintindex":0},"west":{"uv":[3.125,7.1875,3.125,7.9375],"rotation":0,"texture":"#0","tintindex":0},"up":{"uv":[7.875,1.25,7.1875,1.25],"rotation":0,"texture":"#0","tintindex":0},"down":{"uv":[7.875,1.3125,7.1875,1.3125],"rotation":0,"texture":"#0","tintindex":0}}}],"textures":{"0":"modelengine:entity/nocsy_rhino_beetle"},"display":{"head":{"translation":[0.0,-6.4,0.0],"scale":[4.0,4.0,4.0]}}}