{"elements":[{"from":[6.461042,2.4463038,6.8280525],"to":[8.746757,8.16059,9.113767],"rotation":{"angle":0.0,"axis":"y","origin":[5.714286,1.1428566,5.142857]},"faces":{"east":{"uv":[6.1875,0.6875,6.4375,1.3125],"rotation":0,"texture":"#0","tintindex":0},"south":{"uv":[0.8125,6.1875,1.0625,6.8125],"rotation":0,"texture":"#0","tintindex":0},"north":{"uv":[6.1875,0.0,6.4375,0.625],"rotation":0,"texture":"#0","tintindex":0},"west":{"uv":[1.125,6.1875,1.375,6.8125],"rotation":0,"texture":"#0","tintindex":0},"up":{"uv":[2.8125,7.125,2.5625,6.875],"rotation":0,"texture":"#0","tintindex":0},"down":{"uv":[3.125,6.875,2.875,7.125],"rotation":0,"texture":"#0","tintindex":0}}},{"from":[5.454644,-2.4302883,7.9709096],"to":[11.740358,4.426855,7.9709096],"rotation":{"angle":22.5,"axis":"z","origin":[9.006387,0.6548395,8.0]},"faces":{"east":{"uv":[2.5625,7.1875,2.5625,7.9375],"rotation":0,"texture":"#0","tintindex":0},"south":{"uv":[4.125,3.9375,4.8125,4.6875],"rotation":0,"texture":"#0","tintindex":0},"north":{"uv":[4.125,3.125,4.8125,3.875],"rotation":0,"texture":"#0","tintindex":0},"west":{"uv":[2.625,7.1875,2.625,7.9375],"rotation":0,"texture":"#0","tintindex":0},"up":{"uv":[7.875,0.125,7.1875,0.125],"rotation":0,"texture":"#0","tintindex":0},"down":{"uv":[7.875,0.1875,7.1875,0.1875],"rotation":0,"texture":"#0","tintindex":0}}}],"textures":{"0":"modelengine:entity/nocsy_rhino_beetle"},"display":{"head":{"translation":[0.0,-6.4,0.0],"scale":[4.0,4.0,4.0]}}}