{"elements":[{"from":[6.5714283,5.142857,7.142857],"to":[11.142858,10.857143,7.142857],"rotation":{"angle":0.0,"axis":"y","origin":[8.571428,8.0,12.571428]},"faces":{"east":{"uv":[1.375,7.1875,1.375,7.8125],"rotation":0,"texture":"#0","tintindex":0},"south":{"uv":[5.5625,2.1875,6.0625,2.8125],"rotation":0,"texture":"#0","tintindex":0},"north":{"uv":[3.3125,5.5,3.8125,6.125],"rotation":0,"texture":"#0","tintindex":0},"west":{"uv":[1.4375,7.1875,1.4375,7.8125],"rotation":0,"texture":"#0","tintindex":0},"up":{"uv":[7.5625,3.3125,7.0625,3.3125],"rotation":0,"texture":"#0","tintindex":0},"down":{"uv":[7.5625,3.375,7.0625,3.375],"rotation":0,"texture":"#0","tintindex":0}}},{"from":[11.142858,5.142857,7.142857],"to":[11.142858,10.857143,19.714287],"rotation":{"angle":0.0,"axis":"y","origin":[8.571428,8.0,12.571428]},"faces":{"east":{"uv":[2.625,1.375,4.0,2.0],"rotation":0,"texture":"#0","tintindex":0},"south":{"uv":[1.5625,7.1875,1.5625,7.8125],"rotation":0,"texture":"#0","tintindex":0},"north":{"uv":[1.5,7.1875,1.5,7.8125],"rotation":0,"texture":"#0","tintindex":0},"west":{"uv":[2.625,2.0625,4.0,2.6875],"rotation":0,"texture":"#0","tintindex":0},"up":{"uv":[1.625,8.5625,1.625,7.1875],"rotation":0,"texture":"#0","tintindex":0},"down":{"uv":[1.6875,7.1875,1.6875,8.5625],"rotation":0,"texture":"#0","tintindex":0}}},{"from":[6.5714283,5.142857,19.714287],"to":[11.142858,10.857143,19.714287],"rotation":{"angle":0.0,"axis":"y","origin":[8.571428,8.0,12.571428]},"faces":{"east":{"uv":[1.75,7.1875,1.75,7.8125],"rotation":0,"texture":"#0","tintindex":0},"south":{"uv":[5.625,2.875,6.125,3.5],"rotation":0,"texture":"#0","tintindex":0},"north":{"uv":[3.875,5.5625,4.375,6.1875],"rotation":0,"texture":"#0","tintindex":0},"west":{"uv":[1.8125,7.1875,1.8125,7.8125],"rotation":0,"texture":"#0","tintindex":0},"up":{"uv":[7.625,2.1875,7.125,2.1875],"rotation":0,"texture":"#0","tintindex":0},"down":{"uv":[7.625,2.25,7.125,2.25],"rotation":0,"texture":"#0","tintindex":0}}},{"from":[6.5714283,10.857143,7.142857],"to":[11.142858,10.857143,19.714287],"rotation":{"angle":0.0,"axis":"y","origin":[8.571428,8.0,12.571428]},"faces":{"east":{"uv":[7.125,2.375,8.5,2.375],"rotation":0,"texture":"#0","tintindex":0},"south":{"uv":[7.125,4.625,7.625,4.625],"rotation":0,"texture":"#0","tintindex":0},"north":{"uv":[7.125,2.3125,7.625,2.3125],"rotation":0,"texture":"#0","tintindex":0},"west":{"uv":[7.125,4.6875,8.5,4.6875],"rotation":0,"texture":"#0","tintindex":0},"up":{"uv":[2.5625,4.25,2.0625,2.875],"rotation":0,"texture":"#0","tintindex":0},"down":{"uv":[4.0625,2.75,3.5625,4.125],"rotation":0,"texture":"#0","tintindex":0}}}],"textures":{"0":"modelengine:entity/nocsy_rhino_beetle"},"display":{"head":{"translation":[0.0,-6.4,0.0],"scale":[4.0,4.0,4.0]}}}