{"elements":[{"from":[6.4557114,2.4555297,6.793189],"to":[8.7414255,8.169815,9.078903],"rotation":{"angle":0.0,"axis":"y","origin":[5.714286,1.1428566,5.142857]},"faces":{"east":{"uv":[3.0,6.1875,3.25,6.8125],"rotation":0,"texture":"#0","tintindex":0},"south":{"uv":[3.3125,6.1875,3.5625,6.8125],"rotation":0,"texture":"#0","tintindex":0},"north":{"uv":[6.1875,2.875,6.4375,3.5],"rotation":0,"texture":"#0","tintindex":0},"west":{"uv":[0.0,6.25,0.25,6.875],"rotation":0,"texture":"#0","tintindex":0},"up":{"uv":[7.125,4.0,6.875,3.75],"rotation":0,"texture":"#0","tintindex":0},"down":{"uv":[7.125,4.0625,6.875,4.3125],"rotation":0,"texture":"#0","tintindex":0}}},{"from":[5.05325,-2.4197254,7.936046],"to":[11.338964,4.4374185,7.936046],"rotation":{"angle":22.5,"axis":"z","origin":[9.006387,0.6548395,8.0]},"faces":{"east":{"uv":[2.8125,7.1875,2.8125,7.9375],"rotation":0,"texture":"#0","tintindex":0},"south":{"uv":[2.25,4.5,2.9375,5.25],"rotation":0,"texture":"#0","tintindex":0},"north":{"uv":[1.5,4.3125,2.1875,5.0625],"rotation":0,"texture":"#0","tintindex":0},"west":{"uv":[2.875,7.1875,2.875,7.9375],"rotation":0,"texture":"#0","tintindex":0},"up":{"uv":[7.875,0.875,7.1875,0.875],"rotation":0,"texture":"#0","tintindex":0},"down":{"uv":[7.875,0.9375,7.1875,0.9375],"rotation":0,"texture":"#0","tintindex":0}}}],"textures":{"0":"modelengine:entity/nocsy_rhino_beetle"},"display":{"head":{"translation":[0.0,-6.4,0.0],"scale":[4.0,4.0,4.0]}}}