{"elements":[{"from":[6.5714283,6.5714283,6.5714283],"to":[9.428572,9.428572,9.428572],"rotation":{"angle":0.0,"axis":"y","origin":[11.428572,-0.57142925,26.285715]},"faces":{"east":{"uv":[10.0625,5.25,10.375,5.5625],"rotation":0,"texture":"#2","tintindex":0},"south":{"uv":[10.0625,5.5625,10.375,5.875],"rotation":0,"texture":"#2","tintindex":0},"north":{"uv":[10.0625,4.9375,10.375,5.25],"rotation":0,"texture":"#2","tintindex":0},"west":{"uv":[10.0625,7.0,10.375,7.3125],"rotation":0,"texture":"#2","tintindex":0},"up":{"uv":[10.375,7.625,10.0625,7.3125],"rotation":0,"texture":"#2","tintindex":0},"down":{"uv":[10.375,7.625,10.0625,7.9375],"rotation":0,"texture":"#2","tintindex":0}}},{"from":[7.714286,5.142857,-0.57142925],"to":[8.285714,10.857143,8.0],"rotation":{"angle":0.0,"axis":"y","origin":[11.428572,-0.57142925,26.285715]},"faces":{"east":{"uv":[10.375,2.5625,9.5,3.125],"rotation":0,"texture":"#2","tintindex":0},"south":{"uv":[0.0,0.0,0.0,0.5625],"rotation":0,"texture":"#2","tintindex":0},"north":{"uv":[0.0,0.0,0.0,0.5625],"rotation":0,"texture":"#2","tintindex":0},"west":{"uv":[9.5,2.5625,10.375,3.125],"rotation":0,"texture":"#2","tintindex":0},"up":{"uv":[0.0,0.875,0.0,0.0],"rotation":0,"texture":"#2","tintindex":0},"down":{"uv":[0.0,0.0,0.0,0.875],"rotation":0,"texture":"#2","tintindex":0}}}],"textures":{"2":"modelengine:entity/cinder_fire"},"display":{"head":{"translation":[0.0,-6.4,0.0],"scale":[4.0,4.0,4.0]}}}