{"elements":[{"from":[6.5714283,6.5714283,6.5714283],"to":[9.428572,9.428572,9.428572],"rotation":{"angle":0.0,"axis":"y","origin":[11.428572,-0.57142925,26.285715]},"faces":{"east":{"uv":[10.25,6.5,10.5625,6.8125],"rotation":0,"texture":"#2","tintindex":0},"south":{"uv":[10.0625,10.3125,10.375,10.625],"rotation":0,"texture":"#2","tintindex":0},"north":{"uv":[10.25,6.1875,10.5625,6.5],"rotation":0,"texture":"#2","tintindex":0},"west":{"uv":[10.375,0.0,10.6875,0.3125],"rotation":0,"texture":"#2","tintindex":0},"up":{"uv":[10.6875,0.625,10.375,0.3125],"rotation":0,"texture":"#2","tintindex":0},"down":{"uv":[0.75,10.375,0.4375,10.6875],"rotation":0,"texture":"#2","tintindex":0}}}],"textures":{"2":"modelengine:entity/cinder_fire"},"display":{"head":{"translation":[0.0,-6.4,0.0],"scale":[4.0,4.0,4.0]}}}