{"elements":[{"from":[7.142857,-7.4285717,4.0],"to":[8.857143,6.285714,8.571428],"rotation":{"angle":0.0,"axis":"y","origin":[8.0,-7.4285717,24.57143]},"faces":{"east":{"uv":[9.5,0.0,9.0,1.5],"rotation":0,"texture":"#2","tintindex":0},"south":{"uv":[8.0625,9.875,7.875,11.375],"rotation":0,"texture":"#2","tintindex":0},"north":{"uv":[10.0625,7.0,9.875,8.5],"rotation":0,"texture":"#2","tintindex":0},"west":{"uv":[9.375,8.0,8.875,9.5],"rotation":0,"texture":"#2","tintindex":0},"up":{"uv":[7.625,10.5,7.8125,10.0],"rotation":0,"texture":"#2","tintindex":0},"down":{"uv":[4.8125,10.1875,5.0,10.6875],"rotation":0,"texture":"#2","tintindex":0}}},{"from":[7.9942856,-9.148573,2.2799997],"to":[8.005714,8.005714,10.291429],"rotation":{"angle":0.0,"axis":"y","origin":[8.0,-7.4285717,24.57143]},"faces":{"east":{"uv":[2.0,8.75,2.875,10.625],"rotation":0,"texture":"#2","tintindex":0},"south":{"uv":[16.0,15.9375,15.9375,16.0],"rotation":0,"texture":"#2","tintindex":0},"north":{"uv":[16.0,15.9375,15.9375,16.0],"rotation":0,"texture":"#2","tintindex":0},"west":{"uv":[2.875,8.75,2.0,10.625],"rotation":0,"texture":"#2","tintindex":0},"up":{"uv":[16.0,15.9375,15.9375,16.0],"rotation":0,"texture":"#2","tintindex":0},"down":{"uv":[16.0,15.9375,15.9375,16.0],"rotation":0,"texture":"#2","tintindex":0}}}],"textures":{"2":"modelengine:entity/cinder_fire"},"display":{"head":{"translation":[0.0,-6.4,0.0],"scale":[4.0,4.0,4.0]}}}