{"elements":[{"from":[6.714286,5.0,6.142857],"to":[9.285714,8.714286,8.714286],"rotation":{"angle":0.0,"axis":"y","origin":[12.0,-2.285715,7.428571]},"faces":{"east":{"uv":[11.75,8.75,12.75,10.25],"rotation":0,"texture":"#0","tintindex":0},"south":{"uv":[12.0,2.75,13.0,4.25],"rotation":0,"texture":"#0","tintindex":0},"north":{"uv":[11.25,10.5,12.25,12.0],"rotation":0,"texture":"#0","tintindex":0},"west":{"uv":[12.0,4.25,13.0,5.75],"rotation":0,"texture":"#0","tintindex":0},"up":{"uv":[10.25,13.5,9.25,12.5],"rotation":0,"texture":"#0","tintindex":0},"down":{"uv":[11.25,12.5,10.25,13.5],"rotation":0,"texture":"#0","tintindex":0}}},{"from":[9.571428,9.0,9.0],"to":[6.428571,4.714286,5.8571424],"rotation":{"angle":0.0,"axis":"y","origin":[12.0,-2.285715,7.428571]},"faces":{"east":{"uv":[15.84375,15.5,15.5,15.75],"rotation":90,"texture":"#0","tintindex":0},"south":{"uv":[15.75,15.75,16.0,15.25],"rotation":0,"texture":"#0","tintindex":0},"north":{"uv":[15.75,15.75,16.0,15.25],"rotation":0,"texture":"#0","tintindex":0},"west":{"uv":[15.75,15.75,16.0,15.25],"rotation":0,"texture":"#0","tintindex":0},"up":{"uv":[15.75,15.75,16.0,15.5],"rotation":0,"texture":"#0","tintindex":0},"down":{"uv":[15.75,15.5,16.0,15.25],"rotation":0,"texture":"#0","tintindex":0}}},{"from":[6.0,6.5714283,6.0],"to":[7.714286,8.857143,8.857143],"rotation":{"angle":22.5,"axis":"z","origin":[7.142857,7.714286,7.428571]},"faces":{"east":{"uv":[6.0,12.25,7.25,13.25],"rotation":0,"texture":"#0","tintindex":0},"south":{"uv":[13.0,2.75,13.75,3.75],"rotation":0,"texture":"#0","tintindex":0},"north":{"uv":[2.25,13.0,3.0,14.0],"rotation":0,"texture":"#0","tintindex":0},"west":{"uv":[12.25,10.25,13.5,11.25],"rotation":0,"texture":"#0","tintindex":0},"up":{"uv":[0.75,14.25,0.0,13.0],"rotation":0,"texture":"#0","tintindex":0},"down":{"uv":[1.5,13.0,0.75,14.25],"rotation":0,"texture":"#0","tintindex":0}}},{"from":[8.0,9.142858,9.142858],"to":[5.714286,6.285714,5.714286],"rotation":{"angle":22.5,"axis":"z","origin":[7.142857,7.714286,7.428571]},"faces":{"east":{"uv":[15.75,15.75,16.0,15.25],"rotation":0,"texture":"#0","tintindex":0},"south":{"uv":[15.75,15.75,16.0,15.25],"rotation":0,"texture":"#0","tintindex":0},"north":{"uv":[15.75,15.75,16.0,15.25],"rotation":0,"texture":"#0","tintindex":0},"west":{"uv":[15.5,15.5,16.0,15.25],"rotation":90,"texture":"#0","tintindex":0},"up":{"uv":[15.5,15.75,15.8125,15.5],"rotation":0,"texture":"#0","tintindex":0},"down":{"uv":[15.75,15.5,16.0,15.25],"rotation":0,"texture":"#0","tintindex":0}}}],"textures":{"0":"modelengine:entity/possessed_cinder_armor"},"display":{"head":{"translation":[0.0,-6.4,0.0],"scale":[4.0,4.0,4.0]}}}