{"elements":[{"from":[6.714286,6.714286,7.0],"to":[9.285714,8.714286,8.428572],"rotation":{"angle":-22.5,"axis":"x","origin":[9.142858,7.428571,7.428571]},"faces":{"east":{"uv":[4.0,2.25,4.5,3.0],"rotation":0,"texture":"#0","tintindex":0},"south":{"uv":[13.0,3.75,14.0,4.5],"rotation":0,"texture":"#0","tintindex":0},"north":{"uv":[10.75,5.0,11.75,5.75],"rotation":0,"texture":"#0","tintindex":0},"west":{"uv":[10.75,1.0,11.25,1.75],"rotation":0,"texture":"#0","tintindex":0},"up":{"uv":[14.0,6.5,13.0,6.0],"rotation":0,"texture":"#0","tintindex":0},"down":{"uv":[14.0,6.5,13.0,7.0],"rotation":0,"texture":"#0","tintindex":0}}},{"from":[9.571428,9.0,8.714286],"to":[6.428571,5.8571424,6.714286],"rotation":{"angle":-22.5,"axis":"x","origin":[9.142858,7.428571,7.428571]},"faces":{"east":{"uv":[15.75,15.75,16.0,16.0],"rotation":0,"texture":"#0","tintindex":0},"south":{"uv":[15.75,15.75,16.0,16.0],"rotation":0,"texture":"#0","tintindex":0},"north":{"uv":[15.75,14.5,16.0,14.75],"rotation":0,"texture":"#0","tintindex":0},"west":{"uv":[15.75,15.75,16.0,16.0],"rotation":0,"texture":"#0","tintindex":0},"up":{"uv":[15.75,14.5,16.0,14.75],"rotation":0,"texture":"#0","tintindex":0},"down":{"uv":[15.75,15.75,16.0,16.0],"rotation":0,"texture":"#0","tintindex":0}}},{"from":[6.8514285,3.4228568,7.4228573],"to":[9.148571,7.4342856,9.72],"rotation":{"angle":0.0,"axis":"y","origin":[9.142858,3.4285712,8.571428]},"faces":{"east":{"uv":[8.25,10.75,9.25,12.5],"rotation":0,"texture":"#0","tintindex":0},"south":{"uv":[10.75,8.75,11.75,10.5],"rotation":0,"texture":"#0","tintindex":0},"north":{"uv":[7.25,10.75,8.25,12.5],"rotation":0,"texture":"#0","tintindex":0},"west":{"uv":[9.25,10.75,10.25,12.5],"rotation":0,"texture":"#0","tintindex":0},"up":{"uv":[13.25,12.25,12.25,11.25],"rotation":0,"texture":"#0","tintindex":0},"down":{"uv":[13.25,12.25,12.25,13.25],"rotation":0,"texture":"#0","tintindex":0}}},{"from":[9.422857,7.7085714,9.994286],"to":[6.5771427,3.1485715,7.1485715],"rotation":{"angle":0.0,"axis":"y","origin":[9.142858,3.4285712,8.571428]},"faces":{"east":{"uv":[15.75,15.75,16.0,16.0],"rotation":0,"texture":"#0","tintindex":0},"south":{"uv":[15.75,15.75,16.0,16.0],"rotation":0,"texture":"#0","tintindex":0},"north":{"uv":[15.75,15.75,16.0,16.0],"rotation":0,"texture":"#0","tintindex":0},"west":{"uv":[15.75,15.75,16.0,16.0],"rotation":0,"texture":"#0","tintindex":0},"up":{"uv":[15.75,15.75,16.0,16.0],"rotation":0,"texture":"#0","tintindex":0},"down":{"uv":[15.75,14.5,16.0,14.75],"rotation":0,"texture":"#0","tintindex":0}}},{"from":[8.0,4.0,9.714286],"to":[8.0,5.142857,10.857143],"rotation":{"angle":-22.5,"axis":"x","origin":[8.0,4.0,9.714286]},"faces":{"east":{"uv":[13.5,8.0,13.0,8.5],"rotation":0,"texture":"#0","tintindex":0},"south":{"uv":[0.0,0.0,0.0,0.5],"rotation":0,"texture":"#0","tintindex":0},"north":{"uv":[0.0,0.0,0.0,0.5],"rotation":0,"texture":"#0","tintindex":0},"west":{"uv":[13.0,8.0,13.5,8.5],"rotation":0,"texture":"#0","tintindex":0},"up":{"uv":[0.0,0.5,0.0,0.0],"rotation":0,"texture":"#0","tintindex":0},"down":{"uv":[0.0,0.0,0.0,0.5],"rotation":0,"texture":"#0","tintindex":0}}},{"from":[8.142858,4.285714,9.428572],"to":[8.142858,5.428571,11.142858],"rotation":{"angle":-22.5,"axis":"x","origin":[8.0,4.0,9.714286]},"faces":{"east":{"uv":[15.75,14.5,16.0,14.75],"rotation":0,"texture":"#0","tintindex":0},"south":{"uv":[15.75,14.5,16.0,14.75],"rotation":0,"texture":"#0","tintindex":0},"north":{"uv":[15.75,14.5,16.0,14.75],"rotation":0,"texture":"#0","tintindex":0},"west":{"uv":[15.75,15.75,16.0,16.0],"rotation":0,"texture":"#0","tintindex":0},"up":{"uv":[15.75,14.5,16.0,14.75],"rotation":0,"texture":"#0","tintindex":0},"down":{"uv":[15.75,14.5,16.0,14.75],"rotation":0,"texture":"#0","tintindex":0}}},{"from":[8.142858,3.7142854,9.428572],"to":[8.142858,4.8571424,10.571428],"rotation":{"angle":-22.5,"axis":"x","origin":[8.0,4.0,9.714286]},"faces":{"east":{"uv":[15.75,14.5,16.0,14.75],"rotation":0,"texture":"#0","tintindex":0},"south":{"uv":[15.75,14.5,16.0,14.75],"rotation":0,"texture":"#0","tintindex":0},"north":{"uv":[15.75,14.5,16.0,14.75],"rotation":0,"texture":"#0","tintindex":0},"west":{"uv":[15.75,15.75,16.0,16.0],"rotation":0,"texture":"#0","tintindex":0},"up":{"uv":[15.75,14.5,16.0,14.75],"rotation":0,"texture":"#0","tintindex":0},"down":{"uv":[15.75,14.5,16.0,14.75],"rotation":0,"texture":"#0","tintindex":0}}},{"from":[7.857143,4.285714,9.428572],"to":[7.857143,5.428571,11.142858],"rotation":{"angle":-22.5,"axis":"x","origin":[8.0,4.0,9.714286]},"faces":{"east":{"uv":[15.75,15.75,16.0,16.0],"rotation":0,"texture":"#0","tintindex":0},"south":{"uv":[15.75,14.5,16.0,14.75],"rotation":0,"texture":"#0","tintindex":0},"north":{"uv":[15.75,14.5,16.0,14.75],"rotation":0,"texture":"#0","tintindex":0},"west":{"uv":[15.75,14.5,16.0,14.75],"rotation":0,"texture":"#0","tintindex":0},"up":{"uv":[15.75,14.5,16.0,14.75],"rotation":0,"texture":"#0","tintindex":0},"down":{"uv":[15.75,14.5,16.0,14.75],"rotation":0,"texture":"#0","tintindex":0}}},{"from":[7.857143,3.7142854,9.428572],"to":[7.857143,4.8571424,10.571428],"rotation":{"angle":-22.5,"axis":"x","origin":[8.0,4.0,9.714286]},"faces":{"east":{"uv":[15.75,15.75,16.0,16.0],"rotation":0,"texture":"#0","tintindex":0},"south":{"uv":[15.75,14.5,16.0,14.75],"rotation":0,"texture":"#0","tintindex":0},"north":{"uv":[15.75,14.5,16.0,14.75],"rotation":0,"texture":"#0","tintindex":0},"west":{"uv":[15.75,14.5,16.0,14.75],"rotation":0,"texture":"#0","tintindex":0},"up":{"uv":[15.75,14.5,16.0,14.75],"rotation":0,"texture":"#0","tintindex":0},"down":{"uv":[15.75,14.5,16.0,14.75],"rotation":0,"texture":"#0","tintindex":0}}}],"textures":{"0":"modelengine:entity/possessed_cinder_armor"},"display":{"head":{"translation":[0.0,-6.4,0.0],"scale":[4.0,4.0,4.0]}}}