{"elements":[{"from":[8.0,5.142857,6.857143],"to":[10.285714,9.142858,9.142858],"rotation":{"angle":0.0,"axis":"y","origin":[5.142857,-5.714287,8.0]},"faces":{"east":{"uv":[2.0,11.25,1.0,13.0],"rotation":0,"texture":"#0","tintindex":0},"south":{"uv":[1.0,11.25,0.0,13.0],"rotation":0,"texture":"#0","tintindex":0},"north":{"uv":[11.25,10.75,10.25,12.5],"rotation":0,"texture":"#0","tintindex":0},"west":{"uv":[4.0,11.0,3.0,12.75],"rotation":0,"texture":"#0","tintindex":0},"up":{"uv":[7.25,13.5,8.25,12.5],"rotation":0,"texture":"#0","tintindex":0},"down":{"uv":[8.25,12.5,9.25,13.5],"rotation":0,"texture":"#0","tintindex":0}}},{"from":[10.571428,9.428572,9.428572],"to":[7.714286,5.428571,6.5714283],"rotation":{"angle":0.0,"axis":"y","origin":[5.142857,-5.714287,8.0]},"faces":{"east":{"uv":[16.0,15.5,15.75,15.0],"rotation":0,"texture":"#0","tintindex":0},"south":{"uv":[16.0,15.5,15.75,15.0],"rotation":0,"texture":"#0","tintindex":0},"north":{"uv":[16.0,15.5,15.75,15.0],"rotation":0,"texture":"#0","tintindex":0},"west":{"uv":[16.0,15.5,15.75,15.0],"rotation":0,"texture":"#0","tintindex":0},"up":{"uv":[16.0,14.5,15.75,14.75],"rotation":0,"texture":"#0","tintindex":0},"down":{"uv":[15.5375,15.0,15.7875,15.25],"rotation":0,"texture":"#0","tintindex":0}}},{"from":[8.571428,6.285714,6.5714283],"to":[10.857143,9.714286,9.428572],"rotation":{"angle":22.5,"axis":"z","origin":[8.571428,9.142858,6.857143]},"faces":{"east":{"uv":[12.0,3.5,10.75,5.0],"rotation":0,"texture":"#0","tintindex":0},"south":{"uv":[13.0,7.25,12.0,8.75],"rotation":0,"texture":"#0","tintindex":0},"north":{"uv":[13.0,5.75,12.0,7.25],"rotation":0,"texture":"#0","tintindex":0},"west":{"uv":[4.25,9.5,3.0,11.0],"rotation":0,"texture":"#0","tintindex":0},"up":{"uv":[11.25,13.25,12.25,12.0],"rotation":0,"texture":"#0","tintindex":0},"down":{"uv":[12.25,1.0,13.25,2.25],"rotation":0,"texture":"#0","tintindex":0}}},{"from":[11.142858,10.0,9.714286],"to":[8.285714,6.0,6.285714],"rotation":{"angle":22.5,"axis":"z","origin":[8.571428,9.142858,6.857143]},"faces":{"east":{"uv":[16.0,14.75,15.75,14.5],"rotation":0,"texture":"#0","tintindex":0},"south":{"uv":[16.0,15.5,15.75,15.0],"rotation":0,"texture":"#0","tintindex":0},"north":{"uv":[16.0,15.5,15.75,15.0],"rotation":0,"texture":"#0","tintindex":0},"west":{"uv":[16.0,15.5,15.75,15.0],"rotation":0,"texture":"#0","tintindex":0},"up":{"uv":[16.0,15.5,15.625,15.25],"rotation":0,"texture":"#0","tintindex":0},"down":{"uv":[16.0,15.25,15.75,15.0],"rotation":0,"texture":"#0","tintindex":0}}},{"from":[10.683153,8.874705,7.142857],"to":[11.826011,11.731848,7.142857],"rotation":{"angle":-22.5,"axis":"z","origin":[10.683153,10.017563,7.142857]},"faces":{"east":{"uv":[0.0,0.0,0.0,1.25],"rotation":0,"texture":"#0","tintindex":0},"south":{"uv":[5.0,13.0,4.5,14.25],"rotation":0,"texture":"#0","tintindex":0},"north":{"uv":[4.5,13.0,5.0,14.25],"rotation":0,"texture":"#0","tintindex":0},"west":{"uv":[0.0,0.0,0.0,1.25],"rotation":0,"texture":"#0","tintindex":0},"up":{"uv":[0.0,0.0,0.5,0.0],"rotation":0,"texture":"#0","tintindex":0},"down":{"uv":[0.0,0.0,0.5,0.0],"rotation":0,"texture":"#0","tintindex":0}}},{"from":[10.968867,8.588991,7.285714],"to":[12.111725,12.017563,7.285714],"rotation":{"angle":-22.5,"axis":"z","origin":[10.683153,10.017563,7.142857]},"faces":{"east":{"uv":[16.0,14.5,15.75,14.75],"rotation":0,"texture":"#0","tintindex":0},"south":{"uv":[16.0,14.5,15.75,14.75],"rotation":0,"texture":"#0","tintindex":0},"north":{"uv":[16.0,14.875,15.75,15.3125],"rotation":0,"texture":"#0","tintindex":0},"west":{"uv":[16.0,14.5,15.75,14.75],"rotation":0,"texture":"#0","tintindex":0},"up":{"uv":[16.0,14.5,15.75,14.75],"rotation":0,"texture":"#0","tintindex":0},"down":{"uv":[16.0,14.5,15.75,14.75],"rotation":0,"texture":"#0","tintindex":0}}},{"from":[10.397439,8.588991,7.285714],"to":[10.968867,10.874705,7.285714],"rotation":{"angle":-22.5,"axis":"z","origin":[10.683153,10.017563,7.142857]},"faces":{"east":{"uv":[16.0,14.5,15.75,14.75],"rotation":0,"texture":"#0","tintindex":0},"south":{"uv":[16.0,14.5,15.75,14.75],"rotation":0,"texture":"#0","tintindex":0},"north":{"uv":[16.0,15.0,15.75,15.4375],"rotation":0,"texture":"#0","tintindex":0},"west":{"uv":[16.0,14.5,15.75,14.75],"rotation":0,"texture":"#0","tintindex":0},"up":{"uv":[16.0,14.5,15.75,14.75],"rotation":0,"texture":"#0","tintindex":0},"down":{"uv":[16.0,14.5,15.75,14.75],"rotation":0,"texture":"#0","tintindex":0}}},{"from":[10.397439,8.588991,7.0],"to":[10.968867,10.874705,7.0],"rotation":{"angle":-22.5,"axis":"z","origin":[10.683153,10.017563,8.857143]},"faces":{"east":{"uv":[15.75,14.5,16.0,14.75],"rotation":0,"texture":"#0","tintindex":0},"south":{"uv":[15.75,15.0,16.0,15.4375],"rotation":0,"texture":"#0","tintindex":0},"north":{"uv":[15.75,14.5,16.0,14.75],"rotation":0,"texture":"#0","tintindex":0},"west":{"uv":[15.75,14.5,16.0,14.75],"rotation":0,"texture":"#0","tintindex":0},"up":{"uv":[16.0,14.75,15.75,14.5],"rotation":0,"texture":"#0","tintindex":0},"down":{"uv":[16.0,14.75,15.75,14.5],"rotation":0,"texture":"#0","tintindex":0}}},{"from":[10.968867,8.588991,7.0],"to":[12.111725,12.017563,7.0],"rotation":{"angle":-22.5,"axis":"z","origin":[10.683153,10.017563,8.857143]},"faces":{"east":{"uv":[15.75,14.5,16.0,14.75],"rotation":0,"texture":"#0","tintindex":0},"south":{"uv":[15.75,14.875,16.0,15.3125],"rotation":0,"texture":"#0","tintindex":0},"north":{"uv":[15.75,14.5,16.0,14.75],"rotation":0,"texture":"#0","tintindex":0},"west":{"uv":[15.75,14.5,16.0,14.75],"rotation":0,"texture":"#0","tintindex":0},"up":{"uv":[16.0,14.75,15.75,14.5],"rotation":0,"texture":"#0","tintindex":0},"down":{"uv":[16.0,14.75,15.75,14.5],"rotation":0,"texture":"#0","tintindex":0}}},{"from":[10.397439,8.588991,8.714286],"to":[10.968867,10.874705,8.714286],"rotation":{"angle":-22.5,"axis":"z","origin":[10.683153,10.017563,8.857143]},"faces":{"east":{"uv":[15.75,14.5,16.0,14.75],"rotation":0,"texture":"#0","tintindex":0},"south":{"uv":[15.75,15.0,16.0,15.4375],"rotation":0,"texture":"#0","tintindex":0},"north":{"uv":[15.75,14.5,16.0,14.75],"rotation":0,"texture":"#0","tintindex":0},"west":{"uv":[15.75,14.5,16.0,14.75],"rotation":0,"texture":"#0","tintindex":0},"up":{"uv":[16.0,14.75,15.75,14.5],"rotation":0,"texture":"#0","tintindex":0},"down":{"uv":[16.0,14.75,15.75,14.5],"rotation":0,"texture":"#0","tintindex":0}}},{"from":[10.968867,8.588991,8.714286],"to":[12.111725,12.017563,8.714286],"rotation":{"angle":-22.5,"axis":"z","origin":[10.683153,10.017563,8.857143]},"faces":{"east":{"uv":[15.75,14.5,16.0,14.75],"rotation":0,"texture":"#0","tintindex":0},"south":{"uv":[15.75,14.875,16.0,15.3125],"rotation":0,"texture":"#0","tintindex":0},"north":{"uv":[15.75,14.5,16.0,14.75],"rotation":0,"texture":"#0","tintindex":0},"west":{"uv":[15.75,14.5,16.0,14.75],"rotation":0,"texture":"#0","tintindex":0},"up":{"uv":[16.0,14.75,15.75,14.5],"rotation":0,"texture":"#0","tintindex":0},"down":{"uv":[16.0,14.75,15.75,14.5],"rotation":0,"texture":"#0","tintindex":0}}},{"from":[10.968867,8.588991,9.0],"to":[12.111725,12.017563,9.0],"rotation":{"angle":-22.5,"axis":"z","origin":[10.683153,10.017563,7.142857]},"faces":{"east":{"uv":[16.0,14.5,15.75,14.75],"rotation":0,"texture":"#0","tintindex":0},"south":{"uv":[16.0,14.5,15.75,14.75],"rotation":0,"texture":"#0","tintindex":0},"north":{"uv":[16.0,14.875,15.75,15.3125],"rotation":0,"texture":"#0","tintindex":0},"west":{"uv":[16.0,14.5,15.75,14.75],"rotation":0,"texture":"#0","tintindex":0},"up":{"uv":[16.0,14.5,15.75,14.75],"rotation":0,"texture":"#0","tintindex":0},"down":{"uv":[16.0,14.5,15.75,14.75],"rotation":0,"texture":"#0","tintindex":0}}},{"from":[10.397439,8.588991,9.0],"to":[10.968867,10.874705,9.0],"rotation":{"angle":-22.5,"axis":"z","origin":[10.683153,10.017563,7.142857]},"faces":{"east":{"uv":[16.0,14.5,15.75,14.75],"rotation":0,"texture":"#0","tintindex":0},"south":{"uv":[16.0,14.5,15.75,14.75],"rotation":0,"texture":"#0","tintindex":0},"north":{"uv":[16.0,15.0,15.75,15.4375],"rotation":0,