{"elements":[{"from":[6.714286,5.0,6.142857],"to":[9.285714,8.714286,8.714286],"rotation":{"angle":0.0,"axis":"y","origin":[4.0,-2.285715,7.428571]},"faces":{"east":{"uv":[13.0,4.25,12.0,5.75],"rotation":0,"texture":"#0","tintindex":0},"south":{"uv":[13.0,2.75,12.0,4.25],"rotation":0,"texture":"#0","tintindex":0},"north":{"uv":[12.25,10.5,11.25,12.0],"rotation":0,"texture":"#0","tintindex":0},"west":{"uv":[12.75,8.75,11.75,10.25],"rotation":0,"texture":"#0","tintindex":0},"up":{"uv":[9.25,13.5,10.25,12.5],"rotation":0,"texture":"#0","tintindex":0},"down":{"uv":[10.25,12.5,11.25,13.5],"rotation":0,"texture":"#0","tintindex":0}}},{"from":[9.571428,9.0,9.0],"to":[6.428571,4.714286,5.8571424],"rotation":{"angle":0.0,"axis":"y","origin":[4.0,-2.285715,7.428571]},"faces":{"east":{"uv":[16.0,15.75,15.75,15.25],"rotation":0,"texture":"#0","tintindex":0},"south":{"uv":[16.0,15.75,15.75,15.25],"rotation":0,"texture":"#0","tintindex":0},"north":{"uv":[16.0,15.75,15.75,15.25],"rotation":0,"texture":"#0","tintindex":0},"west":{"uv":[15.84375,15.75,15.5,15.5],"rotation":90,"texture":"#0","tintindex":0},"up":{"uv":[16.0,15.75,15.75,15.5],"rotation":0,"texture":"#0","tintindex":0},"down":{"uv":[16.0,15.5,15.75,15.25],"rotation":0,"texture":"#0","tintindex":0}}},{"from":[8.285714,6.5714283,6.0],"to":[10.0,8.857143,8.857143],"rotation":{"angle":-22.5,"axis":"z","origin":[8.857143,7.714286,7.428571]},"faces":{"east":{"uv":[13.5,10.25,12.25,11.25],"rotation":0,"texture":"#0","tintindex":0},"south":{"uv":[13.75,2.75,13.0,3.75],"rotation":0,"texture":"#0","tintindex":0},"north":{"uv":[3.0,13.0,2.25,14.0],"rotation":0,"texture":"#0","tintindex":0},"west":{"uv":[7.25,12.25,6.0,13.25],"rotation":0,"texture":"#0","tintindex":0},"up":{"uv":[0.0,14.25,0.75,13.0],"rotation":0,"texture":"#0","tintindex":0},"down":{"uv":[0.75,13.0,1.5,14.25],"rotation":0,"texture":"#0","tintindex":0}}},{"from":[10.285714,9.142858,9.142858],"to":[8.0,6.285714,5.714286],"rotation":{"angle":-22.5,"axis":"z","origin":[8.857143,7.714286,7.428571]},"faces":{"east":{"uv":[15.5,15.25,16.0,15.5],"rotation":90,"texture":"#0","tintindex":0},"south":{"uv":[16.0,15.75,15.75,15.25],"rotation":0,"texture":"#0","tintindex":0},"north":{"uv":[16.0,15.75,15.75,15.25],"rotation":0,"texture":"#0","tintindex":0},"west":{"uv":[16.0,15.75,15.75,15.25],"rotation":0,"texture":"#0","tintindex":0},"up":{"uv":[15.8125,15.75,15.5,15.5],"rotation":0,"texture":"#0","tintindex":0},"down":{"uv":[16.0,15.5,15.75,15.25],"rotation":0,"texture":"#0","tintindex":0}}}],"textures":{"0":"modelengine:entity/possessed_cinder_armor"},"display":{"head":{"translation":[0.0,-6.4,0.0],"scale":[4.0,4.0,4.0]}}}