{"elements":[{"from":[9.158615,7.521789,7.7200747],"to":[9.6123295,7.9755034,8.745217],"rotation":{"angle":-45.0,"axis":"z","origin":[9.385471,7.7486463,8.232646]},"faces":{"east":{"uv":[6.1875,8.875,6.3125,8.9375],"rotation":0,"texture":"#8","tintindex":0},"south":{"uv":[4.8125,9.375,4.875,9.4375],"rotation":0,"texture":"#8","tintindex":0},"north":{"uv":[9.375,4.6875,9.4375,4.75],"rotation":0,"texture":"#8","tintindex":0},"west":{"uv":[6.375,8.875,6.5,8.9375],"rotation":0,"texture":"#8","tintindex":0},"up":{"uv":[8.9375,6.8125,8.875,6.6875],"rotation":0,"texture":"#8","tintindex":0},"down":{"uv":[7.125,8.875,7.0625,9.0],"rotation":0,"texture":"#8","tintindex":0}}},{"from":[9.251577,7.748646,7.7183604],"to":[9.708721,8.777218,8.746932],"rotation":{"angle":0.0,"axis":"y","origin":[6.3372917,-3.2727833,8.232646]},"faces":{"east":{"uv":[7.625,3.875,7.75,4.0],"rotation":0,"texture":"#8","tintindex":0},"south":{"uv":[8.875,5.875,8.9375,6.0],"rotation":0,"texture":"#8","tintindex":0},"north":{"uv":[5.8125,8.875,5.875,9.0],"rotation":0,"texture":"#8","tintindex":0},"west":{"uv":[5.375,7.625,5.5,7.75],"rotation":0,"texture":"#8","tintindex":0},"up":{"uv":[6.0,9.0,5.9375,8.875],"rotation":0,"texture":"#8","tintindex":0},"down":{"uv":[6.125,8.875,6.0625,9.0],"rotation":0,"texture":"#8","tintindex":0}}},{"from":[9.158615,8.55036,7.7200747],"to":[9.6123295,9.004074,8.745217],"rotation":{"angle":-45.0,"axis":"z","origin":[9.385471,8.777217,8.232646]},"faces":{"east":{"uv":[8.875,6.375,9.0,6.4375],"rotation":0,"texture":"#8","tintindex":0},"south":{"uv":[4.9375,9.375,5.0,9.4375],"rotation":0,"texture":"#8","tintindex":0},"north":{"uv":[9.375,4.8125,9.4375,4.875],"rotation":0,"texture":"#8","tintindex":0},"west":{"uv":[8.875,6.875,9.0,6.9375],"rotation":0,"texture":"#8","tintindex":0},"up":{"uv":[7.5,9.0,7.4375,8.875],"rotation":0,"texture":"#8","tintindex":0},"down":{"uv":[7.625,8.875,7.5625,9.0],"rotation":0,"texture":"#8","tintindex":0}}},{"from":[9.613007,7.7886457,7.8440747],"to":[9.818721,8.565789,8.621218],"rotation":{"angle":45.0,"axis":"x","origin":[9.715863,8.1772175,8.232646]},"faces":{"east":{"uv":[1.5625,7.625,1.6875,7.75],"rotation":0,"texture":"#8","tintindex":0},"south":{"uv":[5.5,8.875,5.5625,9.0],"rotation":0,"texture":"#8","tintindex":0},"north":{"uv":[8.875,5.3125,8.9375,5.4375],"rotation":0,"texture":"#8","tintindex":0},"west":{"uv":[7.625,3.4375,7.75,3.5625],"rotation":0,"texture":"#8","tintindex":0},"up":{"uv":[8.9375,5.625,8.875,5.5],"rotation":0,"texture":"#8","tintindex":0},"down":{"uv":[8.9375,5.6875,8.875,5.8125],"rotation":0,"texture":"#8","tintindex":0}}},{"from":[6.7658634,6.691503,6.51836],"to":[7.3372917,7.83436,7.089789],"rotation":{"angle":-45.0,"axis":"z","origin":[7.0515776,7.262932,6.8040743]},"faces":{"east":{"uv":[2.3125,8.4375,2.375,8.5625],"rotation":0,"texture":"#8","tintindex":0},"south":{"uv":[8.4375,6.5,8.5,6.625],"rotation":0,"texture":"#8","tintindex":0},"north":{"uv":[1.875,8.4375,1.9375,8.5625],"rotation":0,"texture":"#8","tintindex":0},"west":{"uv":[8.4375,6.6875,8.5,6.8125],"rotation":0,"texture":"#8","tintindex":0},"up":{"uv":[0.4375,9.25,0.375,9.1875],"rotation":0,"texture":"#8","tintindex":0},"down":{"uv":[9.25,0.375,9.1875,0.4375],"rotation":0,"texture":"#8","tintindex":0}}},{"from":[6.7658634,6.691503,7.089789],"to":[7.3372917,7.262932,7.661217],"rotation":{"angle":-45.0,"axis":"z","origin":[7.0515776,7.262932,6.8040743]},"faces":{"east":{"uv":[9.1875,0.5,9.25,0.5625],"rotation":0,"texture":"#8","tintindex":0},"south":{"uv":[0.9375,9.1875,1.0,9.25],"rotation":0,"texture":"#8","tintindex":0},"north":{"uv":[0.5,9.1875,0.5625,9.25],"rotation":0,"texture":"#8","tintindex":0},"west":{"uv":[1.0625,9.1875,1.125,9.25],"rotation":0,"texture":"#8","tintindex":0},"up":{"uv":[1.25,9.25,1.1875,9.1875],"rotation":0,"texture":"#8","tintindex":0},"down":{"uv":[1.375,9.1875,1.3125,9.25],"rotation":0,"texture":"#8","tintindex":0}}},{"from":[7.0515776,5.9486456,7.089789],"to":[9.337292,8.234361,9.375504],"rotation":{"angle":0.0,"axis":"y","origin":[4.7658634,0.8057885,8.232646]},"faces":{"east":{"uv":[2.9375,3.4375,3.1875,3.6875],"rotation":0,"texture":"#8","tintindex":0},"south":{"uv":[1.25,3.5,1.5,3.75],"rotation":0,"texture":"#8","tintindex":0},"north":{"uv":[2.625,3.375,2.875,3.625],"rotation":0,"texture":"#8","tintindex":0},"west":{"uv":[1.5625,3.5,1.8125,3.75],"rotation":0,"texture":"#8","tintindex":0},"up":{"uv":[2.125,3.75,1.875,3.5],"rotation":0,"texture":"#8","tintindex":0},"down":{"uv":[3.5,3.5,3.25,3.75],"rotation":0,"texture":"#8","tintindex":0}}}],"textures":{"8":"modelengine:entity/fallendefender"},"display":{"head":{"translation":[0.0,-6.4,0.0],"scale":[4.0,4.0,4.0]}}}