{"elements":[{"from":[8.307676,4.015973,6.285714],"to":[8.879105,5.15883,6.857143],"rotation":{"angle":45.0,"axis":"z","origin":[8.59339,4.5874014,6.5714283]},"faces":{"east":{"uv":[5.375,8.375,5.4375,8.5],"rotation":0,"texture":"#8","tintindex":0},"south":{"uv":[6.0,8.375,6.0625,8.5],"rotation":0,"texture":"#8","tintindex":0},"north":{"uv":[4.625,8.375,4.6875,8.5],"rotation":0,"texture":"#8","tintindex":0},"west":{"uv":[6.125,8.375,6.1875,8.5],"rotation":0,"texture":"#8","tintindex":0},"up":{"uv":[9.1875,4.75,9.125,4.6875],"rotation":0,"texture":"#8","tintindex":0},"down":{"uv":[9.1875,4.8125,9.125,4.875],"rotation":0,"texture":"#8","tintindex":0}}},{"from":[6.59339,5.5588303,7.142857],"to":[8.307676,8.415973,8.857143],"rotation":{"angle":0.0,"axis":"y","origin":[7.450533,7.8445444,8.0]},"faces":{"east":{"uv":[9.0125,7.5125,11.485,7.985],"rotation":270,"texture":"#0","tintindex":0},"south":{"uv":[9.0125,7.5125,11.485,7.985],"rotation":270,"texture":"#0","tintindex":0},"north":{"uv":[9.0125,7.5125,11.485,7.985],"rotation":270,"texture":"#0","tintindex":0},"west":{"uv":[9.0125,7.5125,11.485,7.985],"rotation":270,"texture":"#0","tintindex":0},"up":{"uv":[9.0125,7.5125,11.485,7.985],"rotation":270,"texture":"#0","tintindex":0},"down":{"uv":[9.0125,7.5125,11.485,7.985],"rotation":270,"texture":"#0","tintindex":0}}},{"from":[6.307676,6.2445445,6.885714],"to":[8.59339,6.8159733,9.171429],"rotation":{"angle":0.0,"axis":"y","origin":[7.7362475,6.215973,9.857143]},"faces":{"east":{"uv":[7.8125,3.625,8.0625,3.6875],"rotation":0,"texture":"#8","tintindex":0},"south":{"uv":[7.8125,6.375,8.0625,6.4375],"rotation":0,"texture":"#8","tintindex":0},"north":{"uv":[7.8125,1.625,8.0625,1.6875],"rotation":0,"texture":"#8","tintindex":0},"west":{"uv":[7.875,3.3125,8.125,3.375],"rotation":0,"texture":"#8","tintindex":0},"up":{"uv":[4.125,3.5625,3.875,3.3125],"rotation":0,"texture":"#8","tintindex":0},"down":{"uv":[4.125,3.625,3.875,3.875],"rotation":0,"texture":"#8","tintindex":0}}},{"from":[6.307676,3.2731156,6.857143],"to":[8.59339,5.5588303,9.142858],"rotation":{"angle":0.0,"axis":"y","origin":[10.879105,-1.8697414,8.0]},"faces":{"east":{"uv":[0.6875,3.9375,0.9375,4.1875],"rotation":0,"texture":"#8","tintindex":0},"south":{"uv":[3.9375,2.0625,4.1875,2.3125],"rotation":0,"texture":"#8","tintindex":0},"north":{"uv":[3.9375,0.625,4.1875,0.875],"rotation":0,"texture":"#8","tintindex":0},"west":{"uv":[3.875,3.9375,4.125,4.1875],"rotation":0,"texture":"#8","tintindex":0},"up":{"uv":[4.25,1.1875,4.0,0.9375],"rotation":0,"texture":"#8","tintindex":0},"down":{"uv":[4.25,1.75,4.0,2.0],"rotation":0,"texture":"#8","tintindex":0}}},{"from":[5.826247,5.1131163,7.6114287],"to":[6.0319614,5.890259,8.388572],"rotation":{"angle":45.0,"axis":"x","origin":[5.9291043,5.501687,8.0]},"faces":{"east":{"uv":[7.9375,7.8125,8.0625,7.9375],"rotation":0,"texture":"#8","tintindex":0},"south":{"uv":[4.0625,9.0,4.125,9.125],"rotation":0,"texture":"#8","tintindex":0},"north":{"uv":[3.9375,9.0,4.0,9.125],"rotation":0,"texture":"#8","tintindex":0},"west":{"uv":[8.0,0.25,8.125,0.375],"rotation":0,"texture":"#8","tintindex":0},"up":{"uv":[9.0625,4.25,9.0,4.125],"rotation":0,"texture":"#8","tintindex":0},"down":{"uv":[4.25,9.0,4.1875,9.125],"rotation":0,"texture":"#8","tintindex":0}}},{"from":[6.032639,4.846259,7.4874287],"to":[6.4863534,5.2999735,8.512571],"rotation":{"angle":45.0,"axis":"z","origin":[6.259496,5.0731163,8.0]},"faces":{"east":{"uv":[9.0,2.0,9.125,2.0625],"rotation":0,"texture":"#8","tintindex":0},"south":{"uv":[3.625,9.4375,3.6875,9.5],"rotation":0,"texture":"#8","tintindex":0},"north":{"uv":[3.5,9.4375,3.5625,9.5],"rotation":0,"texture":"#8","tintindex":0},"west":{"uv":[9.0,3.4375,9.125,3.5],"rotation":0,"texture":"#8","tintindex":0},"up":{"uv":[9.0625,3.6875,9.0,3.5625],"rotation":0,"texture":"#8","tintindex":0},"down":{"uv":[9.0625,3.75,9.0,3.875],"rotation":0,"texture":"#8","tintindex":0}}},{"from":[5.936247,5.073116,7.4857144],"to":[6.39339,6.1016874,8.514286],"rotation":{"angle":0.0,"axis":"y","origin":[9.307676,-5.9483137,8.0]},"faces":{"east":{"uv":[7.9375,7.4375,8.0625,7.5625],"rotation":0,"texture":"#8","tintindex":0},"south":{"uv":[2.25,9.0,2.3125,9.125],"rotation":0,"texture":"#8","tintindex":0},"north":{"uv":[1.875,9.0,1.9375,9.125],"rotation":0,"texture":"#8","tintindex":0},"west":{"uv":[7.9375,7.625,8.0625,7.75],"rotation":0,"texture":"#8","tintindex":0},"up":{"uv":[9.0625,3.0625,9.0,2.9375],"rotation":0,"texture":"#8","tintindex":0},"down":{"uv":[9.0625,3.25,9.0,3.375],"rotation":0,"texture":"#8","tintindex":0}}},{"from":[6.032639,5.87483,7.4874287],"to":[6.4863534,6.328544,8.512571],"rotation":{"angle":45.0,"axis":"z","origin":[6.259496,6.101687,8.0]},"faces":{"east":{"uv":[9.0,1.375,9.125,1.4375],"rotation":0,"texture":"#8","tintindex":0},"south":{"uv":[9.4375,3.375,9.5,3.4375],"rotation":0,"texture":"#8","tintindex":0},"north":{"uv":[3.375,9.4375,3.4375,9.5],"rotation":0,"texture":"#8","tintindex":0},"west":{"uv":[9.0,1.5,9.125,1.5625],"rotation":0,"texture":"#8","tintindex":0},"up":{"uv":[9.0625,1.75,9.0,1.625],"rotation":0,"texture":"#8","tintindex":0},"down":{"uv":[9.0625,1.8125,9.0,1.9375],"rotation":0,"texture":"#8","tintindex":0}}},{"from":[6.3042474,5.555402,8.796572],"to":[6.882533,7.8479733,9.374857],"rotation":{"angle":-22.5,"axis":"y","origin":[6.59339,7.8445444,8.857143]},"faces":{"east":{"uv":[1.9375,7.875,2.0,8.125],"rotation":0,"texture":"#8","tintindex":0},"south":{"uv":[2.25,7.875,2.3125,8.125],"rotation":0,"texture":"#8","tintindex":0},"north":{"uv":[0.9375,7.875,1.0,8.125],"rotation":0,"texture":"#8","tintindex":0},"west":{"uv":[2.375,7.875,2.4375,8.125],"rotation":0,"texture":"#8","tintindex":0},"up":{"uv":[9.5,0.0625,9.4375,0.0],"rotation":0,"texture":"#8","tintindex":0},"down":{"uv":[0.1875,9.4375,0.125,9.5],"rotation":0,"texture":"#8","tintindex":0}}},{"from":[6.3042474,5.555402,6.753714],"to":[6.882533,7.8479733,7.332],"rotation":{"angle":22.5,"axis":"y","origin":[6.59339,7.8445444,7.2714286]},"faces":{"east":{"uv":[4.625,7.8125,4.6875,8.0625],"rotation":0,"texture":"#8","tintindex":0},"south":{"uv":[5.375,7.8125,5.4375,8.0625],"rotation":0,"texture":"#8","tintindex":0},"north":{"uv":[4.875,7.75,4.9375,8.0],"rotation":0,"texture":"#8","tintindex":0},"west":{"uv":[6.5625,7.8125,6.625,8.0625],"rotation":0,"texture":"#8","tintindex":0},"up":{"uv":[9.25,9.4375,9.1875,9.375],"rotation":0,"texture":"#8","tintindex":0},"down":{"uv":[9.375,9.375,9.3125,9.4375],"rotation":0,"texture":"#8","tintindex":0}}},{"from":[6.3219614,5.273116,6.9142857],"to":[7.350533,6.087402,9.085714],"rotation":{"angle":0.0,"axis":"y","origin":[9.69339,-5.748314,8.0]},"faces":{"east":{"uv":[0.1875,6.3125,0.4375,6.4375],"rotation":0,"texture":"#8","tintindex":0},"south":{"uv":[4.1875,7.8125,4.3125,7.9375],"rotation":0,"texture":"#8","tintindex":0},"north":{"uv":[7.8125,3.875,7.9375,3.9765625],"rotation":0,"texture":"#8","tintindex":0},"west":{"uv":[6.3125,0.375,6.5625,0.5],"rotation":0,"texture":"#8","tintindex":0},"up":{"uv":[4.75,6.5,4.625,6.25],"rotation":0,"texture":"#8","tintindex":0},"down":{"uv":[1.5,6.3125,1.375,6.5625],"rotation":0,"texture":"#8","tintindex":0}}},{"from":[7.5791044,5.273116,6.9142857],"to":[8.607676,6.087402,9.085714],"rotation":{"angle":0.0,"axis":"y","origin":[10.950533,-5.748314,8.0]},"faces":{"east":{"uv":[6.25,2.4375,6.5,2.5625],"rotation":0,"texture":"#8","tintindex":0},"south":{"uv":[7.8125,3.4375,7.9375,3.5625],"rotation":0,"texture":"#8","tintindex":0},"north":{"uv":[1.5625,7.8125,1.6875,7.9140625],"rotation":0,"texture":"#8","tintindex":0},"west":{"uv":[6.25,3.625,6.5,3.75],"rotation":0,"texture":"#8","tintindex":0},"up":{"uv":[3.8125,6.5,3.6875,6.25],"rotation":0,"texture":"#8","tintindex":0},"down":{"uv":[4.1875,6.25,4.0625,6.5],"rotation":0,"texture":"#8","tintindex":0}}},{"from":[6.2648187,6.915973,6.857143],"to":[7.4076757,7.830259,9.142858],"rotation":{"angle":0.0,"axis":"y","origin":[9.69339,-4.034028,8.0]},