{"elements":[{"from":[-3.4285717,-11.435097,-13.919989],"to":[20.0,11.422049,10.651441],"rotation":{"angle":0.0,"axis":"y","origin":[8.571428,-11.435097,-52.205704]},"faces":{"east":{"uv":[5.1875,2.59375,3.84375,3.84375],"rotation":0,"texture":"#1","tintindex":0},"south":{"uv":[0.0,5.09375,1.28125,6.34375],"rotation":0,"texture":"#1","tintindex":0},"north":{"uv":[4.78125,0.0,6.0625,1.25],"rotation":0,"texture":"#1","tintindex":0},"west":{"uv":[3.84375,2.59375,5.1875,3.84375],"rotation":0,"texture":"#1","tintindex":0},"up":{"uv":[3.84375,3.84375,2.5625,2.5],"rotation":0,"texture":"#1","tintindex":0},"down":{"uv":[4.78125,0.0,3.5,1.34375],"rotation":0,"texture":"#1","tintindex":0}}},{"from":[8.571428,-15.435097,-13.919989],"to":[8.571428,-11.435097,10.651441],"rotation":{"angle":0.0,"axis":"y","origin":[8.571428,-11.435097,-52.205704]},"faces":{"east":{"uv":[8.65625,1.53125,10.0,1.75],"rotation":0,"texture":"#1","tintindex":0},"south":{"uv":[0.0,0.0,0.0,0.21875],"rotation":0,"texture":"#1","tintindex":0},"north":{"uv":[0.0,0.0,0.0,0.21875],"rotation":0,"texture":"#1","tintindex":0},"west":{"uv":[8.65625,4.3125,10.0,4.53125],"rotation":0,"texture":"#1","tintindex":0},"up":{"uv":[0.0,1.34375,0.0,0.0],"rotation":0,"texture":"#1","tintindex":0},"down":{"uv":[0.0,0.0,0.0,1.34375],"rotation":0,"texture":"#1","tintindex":0}}},{"from":[-5.1428576,2.4718165,-16.0],"to":[21.142857,22.471817,-1.1428556],"rotation":{"angle":0.0,"axis":"y","origin":[8.0,13.471817,-1.1428556]},"faces":{"east":{"uv":[4.6875,7.28125,3.875,8.375],"rotation":0,"texture":"#1","tintindex":0},"south":{"uv":[5.1875,1.25,6.625,2.34375],"rotation":0,"texture":"#1","tintindex":0},"north":{"uv":[4.15625,5.09375,5.59375,6.1875],"rotation":0,"texture":"#1","tintindex":0},"west":{"uv":[3.875,7.28125,4.6875,8.375],"rotation":0,"texture":"#1","tintindex":0},"up":{"uv":[2.71875,7.0,1.28125,6.1875],"rotation":0,"texture":"#1","tintindex":0},"down":{"uv":[4.15625,6.1875,2.71875,7.0],"rotation":0,"texture":"#1","tintindex":0}}},{"from":[-8.0,2.4718165,-1.1428556],"to":[24.0,25.32896,12.57143],"rotation":{"angle":0.0,"axis":"y","origin":[10.857143,12.900389,-1.1428556]},"faces":{"east":{"uv":[3.125,7.0,3.875,8.25],"rotation":0,"texture":"#1","tintindex":0},"south":{"uv":[1.75,1.25,3.5,2.5],"rotation":0,"texture":"#1","tintindex":0},"north":{"uv":[1.75,0.0,3.5,1.25],"rotation":0,"texture":"#1","tintindex":0},"west":{"uv":[3.875,7.0,3.125,8.25],"rotation":0,"texture":"#1","tintindex":0},"up":{"uv":[7.34375,5.21875,5.59375,4.46875],"rotation":0,"texture":"#1","tintindex":0},"down":{"uv":[7.34375,5.21875,5.59375,5.96875],"rotation":0,"texture":"#1","tintindex":0}}}],"textures":{"1":"modelengine:entity/magma_wyrm_body_damage"},"display":{"head":{"translation":[0.0,-6.4,-11.748619],"scale":[4.0,4.0,4.0]}}}