{"elements":[{"from":[4.0,2.395434,-14.209209],"to":[12.0,7.5954337,-4.2092094],"rotation":{"angle":0.0,"axis":"y","origin":[8.0,-8.004568,-13.80921]},"faces":{"east":{"uv":[1.128125,8.878125,1.903125,9.278125],"rotation":0,"texture":"#0","tintindex":0},"south":{"uv":[3.190625,11.003125,3.809375,11.403125],"rotation":0,"texture":"#0","tintindex":0},"north":{"uv":[10.940625,7.065625,11.559375,7.465625],"rotation":0,"texture":"#0","tintindex":0},"west":{"uv":[10.659375,3.190625,11.434375,3.590625],"rotation":0,"texture":"#0","tintindex":0},"up":{"uv":[3.809375,10.996875,3.190625,10.221875],"rotation":0,"texture":"#0","tintindex":0},"down":{"uv":[4.434375,10.221875,3.815625,10.996875],"rotation":0,"texture":"#0","tintindex":0}}},{"from":[8.4,7.6354337,-14.209209],"to":[22.0,7.6354337,10.190791],"rotation":{"angle":0.0,"axis":"y","origin":[8.0,-8.004568,-13.80921]},"faces":{"east":{"uv":[0.003125,0.003125,1.903125,0.003125],"rotation":0,"texture":"#0","tintindex":0},"south":{"uv":[0.003125,0.003125,2.153125,0.003125],"rotation":0,"texture":"#0","tintindex":0},"north":{"uv":[0.003125,0.003125,2.153125,0.003125],"rotation":0,"texture":"#0","tintindex":0},"west":{"uv":[0.003125,0.003125,1.903125,0.003125],"rotation":0,"texture":"#0","tintindex":0},"up":{"uv":[1.065625,5.409375,0.003125,3.503125],"rotation":0,"texture":"#0","tintindex":0},"down":{"uv":[15.996875,0.003125,13.846875,1.903125],"rotation":0,"texture":"#0","tintindex":0}}},{"from":[-6.0,7.6354337,-14.209209],"to":[7.6,7.6354337,10.190791],"rotation":{"angle":0.0,"axis":"y","origin":[8.0,-8.004568,-13.80921]},"faces":{"east":{"uv":[1.903125,0.003125,0.003125,0.003125],"rotation":0,"texture":"#0","tintindex":0},"south":{"uv":[2.153125,0.003125,0.003125,0.003125],"rotation":0,"texture":"#0","tintindex":0},"north":{"uv":[2.153125,0.003125,0.003125,0.003125],"rotation":0,"texture":"#0","tintindex":0},"west":{"uv":[1.903125,0.003125,0.003125,0.003125],"rotation":0,"texture":"#0","tintindex":0},"up":{"uv":[0.003125,5.409375,1.065625,3.503125],"rotation":0,"texture":"#0","tintindex":0},"down":{"uv":[13.846875,0.003125,15.996875,1.903125],"rotation":0,"texture":"#0","tintindex":0}}},{"from":[-5.6000004,2.3754334,-14.209209],"to":[8.0,2.3754334,10.190791],"rotation":{"angle":0.0,"axis":"y","origin":[8.0,-8.004568,-13.80921]},"faces":{"east":{"uv":[1.065625,0.0,2.971875,0.0],"rotation":0,"texture":"#0","tintindex":0},"south":{"uv":[1.065625,0.0,2.128125,0.0],"rotation":0,"texture":"#0","tintindex":0},"north":{"uv":[1.065625,0.0,2.128125,0.0],"rotation":0,"texture":"#0","tintindex":0},"west":{"uv":[1.065625,0.0,2.971875,0.0],"rotation":0,"texture":"#0","tintindex":0},"up":{"uv":[15.996875,1.903125,13.846875,0.003125],"rotation":0,"texture":"#0","tintindex":0},"down":{"uv":[7.253125,0.0,6.190625,1.90625],"rotation":0,"texture":"#0","tintindex":0}}},{"from":[8.0,2.3754334,-14.209209],"to":[21.6,2.3754334,10.190791],"rotation":{"angle":0.0,"axis":"y","origin":[8.0,-8.004568,-13.80921]},"faces":{"east":{"uv":[2.971875,0.0,1.065625,0.0],"rotation":0,"texture":"#0","tintindex":0},"south":{"uv":[2.128125,0.0,1.065625,0.0],"rotation":0,"texture":"#0","tintindex":0},"north":{"uv":[2.128125,0.0,1.065625,0.0],"rotation":0,"texture":"#0","tintindex":0},"west":{"uv":[2.971875,0.0,1.065625,0.0],"rotation":0,"texture":"#0","tintindex":0},"up":{"uv":[13.846875,1.903125,15.996875,0.003125],"rotation":0,"texture":"#0","tintindex":0},"down":{"uv":[6.190625,0.0,7.253125,1.90625],"rotation":0,"texture":"#0","tintindex":0}}},{"from":[-5.692893,2.395434,-12.845247],"to":[8.707107,7.5954337,-2.8452473],"rotation":{"angle":45.0,"axis":"y","origin":[4.7071066,4.995434,-7.8452473]},"faces":{"east":{"uv":[5.065625,10.659375,5.840625,11.059375],"rotation":0,"texture":"#0","tintindex":0},"south":{"uv":[10.128125,10.221875,11.246875,10.621875],"rotation":0,"texture":"#0","tintindex":0},"north":{"uv":[5.128125,2.971875,6.246875,3.371875],"rotation":0,"texture":"#0","tintindex":0},"west":{"uv":[10.690625,5.878125,11.465625,6.278125],"rotation":0,"texture":"#0","tintindex":0},"up":{"uv":[9.840625,5.028125,8.721875,4.253125],"rotation":0,"texture":"#0","tintindex":0},"down":{"uv":[9.903125,0.003125,8.784375,0.778125],"rotation":0,"texture":"#0","tintindex":0}}},{"from":[0.8887296,2.395434,-6.955805],"to":[15.14073,7.5954337,3.0441961],"rotation":{"angle":0.0,"axis":"y","origin":[4.88873,-13.204567,-6.5558033]},"faces":{"east":{"uv":[6.815625,10.690625,7.590625,11.090625],"rotation":0,"texture":"#0","tintindex":0},"south":{"uv":[10.253125,9.784375,11.371875,10.184375],"rotation":0,"texture":"#0","tintindex":0},"north":{"uv":[5.065625,10.253125,6.184375,10.653125],"rotation":0,"texture":"#0","tintindex":0},"west":{"uv":[7.596875,10.690625,8.371875,11.090625],"rotation":0,"texture":"#0","tintindex":0},"up":{"uv":[9.903125,7.840625,8.784375,7.065625],"rotation":0,"texture":"#0","tintindex":0},"down":{"uv":[1.121875,8.878125,0.003125,9.653125],"rotation":0,"texture":"#0","tintindex":0}}},{"from":[0.7999997,6.109294,-4.2005024],"to":[15.200001,16.909294,8.999498],"rotation":{"angle":-22.5,"axis":"x","origin":[12.0,11.909294,-0.600502]},"faces":{"east":{"uv":[10.121875,0.784375,9.096875,1.621875],"rotation":0,"texture":"#0","tintindex":0},"south":{"uv":[6.315625,8.690625,7.434375,9.528125],"rotation":0,"texture":"#0","tintindex":0},"north":{"uv":[8.628125,2.346875,9.746875,3.184375],"rotation":0,"texture":"#0","tintindex":0},"west":{"uv":[9.096875,0.784375,10.121875,1.621875],"rotation":0,"texture":"#0","tintindex":0},"up":{"uv":[8.778125,7.403125,7.659375,6.378125],"rotation":0,"texture":"#0","tintindex":0},"down":{"uv":[7.653125,7.659375,6.534375,8.684375],"rotation":0,"texture":"#0","tintindex":0}}},{"from":[8.0,16.909294,-4.2005024],"to":[8.0,18.909294,8.999498],"rotation":{"angle":-22.5,"axis":"x","origin":[12.0,11.909294,-0.600502]},"faces":{"east":{"uv":[10.690625,3.596875,11.715625,3.746875],"rotation":0,"texture":"#0","tintindex":0},"south":{"uv":[0.003125,0.003125,0.003125,0.153125],"rotation":0,"texture":"#0","tintindex":0},"north":{"uv":[0.003125,0.003125,0.003125,0.153125],"rotation":0,"texture":"#0","tintindex":0},"west":{"uv":[10.659375,3.596875,11.684375,3.746875],"rotation":0,"texture":"#0","tintindex":0},"up":{"uv":[0.003125,1.028125,0.003125,0.003125],"rotation":0,"texture":"#0","tintindex":0},"down":{"uv":[0.003125,0.003125,0.003125,1.028125],"rotation":0,"texture":"#0","tintindex":0}}},{"from":[1.5999999,-1.6011047,6.9866533],"to":[14.8,15.998896,15.386654],"rotation":{"angle":0.0,"axis":"y","origin":[9.6,13.398895,10.586655]},"faces":{"east":{"uv":[4.128125,8.846875,4.778125,10.215625],"rotation":0,"texture":"#0","tintindex":0},"south":{"uv":[5.503125,6.471875,6.528125,7.840625],"rotation":0,"texture":"#0","tintindex":0},"north":{"uv":[6.471875,2.971875,7.496875,4.340625],"rotation":0,"texture":"#0","tintindex":0},"west":{"uv":[4.784375,8.846875,5.434375,10.215625],"rotation":0,"texture":"#0","tintindex":0},"up":{"uv":[1.028125,10.309375,0.003125,9.659375],"rotation":0,"texture":"#0","tintindex":0},"down":{"uv":[10.684375,6.003125,9.659375,6.653125],"rotation":0,"texture":"#0","tintindex":0}}},{"from":[4.0,6.109294,-9.800501],"to":[12.0,14.5092945,-4.2005024],"rotation":{"angle":-22.5,"axis":"x","origin":[12.0,11.909294,-0.600502]},"faces":{"east":{"uv":[11.184375,10.628125,10.753125,11.278125],"rotation":0,"texture":"#0","tintindex":0},"south":{"uv":[10.128125,10.628125,10.746875,11.278125],"rotation":0,"texture":"#0","tintindex":0},"north":{"uv":[10.534375,3.909375,11.153125,4.559375],"rotation":0,"texture":"#0","tintindex":0},"west":{"uv":[10.753125,10.628125,11.184375,11.278125],"rotation":0,"texture":"#0","tintindex":0},"up":{"uv":[2.340625,11.246875,1.721875,10.815625],"rotation":0,"texture":"#0","tintindex":0},"down":{"uv":[11.559375,0.003125,10.940625,0.434375],"rotation":0,"texture":"#0","tintindex":0}}},{"from":[0.7999997,-6.6907063,-4.2005024],"to":[15.200001,6.109294,8.999498],"rotation":{"angle":-22.5,"axis":"x",