{"elements":[{"from":[0.5714283,10.471817,-5.222867],"to":[14.857143,21.900389,9.634276],"rotation":{"angle":22.5,"axis":"x","origin":[8.571428,12.471817,-45.794296]},"faces":{"east":{"uv":[4.6875,7.71875,3.875,8.34375],"rotation":0,"texture":"#1","tintindex":0},"south":{"uv":[5.1875,1.25,5.96875,1.875],"rotation":0,"texture":"#1","tintindex":0},"north":{"uv":[4.15625,5.09375,4.9375,5.71875],"rotation":0,"texture":"#1","tintindex":0},"west":{"uv":[3.875,7.71875,4.6875,8.34375],"rotation":0,"texture":"#1","tintindex":0},"up":{"uv":[2.0625,7.0,1.28125,6.1875],"rotation":0,"texture":"#1","tintindex":0},"down":{"uv":[3.5,6.1875,2.71875,7.0],"rotation":0,"texture":"#1","tintindex":0}}},{"from":[2.2857141,-11.435097,-10.57143],"to":[13.142858,-0.0065231323,7.714286],"rotation":{"angle":0.0,"axis":"y","origin":[8.571428,-11.435097,-93.42857]},"faces":{"east":{"uv":[2.34375,4.4375,1.34375,5.0625],"rotation":0,"texture":"#1","tintindex":0},"south":{"uv":[3.96875,4.4375,4.5625,5.0625],"rotation":0,"texture":"#1","tintindex":0},"north":{"uv":[2.6875,4.4375,3.28125,5.0625],"rotation":0,"texture":"#1","tintindex":0},"west":{"uv":[1.34375,4.4375,2.34375,5.0625],"rotation":0,"texture":"#1","tintindex":0},"up":{"uv":[0.90625,3.84375,0.3125,2.84375],"rotation":0,"texture":"#1","tintindex":0},"down":{"uv":[2.1875,2.84375,1.59375,3.84375],"rotation":0,"texture":"#1","tintindex":0}}},{"from":[8.571428,-15.435097,-10.0],"to":[8.571428,-11.435097,14.571428],"rotation":{"angle":0.0,"axis":"y","origin":[8.571428,-11.435097,-48.285717]},"faces":{"east":{"uv":[8.65625,1.09375,10.0,1.3125],"rotation":0,"texture":"#1","tintindex":0},"south":{"uv":[0.0,0.0,0.0,0.21875],"rotation":0,"texture":"#1","tintindex":0},"north":{"uv":[0.0,0.0,0.0,0.21875],"rotation":0,"texture":"#1","tintindex":0},"west":{"uv":[8.65625,1.3125,10.0,1.53125],"rotation":0,"texture":"#1","tintindex":0},"up":{"uv":[0.0,1.34375,0.0,0.0],"rotation":0,"texture":"#1","tintindex":0},"down":{"uv":[0.0,0.0,0.0,1.34375],"rotation":0,"texture":"#1","tintindex":0}}}],"textures":{"1":"modelengine:entity/magma_wyrm_body_damage"},"display":{"head":{"translation":[0.0,-6.4,0.0],"scale":[4.0,4.0,4.0]}}}