{"elements":[{"from":[5.142857,8.0,4.0],"to":[10.285714,11.428572,9.142858],"rotation":{"angle":0.0,"axis":"y","origin":[8.0,-1.7142859,4.5714283]},"faces":{"east":{"uv":[5.875,1.625,7.0,2.375],"rotation":0,"texture":"#0","tintindex":0},"south":{"uv":[5.875,2.375,7.0,3.125],"rotation":0,"texture":"#0","tintindex":0},"north":{"uv":[0.875,5.625,2.0,6.375],"rotation":0,"texture":"#0","tintindex":0},"west":{"uv":[3.0,5.875,4.125,6.625],"rotation":0,"texture":"#0","tintindex":0},"up":{"uv":[4.0,1.125,2.875,0.0],"rotation":0,"texture":"#0","tintindex":0},"down":{"uv":[4.0,1.125,2.875,2.25],"rotation":0,"texture":"#0","tintindex":0}}},{"from":[5.714286,9.142858,5.142857],"to":[9.714286,12.571428,10.285714],"rotation":{"angle":-22.5,"axis":"x","origin":[7.714286,10.285714,7.714286]},"faces":{"east":{"uv":[6.0,4.875,7.125,5.625],"rotation":0,"texture":"#0","tintindex":0},"south":{"uv":[6.625,6.375,7.5,7.125],"rotation":0,"texture":"#0","tintindex":0},"north":{"uv":[3.125,6.625,4.0,7.375],"rotation":0,"texture":"#0","tintindex":0},"west":{"uv":[6.0,5.625,7.125,6.375],"rotation":0,"texture":"#0","tintindex":0},"up":{"uv":[5.125,6.125,4.25,5.0],"rotation":0,"texture":"#0","tintindex":0},"down":{"uv":[6.0,5.0,5.125,6.125],"rotation":0,"texture":"#0","tintindex":0}}},{"from":[6.857143,10.895256,9.365712],"to":[8.571428,12.609543,11.079998],"rotation":{"angle":0.0,"axis":"y","origin":[7.714286,11.752399,10.508569]},"faces":{"east":{"uv":[9.25,4.125,9.625,4.5],"rotation":0,"texture":"#0","tintindex":0},"south":{"uv":[4.875,9.25,5.25,9.625],"rotation":0,"texture":"#0","tintindex":0},"north":{"uv":[9.25,3.75,9.625,4.125],"rotation":0,"texture":"#0","tintindex":0},"west":{"uv":[9.25,5.5,9.625,5.875],"rotation":0,"texture":"#0","tintindex":0},"up":{"uv":[8.5,9.625,8.125,9.25],"rotation":0,"texture":"#0","tintindex":0},"down":{"uv":[9.625,8.125,9.25,8.5],"rotation":0,"texture":"#0","tintindex":0}}},{"from":[7.714286,9.752399,10.508569],"to":[7.714286,14.323828,15.079998],"rotation":{"angle":22.5,"axis":"x","origin":[7.714286,11.752399,10.508569]},"faces":{"east":{"uv":[3.5,4.0,4.5,5.0],"rotation":0,"texture":"#0","tintindex":0},"south":{"uv":[0.0,0.0,0.0,1.0],"rotation":0,"texture":"#0","tintindex":0},"north":{"uv":[0.0,0.0,0.0,1.0],"rotation":0,"texture":"#0","tintindex":0},"west":{"uv":[0.0,4.5,1.0,5.5],"rotation":0,"texture":"#0","tintindex":0},"up":{"uv":[0.0,1.0,0.0,0.0],"rotation":0,"texture":"#0","tintindex":0},"down":{"uv":[0.0,0.0,0.0,1.0],"rotation":0,"texture":"#0","tintindex":0}}},{"from":[5.428571,10.421466,10.410124],"to":[10.0,10.421466,14.981552],"rotation":{"angle":45.0,"axis":"x","origin":[9.142858,10.992894,12.695837]},"faces":{"east":{"uv":[0.0,0.0,1.0,0.0],"rotation":0,"texture":"#0","tintindex":0},"south":{"uv":[0.0,0.0,1.0,0.0],"rotation":0,"texture":"#0","tintindex":0},"north":{"uv":[0.0,0.0,1.0,0.0],"rotation":0,"texture":"#0","tintindex":0},"west":{"uv":[0.0,0.0,1.0,0.0],"rotation":0,"texture":"#0","tintindex":0},"up":{"uv":[3.125,5.5,2.125,4.5],"rotation":0,"texture":"#0","tintindex":0},"down":{"uv":[5.5,4.0,4.5,5.0],"rotation":0,"texture":"#0","tintindex":0}}},{"from":[6.857143,7.428571,2.8571424],"to":[8.571428,10.285714,4.0],"rotation":{"angle":0.0,"axis":"y","origin":[8.0,-1.7142859,4.5714283]},"faces":{"east":{"uv":[5.375,9.0,5.625,9.625],"rotation":0,"texture":"#0","tintindex":0},"south":{"uv":[3.625,8.875,4.0,9.5],"rotation":0,"texture":"#0","tintindex":0},"north":{"uv":[3.625,8.25,4.0,8.875],"rotation":0,"texture":"#0","tintindex":0},"west":{"uv":[8.75,9.125,9.0,9.75],"rotation":0,"texture":"#0","tintindex":0},"up":{"uv":[7.875,7.125,7.5,6.875],"rotation":0,"texture":"#0","tintindex":0},"down":{"uv":[9.625,8.875,9.25,9.125],"rotation":0,"texture":"#0","tintindex":0}}}],"textures":{"0":"modelengine:entity/gp2_goblin_shaman"},"display":{"head":{"translation":[0.0,-6.4,0.0],"scale":[4.0,4.0,4.0]}}}