{"elements":[{"from":[8.002198,7.1008782,-8.401548],"to":[9.145055,8.243735,5.8841667],"rotation":{"angle":0.0,"axis":"y","origin":[-9.140661,7.6723065,17.884167]},"faces":{"east":{"uv":[5.875,9.5,6.125,6.375],"rotation":270,"texture":"#0","tintindex":0},"south":{"uv":[4.625,9.375,4.875,9.625],"rotation":180,"texture":"#0","tintindex":0},"north":{"uv":[3.375,9.625,3.625,9.375],"rotation":0,"texture":"#0","tintindex":0},"west":{"uv":[6.375,9.5,6.625,6.375],"rotation":90,"texture":"#0","tintindex":0},"up":{"uv":[5.625,9.25,5.875,6.125],"rotation":180,"texture":"#0","tintindex":0},"down":{"uv":[6.125,9.5,6.375,6.375],"rotation":0,"texture":"#0","tintindex":0}}},{"from":[9.05806,6.9492397,-9.544405],"to":[11.343775,6.9492397,-6.6872616],"rotation":{"angle":-22.5,"axis":"z","origin":[10.200917,6.9492397,-8.115833]},"faces":{"east":{"uv":[0.0,0.625,0.0,0.0],"rotation":270,"texture":"#0","tintindex":0},"south":{"uv":[0.0,0.0,0.5,0.0],"rotation":180,"texture":"#0","tintindex":0},"north":{"uv":[0.0,0.0,0.5,0.0],"rotation":0,"texture":"#0","tintindex":0},"west":{"uv":[0.0,0.625,0.0,0.0],"rotation":90,"texture":"#0","tintindex":0},"up":{"uv":[8.125,4.375,8.625,3.75],"rotation":180,"texture":"#0","tintindex":0},"down":{"uv":[8.625,4.375,8.125,3.75],"rotation":0,"texture":"#0","tintindex":0}}},{"from":[7.430769,7.3865924,3.5984526],"to":[8.5736265,8.529449,17.884167],"rotation":{"angle":0.0,"axis":"y","origin":[-9.140661,7.3865924,17.884167]},"faces":{"east":{"uv":[0.25,9.625,0.5,6.5],"rotation":270,"texture":"#0","tintindex":0},"south":{"uv":[7.625,9.375,7.875,9.625],"rotation":180,"texture":"#0","tintindex":0},"north":{"uv":[9.375,7.625,9.625,7.375],"rotation":0,"texture":"#0","tintindex":0},"west":{"uv":[2.0,9.625,2.25,6.5],"rotation":90,"texture":"#0","tintindex":0},"up":{"uv":[0.0,9.625,0.25,6.5],"rotation":180,"texture":"#0","tintindex":0},"down":{"uv":[0.5,9.625,0.75,6.5],"rotation":0,"texture":"#0","tintindex":0}}},{"from":[7.287912,6.5294495,0.59845257],"to":[10.145055,9.386593,2.3127384],"rotation":{"angle":45.0,"axis":"y","origin":[8.5736265,7.6723065,1.5984526]},"faces":{"east":{"uv":[0.75,9.375,1.375,9.0],"rotation":270,"texture":"#0","tintindex":0},"south":{"uv":[7.875,6.875,8.5,7.5],"rotation":180,"texture":"#0","tintindex":0},"north":{"uv":[7.875,3.25,8.5,2.625],"rotation":0,"texture":"#0","tintindex":0},"west":{"uv":[1.375,9.375,2.0,9.0],"rotation":90,"texture":"#0","tintindex":0},"up":{"uv":[8.125,9.25,8.75,8.875],"rotation":180,"texture":"#0","tintindex":0},"down":{"uv":[9.0,1.375,9.625,1.0],"rotation":0,"texture":"#0","tintindex":0}}},{"from":[3.1498356,7.958021,-4.1152306],"to":[4.292693,9.100878,1.5990553],"rotation":{"angle":22.5,"axis":"y","origin":[4.292693,8.529449,-0.4009447]},"faces":{"east":{"uv":[3.375,9.375,3.625,8.125],"rotation":270,"texture":"#0","tintindex":0},"south":{"uv":[6.875,9.375,7.125,9.625],"rotation":180,"texture":"#0","tintindex":0},"north":{"uv":[6.625,9.625,6.875,9.375],"rotation":0,"texture":"#0","tintindex":0},"west":{"uv":[4.625,9.375,4.875,8.125],"rotation":90,"texture":"#0","tintindex":0},"up":{"uv":[1.125,4.75,1.375,3.5],"rotation":180,"texture":"#0","tintindex":0},"down":{"uv":[4.375,9.375,4.625,8.125],"rotation":0,"texture":"#0","tintindex":0}}},{"from":[0.86412144,8.529449,-4.1152306],"to":[3.1498356,8.529449,-0.68665886],"rotation":{"angle":22.5,"axis":"y","origin":[4.292693,8.529449,-0.4009447]},"faces":{"east":{"uv":[0.0,0.75,0.0,0.0],"rotation":270,"texture":"#0","tintindex":0},"south":{"uv":[0.0,0.0,0.5,0.0],"rotation":180,"texture":"#0","tintindex":0},"north":{"uv":[0.0,0.0,0.5,0.0],"rotation":0,"texture":"#0","tintindex":0},"west":{"uv":[0.0,0.75,0.0,0.0],"rotation":90,"texture":"#0","tintindex":0},"up":{"uv":[5.0,4.0,5.5,3.25],"rotation":180,"texture":"#0","tintindex":0},"down":{"uv":[5.5,4.0,5.0,3.25],"rotation":0,"texture":"#0","tintindex":0}}},{"from":[3.1498356,8.100878,-4.1152306],"to":[10.006979,8.100878,1.5990553],"rotation":{"angle":22.5,"axis":"y","origin":[4.292693,8.529449,-0.4009447]},"faces":{"east":{"uv":[0.0,1.25,0.0,0.0],"rotation":270,"texture":"#0","tintindex":0},"south":{"uv":[0.0,0.0,1.5,0.0],"rotation":180,"texture":"#0","tintindex":0},"north":{"uv":[0.0,0.0,1.5,0.0],"rotation":0,"texture":"#0","tintindex":0},"west":{"uv":[0.0,1.25,0.0,0.0],"rotation":90,"texture":"#0","tintindex":0},"up":{"uv":[0.0,1.25,1.5,0.0],"rotation":180,"texture":"#0","tintindex":0},"down":{"uv":[1.5,1.25,0.0,0.0],"rotation":0,"texture":"#0","tintindex":0}}},{"from":[4.0021977,8.815164,1.8841672],"to":[10.859341,8.815164,7.5984526],"rotation":{"angle":0.0,"axis":"y","origin":[5.145055,9.386593,5.5984526]},"faces":{"east":{"uv":[10.0625,1.25,10.0625,0.0],"rotation":270,"texture":"#0","tintindex":0},"south":{"uv":[10.0625,0.0,11.5625,0.0],"rotation":180,"texture":"#0","tintindex":0},"north":{"uv":[10.0625,0.0,11.5625,0.0],"rotation":0,"texture":"#0","tintindex":0},"west":{"uv":[10.0625,1.25,10.0625,0.0],"rotation":90,"texture":"#0","tintindex":0},"up":{"uv":[10.0625,1.25,11.5625,0.0],"rotation":180,"texture":"#0","tintindex":0},"down":{"uv":[11.5625,1.25,10.0625,0.0],"rotation":0,"texture":"#0","tintindex":0}}},{"from":[4.0021977,7.958021,0.74130964],"to":[13.145056,9.100878,1.8841672],"rotation":{"angle":0.0,"axis":"y","origin":[5.145055,8.529449,-0.11583328]},"faces":{"east":{"uv":[7.125,9.625,7.375,9.375],"rotation":270,"texture":"#0","tintindex":0},"south":{"uv":[7.375,0.25,9.375,0.5],"rotation":180,"texture":"#0","tintindex":0},"north":{"uv":[7.375,0.25,9.375,0.0],"rotation":0,"texture":"#0","tintindex":0},"west":{"uv":[7.375,9.625,7.625,9.375],"rotation":90,"texture":"#0","tintindex":0},"up":{"uv":[7.125,6.375,9.125,6.125],"rotation":180,"texture":"#0","tintindex":0},"down":{"uv":[7.25,3.75,9.25,3.5],"rotation":0,"texture":"#0","tintindex":0}}},{"from":[11.430769,7.6723065,0.4555955],"to":[12.5736265,9.386593,2.1698813],"rotation":{"angle":0.0,"axis":"y","origin":[5.145055,8.529449,-0.11583328]},"faces":{"east":{"uv":[3.125,4.875,3.5,4.5],"rotation":270,"texture":"#0","tintindex":0},"south":{"uv":[9.375,0.0,9.625,0.375],"rotation":180,"texture":"#0","tintindex":0},"north":{"uv":[8.5,9.625,8.75,9.25],"rotation":0,"texture":"#0","tintindex":0},"west":{"uv":[9.0,9.5,9.375,9.125],"rotation":90,"texture":"#0","tintindex":0},"up":{"uv":[7.0,3.0,7.25,2.625],"rotation":180,"texture":"#0","tintindex":0},"down":{"uv":[5.625,9.625,5.875,9.25],"rotation":0,"texture":"#0","tintindex":0}}}],"textures":{"0":"modelengine:entity/gp2_goblin_shaman"},"display":{"head":{"translation":[0.0,-6.4,0.0],"scale":[4.0,4.0,4.0]}}}