{"elements":[{"from":[5.1285715,2.4714284,7.7],"to":[10.271429,8.185715,8.142858],"rotation":{"angle":0.0,"axis":"y","origin":[4.5571427,8.185715,8.142858]},"faces":{"east":{"uv":[4.504,4.996,4.996,0.004],"rotation":180,"texture":"#3","tintindex":0},"south":{"uv":[0.504,0.004,4.996,4.996],"rotation":0,"texture":"#3","tintindex":0},"north":{"uv":[0.504,4.996,4.996,0.004],"rotation":180,"texture":"#3","tintindex":0},"west":{"uv":[0.504,4.996,0.996,0.004],"rotation":180,"texture":"#3","tintindex":0},"up":{"uv":[4.996,0.496,0.504,0.004],"rotation":180,"texture":"#3","tintindex":0},"down":{"uv":[0.504,4.996,4.996,4.504],"rotation":0,"texture":"#3","tintindex":0}}},{"from":[4.5571427,3.0428567,7.7],"to":[5.1285715,7.6142855,8.142858],"rotation":{"angle":0.0,"axis":"y","origin":[4.5571427,8.185715,8.142858]},"faces":{"east":{"uv":[0.004,4.496,0.496,0.504],"rotation":180,"texture":"#3","tintindex":0},"south":{"uv":[0.004,0.504,0.496,4.496],"rotation":0,"texture":"#3","tintindex":0},"north":{"uv":[0.004,4.496,0.496,0.504],"rotation":180,"texture":"#3","tintindex":0},"west":{"uv":[0.004,4.496,0.496,0.504],"rotation":180,"texture":"#3","tintindex":0},"up":{"uv":[0.496,0.996,0.004,0.504],"rotation":180,"texture":"#3","tintindex":0},"down":{"uv":[0.004,4.496,0.496,4.004],"rotation":0,"texture":"#3","tintindex":0}}},{"from":[10.271429,2.4714284,7.7],"to":[10.842857,7.6142855,8.142858],"rotation":{"angle":0.0,"axis":"y","origin":[4.5571427,8.185715,8.142858]},"faces":{"east":{"uv":[5.004,4.996,5.496,0.504],"rotation":180,"texture":"#3","tintindex":0},"south":{"uv":[5.004,0.504,5.496,4.996],"rotation":0,"texture":"#3","tintindex":0},"north":{"uv":[5.004,4.996,5.496,0.504],"rotation":180,"texture":"#3","tintindex":0},"west":{"uv":[5.004,4.996,5.496,0.504],"rotation":180,"texture":"#3","tintindex":0},"up":{"uv":[5.496,0.996,5.004,0.504],"rotation":180,"texture":"#3","tintindex":0},"down":{"uv":[5.004,4.996,5.496,4.504],"rotation":0,"texture":"#3","tintindex":0}}},{"from":[5.7,1.3285708,7.7],"to":[10.271429,2.4714284,8.142858],"rotation":{"angle":0.0,"axis":"y","origin":[4.5571427,8.185715,8.142858]},"faces":{"east":{"uv":[4.504,5.996,4.996,5.004],"rotation":180,"texture":"#3","tintindex":0},"south":{"uv":[1.004,5.004,4.996,5.996],"rotation":0,"texture":"#3","tintindex":0},"north":{"uv":[1.004,5.996,4.996,5.004],"rotation":180,"texture":"#3","tintindex":0},"west":{"uv":[1.004,5.996,1.496,5.004],"rotation":180,"texture":"#3","tintindex":0},"up":{"uv":[4.996,5.496,1.004,5.004],"rotation":180,"texture":"#3","tintindex":0},"down":{"uv":[1.004,5.996,4.996,5.504],"rotation":0,"texture":"#3","tintindex":0}}},{"from":[6.2714286,0.18571377,7.7],"to":[7.4142857,1.3285708,8.142858],"rotation":{"angle":0.0,"axis":"y","origin":[4.5571427,8.185715,8.142858]},"faces":{"east":{"uv":[2.004,6.996,2.496,6.004],"rotation":180,"texture":"#3","tintindex":0},"south":{"uv":[1.504,6.004,2.496,6.996],"rotation":0,"texture":"#3","tintindex":0},"north":{"uv":[1.504,6.996,2.496,6.004],"rotation":180,"texture":"#3","tintindex":0},"west":{"uv":[1.504,6.996,1.996,6.004],"rotation":180,"texture":"#3","tintindex":0},"up":{"uv":[2.496,6.496,1.504,6.004],"rotation":180,"texture":"#3","tintindex":0},"down":{"uv":[1.504,6.996,2.496,6.504],"rotation":0,"texture":"#3","tintindex":0}}},{"from":[7.4142857,0.75714254,7.7],"to":[7.9857144,1.3285708,8.142858],"rotation":{"angle":0.0,"axis":"y","origin":[4.5571427,8.185715,8.142858]},"faces":{"east":{"uv":[14.129,2.254,14.246,2.371],"rotation":0,"texture":"#4","tintindex":0},"south":{"uv":[14.129,2.504,14.246,2.621],"rotation":0,"texture":"#4","tintindex":0},"north":{"uv":[14.129,2.004,14.246,2.121],"rotation":0,"texture":"#4","tintindex":0},"west":{"uv":[2.754,14.129,2.871,14.246],"rotation":0,"texture":"#4","tintindex":0},"up":{"uv":[14.246,2.871,14.129,2.754],"rotation":0,"texture":"#4","tintindex":0},"down":{"uv":[3.121,14.129,3.004,14.246],"rotation":0,"texture":"#4","tintindex":0}}},{"from":[8.557143,0.18571377,7.7],"to":[9.7,1.3285708,8.142858],"rotation":{"angle":0.0,"axis":"y","origin":[4.5571427,8.185715,8.142858]},"faces":{"east":{"uv":[4.004,6.996,4.496,6.004],"rotation":180,"texture":"#3","tintindex":0},"south":{"uv":[3.504,6.004,4.496,6.996],"rotation":0,"texture":"#3","tintindex":0},"north":{"uv":[3.504,6.996,4.496,6.004],"rotation":180,"texture":"#3","tintindex":0},"west":{"uv":[3.504,6.996,3.996,6.004],"rotation":180,"texture":"#3","tintindex":0},"up":{"uv":[4.496,6.496,3.504,6.004],"rotation":180,"texture":"#3","tintindex":0},"down":{"uv":[3.504,6.996,4.496,6.504],"rotation":0,"texture":"#3","tintindex":0}}},{"from":[9.7,0.75714254,7.7],"to":[10.271429,1.3285708,8.142858],"rotation":{"angle":0.0,"axis":"y","origin":[4.5571427,8.185715,8.142858]},"faces":{"east":{"uv":[4.504,6.496,4.996,6.004],"rotation":180,"texture":"#3","tintindex":0},"south":{"uv":[4.504,6.004,4.996,6.496],"rotation":0,"texture":"#3","tintindex":0},"north":{"uv":[4.504,6.496,4.996,6.004],"rotation":180,"texture":"#3","tintindex":0},"west":{"uv":[4.504,6.496,4.996,6.004],"rotation":180,"texture":"#3","tintindex":0},"up":{"uv":[4.996,6.496,4.504,6.004],"rotation":180,"texture":"#3","tintindex":0},"down":{"uv":[4.504,6.496,4.996,6.004],"rotation":0,"texture":"#3","tintindex":0}}},{"from":[6.2714286,-0.38571453,7.7],"to":[6.842857,0.18571377,8.142858],"rotation":{"angle":0.0,"axis":"y","origin":[4.5571427,8.185715,8.142858]},"faces":{"east":{"uv":[1.504,7.496,1.996,7.004],"rotation":180,"texture":"#3","tintindex":0},"south":{"uv":[1.504,7.004,1.996,7.496],"rotation":0,"texture":"#3","tintindex":0},"north":{"uv":[1.504,7.496,1.996,7.004],"rotation":180,"texture":"#3","tintindex":0},"west":{"uv":[1.504,7.496,1.996,7.004],"rotation":180,"texture":"#3","tintindex":0},"up":{"uv":[1.996,7.496,1.504,7.004],"rotation":180,"texture":"#3","tintindex":0},"down":{"uv":[1.504,7.496,1.996,7.004],"rotation":0,"texture":"#3","tintindex":0}}},{"from":[8.557143,-0.38571453,7.7],"to":[9.1285715,0.18571377,8.142858],"rotation":{"angle":0.0,"axis":"y","origin":[4.5571427,8.185715,8.142858]},"faces":{"east":{"uv":[3.504,7.496,3.996,7.004],"rotation":180,"texture":"#3","tintindex":0},"south":{"uv":[3.504,7.004,3.996,7.496],"rotation":0,"texture":"#3","tintindex":0},"north":{"uv":[3.504,7.496,3.996,7.004],"rotation":180,"texture":"#3","tintindex":0},"west":{"uv":[3.504,7.496,3.996,7.004],"rotation":180,"texture":"#3","tintindex":0},"up":{"uv":[3.996,7.496,3.504,7.004],"rotation":180,"texture":"#3","tintindex":0},"down":{"uv":[3.504,7.496,3.996,7.004],"rotation":0,"texture":"#3","tintindex":0}}}],"textures":{"3":"modelengine:entity/em_heraldcape","4":"modelengine:entity/fallenheraldxd"},"display":{"head":{"translation":[0.0,-6.4,0.0],"scale":[4.0,4.0,4.0]}}}