{"elements":[{"from":[-2.285715,-11.435097,-16.0],"to":[18.285715,11.422049,8.571429],"rotation":{"angle":0.0,"axis":"y","origin":[8.571428,-11.435097,-54.285717]},"faces":{"east":{"uv":[2.6875,3.84375,1.34375,5.09375],"rotation":0,"texture":"#0","tintindex":0},"south":{"uv":[3.96875,3.84375,5.09375,5.09375],"rotation":0,"texture":"#0","tintindex":0},"north":{"uv":[2.6875,3.84375,3.8125,5.09375],"rotation":0,"texture":"#0","tintindex":0},"west":{"uv":[1.34375,3.84375,2.6875,5.09375],"rotation":0,"texture":"#0","tintindex":0},"up":{"uv":[1.125,3.84375,0.0,2.5],"rotation":0,"texture":"#0","tintindex":0},"down":{"uv":[2.40625,2.5,1.28125,3.84375],"rotation":0,"texture":"#0","tintindex":0}}},{"from":[-4.5714293,-0.3853264,-14.65144],"to":[21.714287,19.614674,0.20570469],"rotation":{"angle":22.5,"axis":"x","origin":[8.571428,12.471817,-6.6514378]},"faces":{"east":{"uv":[4.6875,7.28125,3.875,8.375],"rotation":0,"texture":"#0","tintindex":0},"south":{"uv":[5.1875,1.25,6.625,2.34375],"rotation":0,"texture":"#0","tintindex":0},"north":{"uv":[4.15625,5.09375,5.59375,6.1875],"rotation":0,"texture":"#0","tintindex":0},"west":{"uv":[3.875,7.28125,4.6875,8.375],"rotation":0,"texture":"#0","tintindex":0},"up":{"uv":[2.71875,7.0,1.28125,6.1875],"rotation":0,"texture":"#0","tintindex":0},"down":{"uv":[4.15625,6.1875,2.71875,7.0],"rotation":0,"texture":"#0","tintindex":0}}},{"from":[-7.4285717,-2.0996122,-2.6514378],"to":[24.57143,20.757532,11.062848],"rotation":{"angle":22.5,"axis":"x","origin":[8.571428,13.900389,1.3485618]},"faces":{"east":{"uv":[3.125,7.0,3.875,8.25],"rotation":0,"texture":"#0","tintindex":0},"south":{"uv":[1.75,1.25,3.5,2.5],"rotation":0,"texture":"#0","tintindex":0},"north":{"uv":[1.75,0.0,3.5,1.25],"rotation":0,"texture":"#0","tintindex":0},"west":{"uv":[3.875,7.0,3.125,8.25],"rotation":0,"texture":"#0","tintindex":0},"up":{"uv":[7.34375,5.21875,5.59375,4.46875],"rotation":0,"texture":"#0","tintindex":0},"down":{"uv":[7.34375,5.21875,5.59375,5.96875],"rotation":0,"texture":"#0","tintindex":0}}},{"from":[8.571428,-15.435097,-16.0],"to":[8.571428,-11.435097,8.571429],"rotation":{"angle":0.0,"axis":"y","origin":[8.571428,-11.435097,-54.285717]},"faces":{"east":{"uv":[7.96875,0.65625,9.3125,0.875],"rotation":0,"texture":"#0","tintindex":0},"south":{"uv":[0.0,0.0,0.0,0.21875],"rotation":0,"texture":"#0","tintindex":0},"north":{"uv":[0.0,0.0,0.0,0.21875],"rotation":0,"texture":"#0","tintindex":0},"west":{"uv":[7.96875,0.875,9.3125,1.09375],"rotation":0,"texture":"#0","tintindex":0},"up":{"uv":[0.0,1.34375,0.0,0.0],"rotation":0,"texture":"#0","tintindex":0},"down":{"uv":[0.0,0.0,0.0,1.34375],"rotation":0,"texture":"#0","tintindex":0}}}],"textures":{"0":"modelengine:entity/magma_wyrm_body"},"display":{"head":{"translation":[0.0,-6.4,-3.4285736],"scale":[4.0,4.0,4.0]}}}