{"elements":[{"from":[-0.57142925,-11.435097,-11.714287],"to":[16.57143,8.564905,8.285714],"rotation":{"angle":0.0,"axis":"y","origin":[8.571428,-11.435097,-74.571434]},"faces":{"east":{"uv":[2.4375,3.84375,1.34375,4.9375],"rotation":0,"texture":"#0","tintindex":0},"south":{"uv":[3.96875,3.84375,4.90625,4.9375],"rotation":0,"texture":"#0","tintindex":0},"north":{"uv":[2.6875,3.84375,3.625,4.9375],"rotation":0,"texture":"#0","tintindex":0},"west":{"uv":[1.34375,3.84375,2.4375,4.9375],"rotation":0,"texture":"#0","tintindex":0},"up":{"uv":[0.9375,3.59375,0.0,2.5],"rotation":0,"texture":"#0","tintindex":0},"down":{"uv":[2.40625,2.5,1.46875,3.59375],"rotation":0,"texture":"#0","tintindex":0}}},{"from":[-2.8571434,3.614674,-10.365726],"to":[18.857143,20.757532,4.491419],"rotation":{"angle":22.5,"axis":"x","origin":[8.571428,12.471817,-26.937157]},"faces":{"east":{"uv":[4.6875,7.28125,3.875,8.21875],"rotation":0,"texture":"#0","tintindex":0},"south":{"uv":[5.1875,1.25,6.375,2.1875],"rotation":0,"texture":"#0","tintindex":0},"north":{"uv":[4.15625,5.09375,5.34375,6.03125],"rotation":0,"texture":"#0","tintindex":0},"west":{"uv":[3.875,7.28125,4.6875,8.21875],"rotation":0,"texture":"#0","tintindex":0},"up":{"uv":[2.46875,7.0,1.28125,6.1875],"rotation":0,"texture":"#0","tintindex":0},"down":{"uv":[3.90625,6.1875,2.71875,7.0],"rotation":0,"texture":"#0","tintindex":0}}},{"from":[-4.000001,1.9003882,1.6342754],"to":[20.0,21.900389,15.348562],"rotation":{"angle":22.5,"axis":"x","origin":[8.571428,13.900389,-18.937155]},"faces":{"east":{"uv":[3.125,7.125,3.875,8.21875],"rotation":0,"texture":"#0","tintindex":0},"south":{"uv":[1.75,1.25,3.0625,2.34375],"rotation":0,"texture":"#0","tintindex":0},"north":{"uv":[1.75,0.0,3.0625,1.09375],"rotation":0,"texture":"#0","tintindex":0},"west":{"uv":[3.875,7.125,3.125,8.21875],"rotation":0,"texture":"#0","tintindex":0},"up":{"uv":[6.90625,5.21875,5.59375,4.46875],"rotation":0,"texture":"#0","tintindex":0},"down":{"uv":[6.90625,5.21875,5.59375,5.96875],"rotation":0,"texture":"#0","tintindex":0}}},{"from":[8.571428,-15.435097,-11.714287],"to":[8.571428,-11.435097,12.857143],"rotation":{"angle":0.0,"axis":"y","origin":[8.571428,-11.435097,-50.000004]},"faces":{"east":{"uv":[8.59375,7.40625,9.9375,7.625],"rotation":0,"texture":"#0","tintindex":0},"south":{"uv":[0.0,0.0,0.0,0.21875],"rotation":0,"texture":"#0","tintindex":0},"north":{"uv":[0.0,0.0,0.0,0.21875],"rotation":0,"texture":"#0","tintindex":0},"west":{"uv":[8.59375,8.5,9.9375,8.71875],"rotation":0,"texture":"#0","tintindex":0},"up":{"uv":[0.0,1.34375,0.0,0.0],"rotation":0,"texture":"#0","tintindex":0},"down":{"uv":[0.0,0.0,0.0,1.34375],"rotation":0,"texture":"#0","tintindex":0}}}],"textures":{"0":"modelengine:entity/magma_wyrm_body"},"display":{"head":{"translation":[0.0,-6.4,0.0],"scale":[4.0,4.0,4.0]}}}