{"elements":[{"from":[-4.876955,5.2,-10.51181],"to":[-0.876956,16.0,-7.71181],"rotation":{"angle":45.0,"axis":"y","origin":[-0.076955795,3.4,-9.111811]},"faces":{"east":{"uv":[6.315625,7.846875,6.528125,8.684375],"rotation":0,"texture":"#2","tintindex":0},"south":{"uv":[0.909375,10.940625,1.215625,11.778125],"rotation":0,"texture":"#2","tintindex":0},"north":{"uv":[8.034375,1.878125,8.340625,2.715625],"rotation":0,"texture":"#2","tintindex":0},"west":{"uv":[8.971875,11.003125,9.184375,11.840625],"rotation":0,"texture":"#2","tintindex":0},"up":{"uv":[11.465625,3.965625,11.159375,3.753125],"rotation":0,"texture":"#2","tintindex":0},"down":{"uv":[11.465625,3.971875,11.159375,4.184375],"rotation":0,"texture":"#2","tintindex":0}}},{"from":[-4.876955,5.2,-7.71181],"to":[-0.876956,10.8,-4.911811],"rotation":{"angle":45.0,"axis":"y","origin":[-0.076955795,3.4,-9.111811]},"faces":{"east":{"uv":[6.253125,2.971875,6.465625,3.403125],"rotation":0,"texture":"#2","tintindex":0},"south":{"uv":[6.784375,11.096875,7.090625,11.528125],"rotation":0,"texture":"#2","tintindex":0},"north":{"uv":[6.471875,11.096875,6.778125,11.528125],"rotation":0,"texture":"#2","tintindex":0},"west":{"uv":[7.440625,8.690625,7.653125,9.121875],"rotation":0,"texture":"#2","tintindex":0},"up":{"uv":[11.465625,4.403125,11.159375,4.190625],"rotation":0,"texture":"#2","tintindex":0},"down":{"uv":[11.496875,10.628125,11.190625,10.840625],"rotation":0,"texture":"#2","tintindex":0}}},{"from":[-8.985786,-1.1999998,-12.980438],"to":[9.014214,8.0,0.6195607],"rotation":{"angle":45.0,"axis":"y","origin":[5.0142136,5.3999996,-7.980438]},"faces":{"east":{"uv":[5.440625,9.534375,6.496875,10.246875],"rotation":0,"texture":"#2","tintindex":0},"south":{"uv":[7.659375,8.409375,9.059375,9.121875],"rotation":0,"texture":"#2","tintindex":0},"north":{"uv":[8.409375,5.284375,9.809375,5.996875],"rotation":0,"texture":"#2","tintindex":0},"west":{"uv":[9.596875,3.190625,10.653125,3.903125],"rotation":0,"texture":"#2","tintindex":0},"up":{"uv":[6.528125,2.965625,5.128125,1.909375],"rotation":0,"texture":"#2","tintindex":0},"down":{"uv":[6.903125,5.409375,5.503125,6.465625],"rotation":0,"texture":"#2","tintindex":0}}},{"from":[7.6,-1.1999998,-12.980438],"to":[25.6,8.0,0.6195607],"rotation":{"angle":-45.0,"axis":"y","origin":[11.6,5.3999996,-7.980438]},"faces":{"east":{"uv":[10.653125,3.190625,9.596875,3.903125],"rotation":0,"texture":"#2","tintindex":0},"south":{"uv":[9.059375,8.409375,7.659375,9.121875],"rotation":0,"texture":"#2","tintindex":0},"north":{"uv":[9.809375,5.284375,8.409375,5.996875],"rotation":0,"texture":"#2","tintindex":0},"west":{"uv":[6.496875,9.534375,5.440625,10.246875],"rotation":0,"texture":"#2","tintindex":0},"up":{"uv":[5.128125,2.965625,6.528125,1.909375],"rotation":0,"texture":"#2","tintindex":0},"down":{"uv":[5.503125,5.409375,6.903125,6.465625],"rotation":0,"texture":"#2","tintindex":0}}},{"from":[17.491169,5.2,-10.51181],"to":[21.491169,16.0,-7.71181],"rotation":{"angle":-45.0,"axis":"y","origin":[16.69117,3.4,-9.111811]},"faces":{"east":{"uv":[9.184375,11.003125,8.971875,11.840625],"rotation":0,"texture":"#2","tintindex":0},"south":{"uv":[1.215625,10.940625,0.909375,11.778125],"rotation":0,"texture":"#2","tintindex":0},"north":{"uv":[8.340625,1.878125,8.034375,2.715625],"rotation":0,"texture":"#2","tintindex":0},"west":{"uv":[6.528125,7.846875,6.315625,8.684375],"rotation":0,"texture":"#2","tintindex":0},"up":{"uv":[11.159375,3.965625,11.465625,3.753125],"rotation":0,"texture":"#2","tintindex":0},"down":{"uv":[11.159375,3.971875,11.465625,4.184375],"rotation":0,"texture":"#2","tintindex":0}}},{"from":[17.491169,5.2,-7.71181],"to":[21.491169,10.8,-4.911811],"rotation":{"angle":-45.0,"axis":"y","origin":[16.69117,3.4,-9.111811]},"faces":{"east":{"uv":[7.653125,8.690625,7.440625,9.121875],"rotation":0,"texture":"#2","tintindex":0},"south":{"uv":[7.090625,11.096875,6.784375,11.528125],"rotation":0,"texture":"#2","tintindex":0},"north":{"uv":[6.778125,11.096875,6.471875,11.528125],"rotation":0,"texture":"#2","tintindex":0},"west":{"uv":[6.465625,2.971875,6.253125,3.403125],"rotation":0,"texture":"#2","tintindex":0},"up":{"uv":[11.159375,4.403125,11.465625,4.190625],"rotation":0,"texture":"#2","tintindex":0},"down":{"uv":[11.190625,10.628125,11.496875,10.840625],"rotation":0,"texture":"#2","tintindex":0}}},{"from":[-9.111471,8.0,-10.180439],"to":[6.4885283,12.8,-10.180439],"rotation":{"angle":45.0,"axis":"y","origin":[4.888528,5.3999996,-7.980438]},"faces":{"east":{"uv":[0.003125,0.003125,0.003125,0.371875],"rotation":0,"texture":"#2","tintindex":0},"south":{"uv":[11.496875,1.378125,10.284375,1.746875],"rotation":0,"texture":"#2","tintindex":0},"north":{"uv":[10.284375,1.378125,11.496875,1.746875],"rotation":0,"texture":"#2","tintindex":0},"west":{"uv":[0.003125,0.003125,0.003125,0.371875],"rotation":0,"texture":"#2","tintindex":0},"up":{"uv":[1.215625,0.003125,0.003125,0.003125],"rotation":0,"texture":"#2","tintindex":0},"down":{"uv":[1.215625,0.003125,0.003125,0.003125],"rotation":0,"texture":"#2","tintindex":0}}},{"from":[10.04,8.0,-10.180439],"to":[25.64,12.8,-10.180439],"rotation":{"angle":-45.0,"axis":"y","origin":[11.64,5.3999996,-7.980438]},"faces":{"east":{"uv":[0.003125,0.003125,0.003125,0.371875],"rotation":0,"texture":"#2","tintindex":0},"south":{"uv":[10.284375,1.378125,11.496875,1.746875],"rotation":0,"texture":"#2","tintindex":0},"north":{"uv":[11.496875,1.378125,10.284375,1.746875],"rotation":0,"texture":"#2","tintindex":0},"west":{"uv":[0.003125,0.003125,0.003125,0.371875],"rotation":0,"texture":"#2","tintindex":0},"up":{"uv":[0.003125,0.003125,1.215625,0.003125],"rotation":0,"texture":"#2","tintindex":0},"down":{"uv":[0.003125,0.003125,1.215625,0.003125],"rotation":0,"texture":"#2","tintindex":0}}},{"from":[4.464264,8.0,-10.667446],"to":[12.064264,12.8,-10.667446],"rotation":{"angle":0.0,"axis":"y","origin":[10.324265,5.3999996,-8.467445]},"faces":{"east":{"uv":[0.003125,0.003125,0.003125,0.371875],"rotation":0,"texture":"#2","tintindex":0},"south":{"uv":[4.440625,11.003125,5.028125,11.371875],"rotation":0,"texture":"#2","tintindex":0},"north":{"uv":[5.028125,11.003125,4.440625,11.371875],"rotation":0,"texture":"#2","tintindex":0},"west":{"uv":[0.003125,0.003125,0.003125,0.371875],"rotation":0,"texture":"#2","tintindex":0},"up":{"uv":[0.590625,0.003125,0.003125,0.003125],"rotation":0,"texture":"#2","tintindex":0},"down":{"uv":[0.590625,0.003125,0.003125,0.003125],"rotation":0,"texture":"#2","tintindex":0}}},{"from":[4.307107,-1.1999998,-14.3444],"to":[12.307107,8.0,-4.3444004],"rotation":{"angle":0.0,"axis":"y","origin":[8.307107,-7.6000004,-13.944401]},"faces":{"east":{"uv":[4.503125,7.034375,5.278125,7.746875],"rotation":0,"texture":"#2","tintindex":0},"south":{"uv":[6.190625,10.378125,6.809375,11.090625],"rotation":0,"texture":"#2","tintindex":0},"north":{"uv":[0.003125,10.315625,0.621875,11.028125],"rotation":0,"texture":"#2","tintindex":0},"west":{"uv":[1.721875,10.096875,2.496875,10.809375],"rotation":0,"texture":"#2","tintindex":0},"up":{"uv":[5.059375,10.996875,4.440625,10.221875],"rotation":0,"texture":"#2","tintindex":0},"down":{"uv":[9.184375,10.221875,8.565625,10.996875],"rotation":0,"texture":"#2","tintindex":0}}},{"from":[-8.092894,8.04,-14.3444],"to":[24.707108,8.04,8.0556],"rotation":{"angle":0.0,"axis":"y","origin":[8.307107,-7.6000004,-13.944401]},"faces":{"east":{"uv":[0.003125,0.003125,1.746875,0.003125],"rotation":0,"texture":"#2","tintindex":0},"south":{"uv":[0.003125,0.003125,2.559375,0.003125],"rotation":0,"texture":"#2","tintindex":0},"north":{"uv":[0.003125,0.003125,2.559375,0.003125],"rotation":0,"texture":"#2","tintindex":0},"west":{"uv":[0.003125,0.003125,1.746875,0.003125],"rotation":0,"texture":"#2","tintindex":0},"up":{"uv":[2.559375,1.746875,0.003125,0.003125],"rotation":0,"texture":"#2","tintindex":0},"down":{"uv":[15.996875,0.003125,13.440625,1.746875],"rotation":0,"texture":"#2","tintindex":0}}},{"from":[-8.092894,-1.2200003,-14.3444],