{"elements":[{"from":[8.0,8.0,1.7142854],"to":[8.0,20.57143,14.285715],"rotation":{"angle":0.0,"axis":"y","origin":[40.0,3.4285712,-25.714287]},"faces":{"east":{"uv":[0.221875,2.659375,0.903125,3.496875],"rotation":0,"texture":"#2","tintindex":0},"south":{"uv":[1.221875,10.940625,1.221875,11.778125],"rotation":0,"texture":"#2","tintindex":0},"north":{"uv":[7.503125,3.784375,7.503125,4.621875],"rotation":0,"texture":"#2","tintindex":0},"west":{"uv":[0.221875,2.659375,0.903125,3.496875],"rotation":0,"texture":"#2","tintindex":0},"up":{"uv":[9.190625,10.903125,9.190625,10.221875],"rotation":0,"texture":"#2","tintindex":0},"down":{"uv":[9.659375,10.221875,9.659375,10.903125],"rotation":0,"texture":"#2","tintindex":0}}}],"textures":{"2":"modelengine:entity/magma_wyrm"},"display":{"head":{"translation":[0.0,-6.4,0.0],"scale":[4.0,4.0,4.0]}}}