{"elements":[{"from":[3.7142854,2.8571424,-8.857143],"to":[12.285715,13.142858,10.0],"rotation":{"angle":0.0,"axis":"y","origin":[-24.285717,4.0,-36.285717]},"faces":{"east":{"uv":[10.934375,7.065625,9.909375,7.621875],"rotation":0,"texture":"#2","tintindex":0},"south":{"uv":[1.684375,10.940625,1.221875,11.496875],"rotation":0,"texture":"#2","tintindex":0},"north":{"uv":[7.965625,3.784375,7.503125,4.340625],"rotation":0,"texture":"#2","tintindex":0},"west":{"uv":[10.934375,0.003125,9.909375,0.559375],"rotation":0,"texture":"#2","tintindex":0},"up":{"uv":[9.190625,11.246875,9.653125,10.221875],"rotation":0,"texture":"#2","tintindex":0},"down":{"uv":[9.659375,10.221875,10.121875,11.246875],"rotation":0,"texture":"#2","tintindex":0}}}],"textures":{"2":"modelengine:entity/magma_wyrm"},"display":{"head":{"translation":[0.0,-6.4,0.0],"scale":[4.0,4.0,4.0]}}}