{"elements":[{"from":[7.7619047,16.0,-10.285715],"to":[7.7619047,26.285715,18.285717],"rotation":{"angle":0.0,"axis":"y","origin":[40.333336,8.0,-14.285715]},"faces":{"east":{"uv":[8.784375,7.846875,10.340625,8.403125],"rotation":0,"texture":"#2","tintindex":0},"south":{"uv":[0.003125,0.003125,0.003125,0.559375],"rotation":0,"texture":"#2","tintindex":0},"north":{"uv":[0.003125,0.003125,0.003125,0.559375],"rotation":0,"texture":"#2","tintindex":0},"west":{"uv":[10.340625,7.846875,8.784375,8.403125],"rotation":0,"texture":"#2","tintindex":0},"up":{"uv":[0.003125,1.559375,0.003125,0.003125],"rotation":0,"texture":"#2","tintindex":0},"down":{"uv":[0.003125,0.003125,0.003125,1.559375],"rotation":0,"texture":"#2","tintindex":0}}},{"from":[6.047619,13.142858,-16.0],"to":[10.047619,26.285715,-10.285715],"rotation":{"angle":0.0,"axis":"y","origin":[40.333336,8.0,-14.285715]},"faces":{"east":{"uv":[3.815625,11.003125,4.121875,11.715625],"rotation":0,"texture":"#2","tintindex":0},"south":{"uv":[5.034375,11.065625,5.246875,11.778125],"rotation":0,"texture":"#2","tintindex":0},"north":{"uv":[5.284375,7.034375,5.496875,7.746875],"rotation":0,"texture":"#2","tintindex":0},"west":{"uv":[4.128125,11.003125,4.434375,11.715625],"rotation":0,"texture":"#2","tintindex":0},"up":{"uv":[7.403125,9.840625,7.190625,9.534375],"rotation":0,"texture":"#2","tintindex":0},"down":{"uv":[9.809375,3.909375,9.596875,4.215625],"rotation":0,"texture":"#2","tintindex":0}}},{"from":[4.904762,8.0,-14.857143],"to":[11.190476,16.0,13.1428585],"rotation":{"angle":0.0,"axis":"y","origin":[40.333336,8.0,-14.285715]},"faces":{"east":{"uv":[9.753125,2.346875,11.278125,2.778125],"rotation":0,"texture":"#2","tintindex":0},"south":{"uv":[6.128125,11.096875,6.465625,11.528125],"rotation":0,"texture":"#2","tintindex":0},"north":{"uv":[5.253125,11.065625,5.590625,11.496875],"rotation":0,"texture":"#2","tintindex":0},"west":{"uv":[9.815625,5.034375,11.340625,5.465625],"rotation":0,"texture":"#2","tintindex":0},"up":{"uv":[2.840625,11.621875,2.503125,10.096875],"rotation":0,"texture":"#2","tintindex":0},"down":{"uv":[3.184375,10.096875,2.846875,11.621875],"rotation":0,"texture":"#2","tintindex":0}}},{"from":[3.4905481,4.5857863,-14.857143],"to":[3.4905481,8.585787,13.1428585],"rotation":{"angle":-45.0,"axis":"z","origin":[3.4905481,6.5857863,-3.1428566]},"faces":{"east":{"uv":[11.809375,2.128125,10.284375,2.340625],"rotation":0,"texture":"#2","tintindex":0},"south":{"uv":[0.003125,0.003125,0.003125,0.215625],"rotation":0,"texture":"#2","tintindex":0},"north":{"uv":[0.003125,0.003125,0.003125,0.215625],"rotation":0,"texture":"#2","tintindex":0},"west":{"uv":[10.284375,2.128125,11.809375,2.340625],"rotation":0,"texture":"#2","tintindex":0},"up":{"uv":[0.003125,1.528125,0.003125,0.003125],"rotation":0,"texture":"#2","tintindex":0},"down":{"uv":[0.003125,0.003125,0.003125,1.528125],"rotation":0,"texture":"#2","tintindex":0}}},{"from":[12.604691,4.5857863,-14.857143],"to":[12.604691,8.585787,13.1428585],"rotation":{"angle":45.0,"axis":"z","origin":[12.604691,6.5857863,-3.1428566]},"faces":{"east":{"uv":[12.153125,8.596875,10.628125,8.809375],"rotation":0,"texture":"#2","tintindex":0},"south":{"uv":[0.003125,0.003125,0.003125,0.215625],"rotation":0,"texture":"#2","tintindex":0},"north":{"uv":[0.003125,0.003125,0.003125,0.215625],"rotation":0,"texture":"#2","tintindex":0},"west":{"uv":[10.628125,8.596875,12.153125,8.809375],"rotation":0,"texture":"#2","tintindex":0},"up":{"uv":[0.003125,1.528125,0.003125,0.003125],"rotation":0,"texture":"#2","tintindex":0},"down":{"uv":[0.003125,0.003125,0.003125,1.528125],"rotation":0,"texture":"#2","tintindex":0}}}],"textures":{"2":"modelengine:entity/magma_wyrm"},"display":{"head":{"translation":[0.0,-6.4,-20.380959],"scale":[4.0,4.0,4.0]}}}