{"elements":[{"from":[5.1371427,5.7085714,6.8514285],"to":[6.2914286,8.577143,9.148571],"rotation":{"angle":-22.5,"axis":"z","origin":[5.142857,8.571428,6.857143]},"faces":{"east":{"uv":[6.625,1.875,6.125,2.5],"rotation":0,"texture":"#0","tintindex":0},"south":{"uv":[1.25,7.125,1.0,7.75],"rotation":0,"texture":"#0","tintindex":0},"north":{"uv":[4.375,6.125,4.125,6.75],"rotation":0,"texture":"#0","tintindex":0},"west":{"uv":[0.5,6.125,0.0,6.75],"rotation":0,"texture":"#0","tintindex":0},"up":{"uv":[0.875,5.25,1.125,4.75],"rotation":0,"texture":"#0","tintindex":0},"down":{"uv":[2.875,7.5,3.125,8.0],"rotation":0,"texture":"#0","tintindex":0}}},{"from":[6.5714283,8.857143,9.428572],"to":[4.8571424,5.428571,6.5714283],"rotation":{"angle":-22.5,"axis":"z","origin":[5.142857,8.571428,6.857143]},"faces":{"east":{"uv":[15.875,15.625,16.0,15.75],"rotation":0,"texture":"#0","tintindex":0},"south":{"uv":[15.875,15.625,16.0,15.75],"rotation":0,"texture":"#0","tintindex":0},"north":{"uv":[15.875,15.625,16.0,15.75],"rotation":0,"texture":"#0","tintindex":0},"west":{"uv":[15.875,15.625,16.0,15.75],"rotation":0,"texture":"#0","tintindex":0},"up":{"uv":[15.875,15.625,16.0,15.75],"rotation":0,"texture":"#0","tintindex":0},"down":{"uv":[15.875,15.625,16.0,15.75],"rotation":0,"texture":"#0","tintindex":0}}},{"from":[4.2799997,7.9942856,6.5657144],"to":[8.291429,9.148571,9.434286],"rotation":{"angle":-22.5,"axis":"z","origin":[5.714286,9.142858,8.0]},"faces":{"east":{"uv":[8.0,3.625,7.375,3.875],"rotation":0,"texture":"#0","tintindex":0},"south":{"uv":[7.75,3.125,6.875,3.375],"rotation":0,"texture":"#0","tintindex":0},"north":{"uv":[7.375,6.75,6.5,7.0],"rotation":0,"texture":"#0","tintindex":0},"west":{"uv":[1.875,7.375,1.25,7.625],"rotation":0,"texture":"#0","tintindex":0},"up":{"uv":[2.25,5.75,3.125,5.125],"rotation":0,"texture":"#0","tintindex":0},"down":{"uv":[0.875,5.25,1.75,5.875],"rotation":0,"texture":"#0","tintindex":0}}},{"from":[8.571428,9.428572,9.714286],"to":[4.0,7.714286,6.285714],"rotation":{"angle":-22.5,"axis":"z","origin":[5.714286,9.142858,8.0]},"faces":{"east":{"uv":[15.625,16.0,15.5,15.875],"rotation":0,"texture":"#0","tintindex":0},"south":{"uv":[15.75,16.0,15.5,15.875],"rotation":0,"texture":"#0","tintindex":0},"north":{"uv":[15.5,16.0,15.75,15.875],"rotation":0,"texture":"#0","tintindex":0},"west":{"uv":[15.75,16.0,15.625,15.875],"rotation":0,"texture":"#0","tintindex":0},"up":{"uv":[15.75,16.0,15.5,15.875],"rotation":0,"texture":"#0","tintindex":0},"down":{"uv":[15.75,16.0,15.5,15.875],"rotation":0,"texture":"#0","tintindex":0}}},{"from":[8.571428,9.571428,9.428572],"to":[5.142857,8.142858,6.5714283],"rotation":{"angle":0.0,"axis":"y","origin":[5.714286,9.142858,8.0]},"faces":{"east":{"uv":[16.0,15.5,15.875,15.625],"rotation":0,"texture":"#0","tintindex":0},"south":{"uv":[16.0,15.5,15.875,15.625],"rotation":0,"texture":"#0","tintindex":0},"north":{"uv":[16.0,15.5,15.875,15.625],"rotation":0,"texture":"#0","tintindex":0},"west":{"uv":[16.0,15.5,15.875,15.625],"rotation":0,"texture":"#0","tintindex":0},"up":{"uv":[16.0,15.5,15.875,15.625],"rotation":0,"texture":"#0","tintindex":0},"down":{"uv":[16.0,15.5,15.875,15.625],"rotation":0,"texture":"#0","tintindex":0}}},{"from":[5.428571,8.142858,6.857143],"to":[8.285714,9.285714,9.142858],"rotation":{"angle":0.0,"axis":"y","origin":[5.714286,9.142858,8.0]},"faces":{"east":{"uv":[0.5,7.625,0.0,7.875],"rotation":0,"texture":"#0","tintindex":0},"south":{"uv":[5.375,7.375,4.75,7.625],"rotation":0,"texture":"#0","tintindex":0},"north":{"uv":[4.75,7.375,4.125,7.625],"rotation":0,"texture":"#0","tintindex":0},"west":{"uv":[7.75,7.5,7.25,7.75],"rotation":0,"texture":"#0","tintindex":0},"up":{"uv":[2.125,3.375,2.75,2.875],"rotation":0,"texture":"#0","tintindex":0},"down":{"uv":[6.25,3.125,6.875,3.625],"rotation":0,"texture":"#0","tintindex":0}}},{"from":[3.9571052,8.633685,9.428572],"to":[5.099962,9.776543,9.428572],"rotation":{"angle":22.5,"axis":"z","origin":[3.9571052,8.633685,9.428572]},"faces":{"east":{"uv":[0.0,0.0,0.0,0.25],"rotation":0,"texture":"#0","tintindex":0},"south":{"uv":[8.125,1.875,7.875,2.125],"rotation":0,"texture":"#0","tintindex":0},"north":{"uv":[8.125,1.25,7.875,1.5],"rotation":0,"texture":"#0","tintindex":0},"west":{"uv":[0.0,0.0,0.0,0.25],"rotation":0,"texture":"#0","tintindex":0},"up":{"uv":[0.0,0.0,0.25,0.0],"rotation":0,"texture":"#0","tintindex":0},"down":{"uv":[0.0,0.0,0.25,0.0],"rotation":0,"texture":"#0","tintindex":0}}},{"from":[5.3856764,10.062257,6.857143],"to":[3.671391,8.347971,6.285714],"rotation":{"angle":22.5,"axis":"z","origin":[3.9571052,8.633685,9.428572]},"faces":{"east":{"uv":[15.875,15.25,16.0,15.375],"rotation":0,"texture":"#0","tintindex":0},"south":{"uv":[15.875,15.25,16.0,15.375],"rotation":0,"texture":"#0","tintindex":0},"north":{"uv":[15.875,15.25,16.0,15.375],"rotation":0,"texture":"#0","tintindex":0},"west":{"uv":[15.875,15.125,16.0,15.375],"rotation":0,"texture":"#0","tintindex":0},"up":{"uv":[15.125,15.0,15.75,15.125],"rotation":0,"texture":"#0","tintindex":0},"down":{"uv":[15.875,15.25,16.0,15.375],"rotation":0,"texture":"#0","tintindex":0}}},{"from":[5.3856764,10.062257,9.714286],"to":[3.671391,8.347971,9.142858],"rotation":{"angle":22.5,"axis":"z","origin":[3.9571052,8.633685,9.428572]},"faces":{"east":{"uv":[15.875,15.25,16.0,15.375],"rotation":0,"texture":"#0","tintindex":0},"south":{"uv":[15.875,15.25,16.0,15.375],"rotation":0,"texture":"#0","tintindex":0},"north":{"uv":[15.875,15.25,16.0,15.375],"rotation":0,"texture":"#0","tintindex":0},"west":{"uv":[15.875,15.125,16.0,15.375],"rotation":0,"texture":"#0","tintindex":0},"up":{"uv":[15.125,15.0,15.75,15.125],"rotation":0,"texture":"#0","tintindex":0},"down":{"uv":[15.875,15.25,16.0,15.375],"rotation":0,"texture":"#0","tintindex":0}}},{"from":[5.3856764,10.062257,8.285714],"to":[3.671391,8.347971,7.714286],"rotation":{"angle":22.5,"axis":"z","origin":[3.9571052,8.633685,9.428572]},"faces":{"east":{"uv":[15.875,15.25,16.0,15.375],"rotation":0,"texture":"#0","tintindex":0},"south":{"uv":[15.875,15.25,16.0,15.375],"rotation":0,"texture":"#0","tintindex":0},"north":{"uv":[15.875,15.25,16.0,15.375],"rotation":0,"texture":"#0","tintindex":0},"west":{"uv":[15.875,15.25,16.0,15.375],"rotation":0,"texture":"#0","tintindex":0},"up":{"uv":[15.875,15.125,16.0,15.25],"rotation":0,"texture":"#0","tintindex":0},"down":{"uv":[15.875,15.25,16.0,15.375],"rotation":0,"texture":"#0","tintindex":0}}},{"from":[3.9571052,8.633685,6.5714283],"to":[5.099962,9.776543,6.5714283],"rotation":{"angle":22.5,"axis":"z","origin":[3.9571052,8.633685,9.428572]},"faces":{"east":{"uv":[0.0,0.0,0.0,0.25],"rotation":0,"texture":"#0","tintindex":0},"south":{"uv":[8.125,2.375,7.875,2.625],"rotation":0,"texture":"#0","tintindex":0},"north":{"uv":[8.125,2.125,7.875,2.375],"rotation":0,"texture":"#0","tintindex":0},"west":{"uv":[0.0,0.0,0.0,0.25],"rotation":0,"texture":"#0","tintindex":0},"up":{"uv":[0.0,0.0,0.25,0.0],"rotation":0,"texture":"#0","tintindex":0},"down":{"uv":[0.0,0.0,0.25,0.0],"rotation":0,"texture":"#0","tintindex":0}}},{"from":[3.9571052,8.633685,8.0],"to":[5.099962,9.776543,8.0],"rotation":{"angle":22.5,"axis":"z","origin":[3.9571052,8.633685,9.428572]},"faces":{"east":{"uv":[0.0,0.0,0.0,0.25],"rotation":0,"texture":"#0","tintindex":0},"south":{"uv":[8.125,2.875,7.875,3.125],"rotation":0,"texture":"#0","tintindex":0},"north":{"uv":[8.125,2.625,7.875,2.875],"rotation":0,"texture":"#0","tintindex":0},"west":{"uv":[0.0,0.0,0.0,0.25],"rotation":0,"texture":"#0","tintindex":0},"up":{"uv":[0.0,0.0,0.25,0.0],"rotation":0,"texture":"#0","tintindex":0},"down":{"uv":[0.0,0.0,0.25,0.0],"rotation":0,"texture":"#0","tintindex":0}}},{"from":[5.428571,6.285714,6.857143],"to":[7.714286,8.0,9.142858],"rotation":{"angle":0.0,"axis":"y","origin":[10.285714,-5.714287,8.0]},"faces":{"east":{"uv":[7.625,4.25,7.125,4.625],"rotation":0,"texture":"#0","tintindex":0},"south":{"uv":[7.625,3.875,7.125,4.25],"rotation":0,"texture":"#0","tintindex":0},