{"elements":[{"from":[6.857143,6.285714,6.285714],"to":[9.142858,7.428571,8.571428],"rotation":{"angle":0.0,"axis":"y","origin":[11.714286,-2.8571434,7.428571]},"faces":{"east":{"uv":[4.625,7.625,4.125,7.875],"rotation":0,"texture":"#0","tintindex":0},"south":{"uv":[8.125,3.875,7.625,4.125],"rotation":0,"texture":"#0","tintindex":0},"north":{"uv":[8.125,1.625,7.625,1.875],"rotation":0,"texture":"#0","tintindex":0},"west":{"uv":[8.125,3.375,7.625,3.625],"rotation":0,"texture":"#0","tintindex":0},"up":{"uv":[3.625,7.25,4.125,6.75],"rotation":0,"texture":"#0","tintindex":0},"down":{"uv":[4.125,6.75,4.625,7.25],"rotation":0,"texture":"#0","tintindex":0}}},{"from":[9.428572,7.714286,8.857143],"to":[6.5714283,6.0,6.0],"rotation":{"angle":0.0,"axis":"y","origin":[11.714286,-2.8571434,7.428571]},"faces":{"east":{"uv":[15.875,15.625,16.0,15.75],"rotation":0,"texture":"#0","tintindex":0},"south":{"uv":[15.875,15.625,16.0,15.75],"rotation":0,"texture":"#0","tintindex":0},"north":{"uv":[15.875,15.625,16.0,15.75],"rotation":0,"texture":"#0","tintindex":0},"west":{"uv":[15.875,15.625,16.0,15.75],"rotation":0,"texture":"#0","tintindex":0},"up":{"uv":[15.875,15.625,16.0,15.75],"rotation":0,"texture":"#0","tintindex":0},"down":{"uv":[15.875,15.625,16.0,15.75],"rotation":0,"texture":"#0","tintindex":0}}}],"textures":{"0":"modelengine:entity/possessed_aztec_armor"},"display":{"head":{"translation":[0.0,-6.4,0.0],"scale":[4.0,4.0,4.0]}}}