{"elements":[{"from":[5.1371427,8.565714,6.5657144],"to":[7.4342856,9.72,9.434286],"rotation":{"angle":22.5,"axis":"z","origin":[6.285714,9.714286,8.0]},"faces":{"east":{"uv":[7.25,7.25,7.875,7.5],"rotation":0,"texture":"#0","tintindex":0},"south":{"uv":[7.5,5.375,8.0,5.625],"rotation":0,"texture":"#0","tintindex":0},"north":{"uv":[7.5,5.125,8.0,5.375],"rotation":0,"texture":"#0","tintindex":0},"west":{"uv":[0.0,7.375,0.625,7.625],"rotation":0,"texture":"#0","tintindex":0},"up":{"uv":[6.75,0.625,6.25,0.0],"rotation":0,"texture":"#0","tintindex":0},"down":{"uv":[6.75,2.5,6.25,3.125],"rotation":0,"texture":"#0","tintindex":0}}},{"from":[7.714286,10.0,9.714286],"to":[4.8571424,8.285714,6.285714],"rotation":{"angle":22.5,"axis":"z","origin":[6.285714,9.714286,8.0]},"faces":{"east":{"uv":[15.875,15.75,16.0,15.875],"rotation":0,"texture":"#0","tintindex":0},"south":{"uv":[15.875,15.75,16.0,15.875],"rotation":0,"texture":"#0","tintindex":0},"north":{"uv":[15.875,15.75,16.0,15.875],"rotation":0,"texture":"#0","tintindex":0},"west":{"uv":[15.875,15.75,16.0,15.875],"rotation":0,"texture":"#0","tintindex":0},"up":{"uv":[15.875,15.75,16.0,15.875],"rotation":0,"texture":"#0","tintindex":0},"down":{"uv":[15.875,15.75,16.0,15.875],"rotation":0,"texture":"#0","tintindex":0}}},{"from":[6.2799997,5.1371427,6.8514285],"to":[7.4342856,8.577143,9.148571],"rotation":{"angle":-22.5,"axis":"z","origin":[7.428571,8.571428,8.0]},"faces":{"east":{"uv":[4.375,6.0,4.875,6.75],"rotation":0,"texture":"#0","tintindex":0},"south":{"uv":[2.375,6.875,2.625,7.625],"rotation":0,"texture":"#0","tintindex":0},"north":{"uv":[2.875,6.375,3.125,7.125],"rotation":0,"texture":"#0","tintindex":0},"west":{"uv":[4.875,6.0,5.375,6.75],"rotation":0,"texture":"#0","tintindex":0},"up":{"uv":[7.75,6.125,7.5,5.625],"rotation":0,"texture":"#0","tintindex":0},"down":{"uv":[7.75,6.125,7.5,6.625],"rotation":0,"texture":"#0","tintindex":0}}},{"from":[7.714286,8.857143,9.428572],"to":[6.0,4.8571424,6.5714283],"rotation":{"angle":-22.5,"axis":"z","origin":[7.428571,8.571428,8.0]},"faces":{"east":{"uv":[15.875,16.0,16.0,15.75],"rotation":0,"texture":"#0","tintindex":0},"south":{"uv":[15.875,16.0,16.0,15.75],"rotation":0,"texture":"#0","tintindex":0},"north":{"uv":[15.875,16.0,16.0,15.75],"rotation":0,"texture":"#0","tintindex":0},"west":{"uv":[15.875,16.0,16.0,15.75],"rotation":0,"texture":"#0","tintindex":0},"up":{"uv":[15.875,16.0,16.0,15.875],"rotation":0,"texture":"#0","tintindex":0},"down":{"uv":[15.875,15.75,16.0,15.875],"rotation":0,"texture":"#0","tintindex":0}}},{"from":[6.857143,6.285714,6.857143],"to":[9.142858,8.0,9.142858],"rotation":{"angle":0.0,"axis":"y","origin":[9.142858,0.0,8.0]},"faces":{"east":{"uv":[1.375,7.0,1.875,7.375],"rotation":0,"texture":"#0","tintindex":0},"south":{"uv":[1.875,7.0,2.375,7.375],"rotation":0,"texture":"#0","tintindex":0},"north":{"uv":[0.5,7.0,1.0,7.375],"rotation":0,"texture":"#0","tintindex":0},"west":{"uv":[6.5,7.0,7.0,7.375],"rotation":0,"texture":"#0","tintindex":0},"up":{"uv":[0.5,7.25,0.0,6.75],"rotation":0,"texture":"#0","tintindex":0},"down":{"uv":[7.25,0.0,6.75,0.5],"rotation":0,"texture":"#0","tintindex":0}}},{"from":[9.414286,8.271429,9.414286],"to":[6.5857143,6.0142856,6.5857143],"rotation":{"angle":0.0,"axis":"y","origin":[9.142858,0.0,8.0]},"faces":{"east":{"uv":[15.875,15.875,16.0,16.0],"rotation":0,"texture":"#0","tintindex":0},"south":{"uv":[15.875,15.875,16.0,16.0],"rotation":0,"texture":"#0","tintindex":0},"north":{"uv":[15.875,15.875,16.0,16.0],"rotation":0,"texture":"#0","tintindex":0},"west":{"uv":[15.875,15.875,16.0,16.0],"rotation":0,"texture":"#0","tintindex":0},"up":{"uv":[15.875,15.875,16.0,16.0],"rotation":0,"texture":"#0","tintindex":0},"down":{"uv":[15.875,15.875,16.0,16.0],"rotation":0,"texture":"#0","tintindex":0}}}],"textures":{"0":"modelengine:entity/possessed_aztec_armor"},"display":{"head":{"translation":[0.0,-6.4,0.0],"scale":[4.0,4.0,4.0]}}}