{"elements":[{"from":[8.565714,8.565714,6.5657144],"to":[10.862858,9.72,9.434286],"rotation":{"angle":-22.5,"axis":"z","origin":[9.714286,9.714286,8.0]},"faces":{"east":{"uv":[0.625,7.375,0.0,7.625],"rotation":0,"texture":"#0","tintindex":0},"south":{"uv":[8.0,5.375,7.5,5.625],"rotation":0,"texture":"#0","tintindex":0},"north":{"uv":[8.0,5.125,7.5,5.375],"rotation":0,"texture":"#0","tintindex":0},"west":{"uv":[7.875,7.25,7.25,7.5],"rotation":0,"texture":"#0","tintindex":0},"up":{"uv":[6.25,0.625,6.75,0.0],"rotation":0,"texture":"#0","tintindex":0},"down":{"uv":[6.25,2.5,6.75,3.125],"rotation":0,"texture":"#0","tintindex":0}}},{"from":[10.0,8.857143,9.428572],"to":[8.285714,4.8571424,6.5714283],"rotation":{"angle":22.5,"axis":"z","origin":[8.571428,8.571428,8.0]},"faces":{"east":{"uv":[16.0,16.0,15.875,15.75],"rotation":0,"texture":"#0","tintindex":0},"south":{"uv":[16.0,16.0,15.875,15.75],"rotation":0,"texture":"#0","tintindex":0},"north":{"uv":[16.0,16.0,15.875,15.75],"rotation":0,"texture":"#0","tintindex":0},"west":{"uv":[16.0,16.0,15.875,15.75],"rotation":0,"texture":"#0","tintindex":0},"up":{"uv":[16.0,16.0,15.875,15.875],"rotation":0,"texture":"#0","tintindex":0},"down":{"uv":[16.0,15.75,15.875,15.875],"rotation":0,"texture":"#0","tintindex":0}}},{"from":[11.142858,10.0,9.714286],"to":[8.285714,8.285714,6.285714],"rotation":{"angle":-22.5,"axis":"z","origin":[9.714286,9.714286,8.0]},"faces":{"east":{"uv":[16.0,15.75,15.875,15.875],"rotation":0,"texture":"#0","tintindex":0},"south":{"uv":[16.0,15.75,15.875,15.875],"rotation":0,"texture":"#0","tintindex":0},"north":{"uv":[16.0,15.75,15.875,15.875],"rotation":0,"texture":"#0","tintindex":0},"west":{"uv":[16.0,15.75,15.875,15.875],"rotation":0,"texture":"#0","tintindex":0},"up":{"uv":[16.0,15.75,15.875,15.875],"rotation":0,"texture":"#0","tintindex":0},"down":{"uv":[16.0,15.75,15.875,15.875],"rotation":0,"texture":"#0","tintindex":0}}},{"from":[8.565714,5.1371427,6.8514285],"to":[9.72,8.577143,9.148571],"rotation":{"angle":22.5,"axis":"z","origin":[8.571428,8.571428,8.0]},"faces":{"east":{"uv":[5.375,6.0,4.875,6.75],"rotation":0,"texture":"#0","tintindex":0},"south":{"uv":[2.625,6.875,2.375,7.625],"rotation":0,"texture":"#0","tintindex":0},"north":{"uv":[3.125,6.375,2.875,7.125],"rotation":0,"texture":"#0","tintindex":0},"west":{"uv":[4.875,6.0,4.375,6.75],"rotation":0,"texture":"#0","tintindex":0},"up":{"uv":[7.5,6.125,7.75,5.625],"rotation":0,"texture":"#0","tintindex":0},"down":{"uv":[7.5,6.125,7.75,6.625],"rotation":0,"texture":"#0","tintindex":0}}},{"from":[6.857143,6.285714,6.857143],"to":[9.142858,8.0,9.142858],"rotation":{"angle":0.0,"axis":"y","origin":[6.857143,0.0,8.0]},"faces":{"east":{"uv":[7.0,7.0,6.5,7.375],"rotation":0,"texture":"#0","tintindex":0},"south":{"uv":[2.375,7.0,1.875,7.375],"rotation":0,"texture":"#0","tintindex":0},"north":{"uv":[1.0,7.0,0.5,7.375],"rotation":0,"texture":"#0","tintindex":0},"west":{"uv":[1.875,7.0,1.375,7.375],"rotation":0,"texture":"#0","tintindex":0},"up":{"uv":[0.0,7.25,0.5,6.75],"rotation":0,"texture":"#0","tintindex":0},"down":{"uv":[6.75,0.0,7.25,0.5],"rotation":0,"texture":"#0","tintindex":0}}},{"from":[9.414286,8.271429,9.414286],"to":[6.5857143,6.0142856,6.5857143],"rotation":{"angle":0.0,"axis":"y","origin":[6.857143,0.0,8.0]},"faces":{"east":{"uv":[16.0,16.0,15.875,15.75],"rotation":0,"texture":"#0","tintindex":0},"south":{"uv":[16.0,16.0,15.875,15.75],"rotation":0,"texture":"#0","tintindex":0},"north":{"uv":[16.0,16.0,15.875,15.75],"rotation":0,"texture":"#0","tintindex":0},"west":{"uv":[16.0,16.0,15.875,15.75],"rotation":0,"texture":"#0","tintindex":0},"up":{"uv":[16.0,16.0,15.875,15.875],"rotation":0,"texture":"#0","tintindex":0},"down":{"uv":[16.0,15.875,15.875,15.75],"rotation":0,"texture":"#0","tintindex":0}}}],"textures":{"0":"modelengine:entity/possessed_aztec_armor"},"display":{"head":{"translation":[0.0,-6.4,0.0],"scale":[4.0,4.0,4.0]}}}