{"elements":[{"from":[6.857143,3.4285712,7.428571],"to":[9.142858,4.5714283,9.714286],"rotation":{"angle":0.0,"axis":"y","origin":[6.857143,3.4285712,8.571428]},"faces":{"east":{"uv":[8.0,4.875,7.5,5.125],"rotation":0,"texture":"#0","tintindex":0},"south":{"uv":[4.125,7.5,3.625,7.75],"rotation":0,"texture":"#0","tintindex":0},"north":{"uv":[7.875,6.75,7.375,7.0],"rotation":0,"texture":"#0","tintindex":0},"west":{"uv":[3.625,7.5,3.125,7.75],"rotation":0,"texture":"#0","tintindex":0},"up":{"uv":[1.75,5.75,2.25,5.25],"rotation":0,"texture":"#0","tintindex":0},"down":{"uv":[2.375,6.375,2.875,6.875],"rotation":0,"texture":"#0","tintindex":0}}},{"from":[9.428572,4.8571424,10.0],"to":[6.5714283,3.142857,7.142857],"rotation":{"angle":0.0,"axis":"y","origin":[6.857143,3.4285712,8.571428]},"faces":{"east":{"uv":[16.0,15.875,15.875,16.0],"rotation":0,"texture":"#0","tintindex":0},"south":{"uv":[16.0,15.875,15.875,16.0],"rotation":0,"texture":"#0","tintindex":0},"north":{"uv":[16.0,15.875,15.875,16.0],"rotation":0,"texture":"#0","tintindex":0},"west":{"uv":[16.0,15.875,15.875,16.0],"rotation":0,"texture":"#0","tintindex":0},"up":{"uv":[16.0,15.875,15.875,16.0],"rotation":0,"texture":"#0","tintindex":0},"down":{"uv":[16.0,15.875,15.875,16.0],"rotation":0,"texture":"#0","tintindex":0}}},{"from":[9.714286,7.428571,10.285714],"to":[6.285714,4.285714,6.857143],"rotation":{"angle":0.0,"axis":"y","origin":[6.857143,3.142857,8.571428]},"faces":{"east":{"uv":[16.0,15.875,15.875,16.0],"rotation":0,"texture":"#0","tintindex":0},"south":{"uv":[16.0,15.875,15.875,16.0],"rotation":0,"texture":"#0","tintindex":0},"north":{"uv":[16.0,15.875,15.875,16.0],"rotation":0,"texture":"#0","tintindex":0},"west":{"uv":[16.0,15.875,15.875,16.0],"rotation":0,"texture":"#0","tintindex":0},"up":{"uv":[16.0,15.875,15.875,16.0],"rotation":0,"texture":"#0","tintindex":0},"down":{"uv":[16.0,15.875,15.875,16.0],"rotation":0,"texture":"#0","tintindex":0}}},{"from":[9.428572,9.714286,8.285714],"to":[6.5714283,6.285714,7.142857],"rotation":{"angle":-22.5,"axis":"x","origin":[8.0,7.142857,7.428571]},"faces":{"east":{"uv":[16.0,15.875,15.875,16.0],"rotation":0,"texture":"#0","tintindex":0},"south":{"uv":[16.0,15.875,15.875,16.0],"rotation":0,"texture":"#0","tintindex":0},"north":{"uv":[16.0,15.875,15.875,16.0],"rotation":0,"texture":"#0","tintindex":0},"west":{"uv":[16.0,15.875,15.875,16.0],"rotation":0,"texture":"#0","tintindex":0},"up":{"uv":[16.0,15.875,15.875,16.0],"rotation":0,"texture":"#0","tintindex":0},"down":{"uv":[16.0,15.875,15.875,16.0],"rotation":0,"texture":"#0","tintindex":0}}},{"from":[6.5714283,4.5714283,7.142857],"to":[9.428572,5.714286,10.0],"rotation":{"angle":0.0,"axis":"y","origin":[6.857143,3.142857,8.571428]},"faces":{"east":{"uv":[7.875,2.625,7.25,2.875],"rotation":0,"texture":"#0","tintindex":0},"south":{"uv":[7.875,2.375,7.25,2.625],"rotation":0,"texture":"#0","tintindex":0},"north":{"uv":[7.875,0.25,7.25,0.5],"rotation":0,"texture":"#0","tintindex":0},"west":{"uv":[7.875,2.125,7.25,2.375],"rotation":0,"texture":"#0","tintindex":0},"up":{"uv":[5.625,0.625,6.25,0.0],"rotation":0,"texture":"#0","tintindex":0},"down":{"uv":[1.75,5.75,2.375,6.375],"rotation":0,"texture":"#0","tintindex":0}}},{"from":[6.5657144,5.9942856,7.1371427],"to":[9.434286,7.1485715,10.005714],"rotation":{"angle":0.0,"axis":"y","origin":[6.857143,3.142857,8.571428]},"faces":{"east":{"uv":[7.875,7.0,7.25,7.25],"rotation":0,"texture":"#0","tintindex":0},"south":{"uv":[4.125,7.25,3.5,7.5],"rotation":0,"texture":"#0","tintindex":0},"north":{"uv":[3.5,7.25,2.875,7.5],"rotation":0,"texture":"#0","tintindex":0},"west":{"uv":[7.875,2.875,7.25,3.125],"rotation":0,"texture":"#0","tintindex":0},"up":{"uv":[2.375,6.375,3.0,5.75],"rotation":0,"texture":"#0","tintindex":0},"down":{"uv":[0.75,5.875,1.375,6.5],"rotation":0,"texture":"#0","tintindex":0}}},{"from":[6.857143,5.714286,7.428571],"to":[9.142858,6.285714,9.714286],"rotation":{"angle":0.0,"axis":"y","origin":[6.857143,3.142857,8.571428]},"faces":{"east":{"uv":[7.125,4.875,6.625,5.0],"rotation":0,"texture":"#0","tintindex":0},"south":{"uv":[6.125,3.75,5.625,3.875],"rotation":0,"texture":"#0","tintindex":0},"north":{"uv":[4.125,4.25,3.625,4.375],"rotation":0,"texture":"#0","tintindex":0},"west":{"uv":[5.625,3.75,5.125,3.875],"rotation":0,"texture":"#0","tintindex":0},"up":{"uv":[0.5,7.0,1.0,6.5],"rotation":0,"texture":"#0","tintindex":0},"down":{"uv":[6.625,1.125,7.125,1.625],"rotation":0,"texture":"#0","tintindex":0}}},{"from":[6.857143,6.5714283,7.428571],"to":[9.142858,9.428572,8.0],"rotation":{"angle":-22.5,"axis":"x","origin":[8.0,7.142857,7.428571]},"faces":{"east":{"uv":[3.125,5.75,3.0,6.375],"rotation":0,"texture":"#0","tintindex":0},"south":{"uv":[6.625,4.375,6.125,5.0],"rotation":0,"texture":"#0","tintindex":0},"north":{"uv":[4.125,6.125,3.625,6.75],"rotation":0,"texture":"#0","tintindex":0},"west":{"uv":[5.0,0.0,4.875,0.625],"rotation":0,"texture":"#0","tintindex":0},"up":{"uv":[6.75,0.625,7.25,0.5],"rotation":0,"texture":"#0","tintindex":0},"down":{"uv":[0.0,7.25,0.5,7.375],"rotation":0,"texture":"#0","tintindex":0}}},{"from":[9.285714,7.142857,7.142857],"to":[9.285714,8.285714,8.285714],"rotation":{"angle":45.0,"axis":"x","origin":[9.428572,7.142857,7.142857]},"faces":{"east":{"uv":[4.625,7.875,4.375,8.125],"rotation":0,"texture":"#0","tintindex":0},"south":{"uv":[0.0,0.0,0.0,0.25],"rotation":0,"texture":"#0","tintindex":0},"north":{"uv":[0.0,0.0,0.0,0.25],"rotation":0,"texture":"#0","tintindex":0},"west":{"uv":[4.375,7.875,4.125,8.125],"rotation":0,"texture":"#0","tintindex":0},"up":{"uv":[0.0,0.25,0.0,0.0],"rotation":0,"texture":"#0","tintindex":0},"down":{"uv":[0.0,0.0,0.0,0.25],"rotation":0,"texture":"#0","tintindex":0}}},{"from":[6.714286,7.142857,7.142857],"to":[6.714286,8.285714,8.285714],"rotation":{"angle":45.0,"axis":"x","origin":[9.428572,7.142857,7.142857]},"faces":{"east":{"uv":[4.625,7.875,4.375,8.125],"rotation":0,"texture":"#0","tintindex":0},"south":{"uv":[0.0,0.0,0.0,0.25],"rotation":0,"texture":"#0","tintindex":0},"north":{"uv":[0.0,0.0,0.0,0.25],"rotation":0,"texture":"#0","tintindex":0},"west":{"uv":[4.375,7.875,4.125,8.125],"rotation":0,"texture":"#0","tintindex":0},"up":{"uv":[0.0,0.25,0.0,0.0],"rotation":0,"texture":"#0","tintindex":0},"down":{"uv":[0.0,0.0,0.0,0.25],"rotation":0,"texture":"#0","tintindex":0}}}],"textures":{"0":"modelengine:entity/possessed_aztec_armor"},"display":{"head":{"translation":[0.0,-6.4,0.0],"scale":[4.0,4.0,4.0]}}}