{"elements":[{"from":[9.708571,5.7085714,6.8514285],"to":[10.862858,8.577143,9.148571],"rotation":{"angle":22.5,"axis":"z","origin":[10.857143,8.571428,6.857143]},"faces":{"east":{"uv":[0.0,6.125,0.5,6.75],"rotation":0,"texture":"#0","tintindex":0},"south":{"uv":[1.0,7.125,1.25,7.75],"rotation":0,"texture":"#0","tintindex":0},"north":{"uv":[4.125,6.125,4.375,6.75],"rotation":0,"texture":"#0","tintindex":0},"west":{"uv":[6.125,1.875,6.625,2.5],"rotation":0,"texture":"#0","tintindex":0},"up":{"uv":[1.125,5.25,0.875,4.75],"rotation":0,"texture":"#0","tintindex":0},"down":{"uv":[3.125,7.5,2.875,8.0],"rotation":0,"texture":"#0","tintindex":0}}},{"from":[11.142858,8.857143,9.428572],"to":[9.428572,5.428571,6.5714283],"rotation":{"angle":22.5,"axis":"z","origin":[10.857143,8.571428,6.857143]},"faces":{"east":{"uv":[16.0,15.625,15.875,15.75],"rotation":0,"texture":"#0","tintindex":0},"south":{"uv":[16.0,15.625,15.875,15.75],"rotation":0,"texture":"#0","tintindex":0},"north":{"uv":[16.0,15.625,15.875,15.75],"rotation":0,"texture":"#0","tintindex":0},"west":{"uv":[16.0,15.625,15.875,15.75],"rotation":0,"texture":"#0","tintindex":0},"up":{"uv":[16.0,15.625,15.875,15.75],"rotation":0,"texture":"#0","tintindex":0},"down":{"uv":[16.0,15.625,15.875,15.75],"rotation":0,"texture":"#0","tintindex":0}}},{"from":[10.857143,8.285714,9.428572],"to":[8.0,6.0,6.5714283],"rotation":{"angle":0.0,"axis":"y","origin":[5.714286,-5.714287,8.0]},"faces":{"east":{"uv":[16.0,15.625,15.875,15.75],"rotation":0,"texture":"#0","tintindex":0},"south":{"uv":[16.0,15.625,15.875,15.75],"rotation":0,"texture":"#0","tintindex":0},"north":{"uv":[16.0,15.625,15.875,15.75],"rotation":0,"texture":"#0","tintindex":0},"west":{"uv":[16.0,15.625,15.875,15.75],"rotation":0,"texture":"#0","tintindex":0},"up":{"uv":[16.0,15.625,15.875,15.75],"rotation":0,"texture":"#0","tintindex":0},"down":{"uv":[16.0,15.625,15.875,15.75],"rotation":0,"texture":"#0","tintindex":0}}},{"from":[12.0,9.428572,9.714286],"to":[7.428571,7.714286,6.285714],"rotation":{"angle":22.5,"axis":"z","origin":[10.285714,9.142858,8.0]},"faces":{"east":{"uv":[15.625,16.0,15.75,15.875],"rotation":0,"texture":"#0","tintindex":0},"south":{"uv":[15.5,16.0,15.75,15.875],"rotation":0,"texture":"#0","tintindex":0},"north":{"uv":[15.75,16.0,15.5,15.875],"rotation":0,"texture":"#0","tintindex":0},"west":{"uv":[15.5,16.0,15.625,15.875],"rotation":0,"texture":"#0","tintindex":0},"up":{"uv":[15.5,16.0,15.75,15.875],"rotation":0,"texture":"#0","tintindex":0},"down":{"uv":[15.5,16.0,15.75,15.875],"rotation":0,"texture":"#0","tintindex":0}}},{"from":[12.328609,10.062257,6.857143],"to":[10.614324,8.347971,6.285714],"rotation":{"angle":-22.5,"axis":"z","origin":[12.042894,8.633685,9.428572]},"faces":{"east":{"uv":[16.0,15.125,15.875,15.375],"rotation":0,"texture":"#0","tintindex":0},"south":{"uv":[16.0,15.25,15.875,15.375],"rotation":0,"texture":"#0","tintindex":0},"north":{"uv":[16.0,15.25,15.875,15.375],"rotation":0,"texture":"#0","tintindex":0},"west":{"uv":[16.0,15.25,15.875,15.375],"rotation":0,"texture":"#0","tintindex":0},"up":{"uv":[15.75,15.0,15.125,15.125],"rotation":0,"texture":"#0","tintindex":0},"down":{"uv":[16.0,15.25,15.875,15.375],"rotation":0,"texture":"#0","tintindex":0}}},{"from":[12.328609,10.062257,8.285714],"to":[10.614324,8.347971,7.714286],"rotation":{"angle":-22.5,"axis":"z","origin":[12.042894,8.633685,9.428572]},"faces":{"east":{"uv":[16.0,15.25,15.875,15.375],"rotation":0,"texture":"#0","tintindex":0},"south":{"uv":[16.0,15.25,15.875,15.375],"rotation":0,"texture":"#0","tintindex":0},"north":{"uv":[16.0,15.25,15.875,15.375],"rotation":0,"texture":"#0","tintindex":0},"west":{"uv":[16.0,15.25,15.875,15.375],"rotation":0,"texture":"#0","tintindex":0},"up":{"uv":[16.0,15.125,15.875,15.25],"rotation":0,"texture":"#0","tintindex":0},"down":{"uv":[16.0,15.25,15.875,15.375],"rotation":0,"texture":"#0","tintindex":0}}},{"from":[12.328609,10.062257,9.714286],"to":[10.614324,8.347971,9.142858],"rotation":{"angle":-22.5,"axis":"z","origin":[12.042894,8.633685,9.428572]},"faces":{"east":{"uv":[16.0,15.125,15.875,15.375],"rotation":0,"texture":"#0","tintindex":0},"south":{"uv":[16.0,15.25,15.875,15.375],"rotation":0,"texture":"#0","tintindex":0},"north":{"uv":[16.0,15.25,15.875,15.375],"rotation":0,"texture":"#0","tintindex":0},"west":{"uv":[16.0,15.25,15.875,15.375],"rotation":0,"texture":"#0","tintindex":0},"up":{"uv":[15.75,15.0,15.125,15.125],"rotation":0,"texture":"#0","tintindex":0},"down":{"uv":[16.0,15.25,15.875,15.375],"rotation":0,"texture":"#0","tintindex":0}}},{"from":[7.7085714,7.9942856,6.5657144],"to":[11.72,9.148571,9.434286],"rotation":{"angle":22.5,"axis":"z","origin":[10.285714,9.142858,8.0]},"faces":{"east":{"uv":[1.25,7.375,1.875,7.625],"rotation":0,"texture":"#0","tintindex":0},"south":{"uv":[6.875,3.125,7.75,3.375],"rotation":0,"texture":"#0","tintindex":0},"north":{"uv":[6.5,6.75,7.375,7.0],"rotation":0,"texture":"#0","tintindex":0},"west":{"uv":[7.375,3.625,8.0,3.875],"rotation":0,"texture":"#0","tintindex":0},"up":{"uv":[3.125,5.75,2.25,5.125],"rotation":0,"texture":"#0","tintindex":0},"down":{"uv":[1.75,5.25,0.875,5.875],"rotation":0,"texture":"#0","tintindex":0}}},{"from":[7.714286,8.142858,6.857143],"to":[10.571428,9.285714,9.142858],"rotation":{"angle":0.0,"axis":"y","origin":[10.285714,9.142858,8.0]},"faces":{"east":{"uv":[7.25,7.5,7.75,7.75],"rotation":0,"texture":"#0","tintindex":0},"south":{"uv":[4.75,7.375,5.375,7.625],"rotation":0,"texture":"#0","tintindex":0},"north":{"uv":[4.125,7.375,4.75,7.625],"rotation":0,"texture":"#0","tintindex":0},"west":{"uv":[0.0,7.625,0.5,7.875],"rotation":0,"texture":"#0","tintindex":0},"up":{"uv":[2.75,3.375,2.125,2.875],"rotation":0,"texture":"#0","tintindex":0},"down":{"uv":[6.875,3.125,6.25,3.625],"rotation":0,"texture":"#0","tintindex":0}}},{"from":[10.857143,9.571428,9.428572],"to":[7.428571,8.142858,6.5714283],"rotation":{"angle":0.0,"axis":"y","origin":[10.285714,9.142858,8.0]},"faces":{"east":{"uv":[15.875,15.5,16.0,15.625],"rotation":0,"texture":"#0","tintindex":0},"south":{"uv":[15.875,15.5,16.0,15.625],"rotation":0,"texture":"#0","tintindex":0},"north":{"uv":[15.875,15.5,16.0,15.625],"rotation":0,"texture":"#0","tintindex":0},"west":{"uv":[15.875,15.5,16.0,15.625],"rotation":0,"texture":"#0","tintindex":0},"up":{"uv":[15.875,15.5,16.0,15.625],"rotation":0,"texture":"#0","tintindex":0},"down":{"uv":[15.875,15.5,16.0,15.625],"rotation":0,"texture":"#0","tintindex":0}}},{"from":[10.900038,8.633685,9.428572],"to":[12.042894,9.776543,9.428572],"rotation":{"angle":-22.5,"axis":"z","origin":[12.042894,8.633685,9.428572]},"faces":{"east":{"uv":[0.0,0.0,0.0,0.25],"rotation":0,"texture":"#0","tintindex":0},"south":{"uv":[7.875,1.875,8.125,2.125],"rotation":0,"texture":"#0","tintindex":0},"north":{"uv":[7.875,1.25,8.125,1.5],"rotation":0,"texture":"#0","tintindex":0},"west":{"uv":[0.0,0.0,0.0,0.25],"rotation":0,"texture":"#0","tintindex":0},"up":{"uv":[0.25,0.0,0.0,0.0],"rotation":0,"texture":"#0","tintindex":0},"down":{"uv":[0.25,0.0,0.0,0.0],"rotation":0,"texture":"#0","tintindex":0}}},{"from":[10.900038,8.633685,6.5714283],"to":[12.042894,9.776543,6.5714283],"rotation":{"angle":-22.5,"axis":"z","origin":[12.042894,8.633685,9.428572]},"faces":{"east":{"uv":[0.0,0.0,0.0,0.25],"rotation":0,"texture":"#0","tintindex":0},"south":{"uv":[7.875,2.375,8.125,2.625],"rotation":0,"texture":"#0","tintindex":0},"north":{"uv":[7.875,2.125,8.125,2.375],"rotation":0,"texture":"#0","tintindex":0},"west":{"uv":[0.0,0.0,0.0,0.25],"rotation":0,"texture":"#0","tintindex":0},"up":{"uv":[0.25,0.0,0.0,0.0],"rotation":0,"texture":"#0","tintindex":0},"down":{"uv":[0.25,0.0,0.0,0.0],"rotation":0,"texture":"#0","tintindex":0}}},{"from":[10.900038,8.633685,8.0],"to":[12.042894,9.776543,8.0],"rotation":{"angle":-22.5,"axis":"z","origin":[12.042894,8.633685,9.428572]},"faces":{"east":{"uv":[0.0,0.0,0.0,0.25],"rotation":0,"texture":"#0","tintindex":0},"south":{"uv":[7.875,2.875,8.125,3.125],