{"elements":[{"from":[7.8357143,8.044975,2.0304828],"to":[7.8357143,21.759262,15.744769],"rotation":{"angle":0.0,"axis":"y","origin":[7.8357143,12.616405,8.330483]},"faces":{"east":{"uv":[4.40625,5.03425,5.622,6.03125],"rotation":0,"texture":"#6","tintindex":0},"south":{"uv":[4.40625,5.03425,5.622,6.03125],"rotation":0,"texture":"#6","tintindex":0},"north":{"uv":[4.40625,5.03425,5.622,6.03125],"rotation":0,"texture":"#6","tintindex":0},"west":{"uv":[4.40625,5.03425,5.622,6.03125],"rotation":0,"texture":"#6","tintindex":0},"up":{"uv":[4.40625,5.03425,5.622,6.03125],"rotation":0,"texture":"#6","tintindex":0},"down":{"uv":[4.40625,5.03425,5.622,6.03125],"rotation":0,"texture":"#6","tintindex":0}}},{"from":[7.8357143,8.044975,2.6019115],"to":[7.8357143,20.616405,14.601912],"rotation":{"angle":-22.5,"axis":"z","origin":[7.8357143,8.044975,8.330483]},"faces":{"east":{"uv":[4.40625,5.03425,5.622,6.03125],"rotation":0,"texture":"#6","tintindex":0},"south":{"uv":[4.40625,5.03425,5.622,6.03125],"rotation":0,"texture":"#6","tintindex":0},"north":{"uv":[4.40625,5.03425,5.622,6.03125],"rotation":0,"texture":"#6","tintindex":0},"west":{"uv":[4.40625,5.03425,5.622,6.03125],"rotation":0,"texture":"#6","tintindex":0},"up":{"uv":[4.40625,5.03425,5.622,6.03125],"rotation":0,"texture":"#6","tintindex":0},"down":{"uv":[4.40625,5.03425,5.622,6.03125],"rotation":0,"texture":"#6","tintindex":0}}},{"from":[7.8357143,8.044975,2.0304828],"to":[7.8357143,20.616405,14.601912],"rotation":{"angle":22.5,"axis":"z","origin":[7.8357143,8.044975,8.330483]},"faces":{"east":{"uv":[4.40625,5.03425,5.622,6.03125],"rotation":0,"texture":"#6","tintindex":0},"south":{"uv":[4.40625,5.03425,5.622,6.03125],"rotation":0,"texture":"#6","tintindex":0},"north":{"uv":[4.40625,5.03425,5.622,6.03125],"rotation":0,"texture":"#6","tintindex":0},"west":{"uv":[4.40625,5.03425,5.622,6.03125],"rotation":0,"texture":"#6","tintindex":0},"up":{"uv":[4.40625,5.03425,5.622,6.03125],"rotation":0,"texture":"#6","tintindex":0},"down":{"uv":[4.40625,5.03425,5.622,6.03125],"rotation":0,"texture":"#6","tintindex":0}}}],"textures":{"6":"modelengine:entity/fdefender_sfe_start"},"display":{"head":{"translation":[0.0,-6.4,0.0],"scale":[4.0,4.0,4.0]}}}