{"elements":[{"from":[8.057143,6.357143,6.857143],"to":[9.2,7.2714286,9.142858],"rotation":{"angle":0.0,"axis":"y","origin":[8.157143,-0.45000076,8.0]},"faces":{"east":{"uv":[6.3125,1.375,6.5625,1.5],"rotation":0,"texture":"#8","tintindex":0},"south":{"uv":[4.375,7.875,4.5,8.0],"rotation":0,"texture":"#8","tintindex":0},"north":{"uv":[7.875,4.25,8.0,4.375],"rotation":0,"texture":"#8","tintindex":0},"west":{"uv":[6.3125,2.8125,6.5625,2.9375],"rotation":0,"texture":"#8","tintindex":0},"up":{"uv":[2.3125,6.5625,2.1875,6.3125],"rotation":0,"texture":"#8","tintindex":0},"down":{"uv":[6.4375,3.0,6.3125,3.25],"rotation":0,"texture":"#8","tintindex":0}}},{"from":[8.057143,5.3571424,6.857143],"to":[9.2,6.2714286,9.142858],"rotation":{"angle":0.0,"axis":"y","origin":[8.157143,-0.45000076,8.0]},"faces":{"east":{"uv":[6.3125,3.3125,6.5625,3.4375],"rotation":0,"texture":"#8","tintindex":0},"south":{"uv":[7.875,4.625,8.0,4.75],"rotation":0,"texture":"#8","tintindex":0},"north":{"uv":[7.875,4.4375,8.0,4.5625],"rotation":0,"texture":"#8","tintindex":0},"west":{"uv":[6.3125,4.8125,6.5625,4.9375],"rotation":0,"texture":"#8","tintindex":0},"up":{"uv":[5.375,6.5625,5.25,6.3125],"rotation":0,"texture":"#8","tintindex":0},"down":{"uv":[5.75,6.3125,5.625,6.5625],"rotation":0,"texture":"#8","tintindex":0}}},{"from":[8.057143,7.357143,6.857143],"to":[9.2,8.271429,9.142858],"rotation":{"angle":0.0,"axis":"y","origin":[8.157143,-0.45000076,8.0]},"faces":{"east":{"uv":[6.3125,5.5,6.5625,5.625],"rotation":0,"texture":"#8","tintindex":0},"south":{"uv":[5.0,7.875,5.125,8.0],"rotation":0,"texture":"#8","tintindex":0},"north":{"uv":[7.875,4.8125,8.0,4.9375],"rotation":0,"texture":"#8","tintindex":0},"west":{"uv":[6.3125,5.875,6.5625,6.0],"rotation":0,"texture":"#8","tintindex":0},"up":{"uv":[5.9375,6.5625,5.8125,6.3125],"rotation":0,"texture":"#8","tintindex":0},"down":{"uv":[0.625,6.375,0.5,6.625],"rotation":0,"texture":"#8","tintindex":0}}},{"from":[6.8,7.357143,6.857143],"to":[7.9428573,8.271429,9.142858],"rotation":{"angle":0.0,"axis":"y","origin":[6.9,-0.45000076,8.0]},"faces":{"east":{"uv":[6.375,0.1875,6.625,0.3125],"rotation":0,"texture":"#8","tintindex":0},"south":{"uv":[5.5,7.875,5.625,8.0],"rotation":0,"texture":"#8","tintindex":0},"north":{"uv":[5.1875,7.875,5.3125,8.0],"rotation":0,"texture":"#8","tintindex":0},"west":{"uv":[1.5625,6.375,1.8125,6.5],"rotation":0,"texture":"#8","tintindex":0},"up":{"uv":[2.875,6.625,2.75,6.375],"rotation":0,"texture":"#8","tintindex":0},"down":{"uv":[4.0,6.375,3.875,6.625],"rotation":0,"texture":"#8","tintindex":0}}},{"from":[6.8,6.357143,6.857143],"to":[7.9428573,7.2714286,9.142858],"rotation":{"angle":0.0,"axis":"y","origin":[6.9,-0.45000076,8.0]},"faces":{"east":{"uv":[6.375,2.25,6.625,2.375],"rotation":0,"texture":"#8","tintindex":0},"south":{"uv":[5.6875,7.875,5.8125,8.0],"rotation":0,"texture":"#8","tintindex":0},"north":{"uv":[7.875,5.5,8.0,5.625],"rotation":0,"texture":"#8","tintindex":0},"west":{"uv":[6.375,4.125,6.625,4.25],"rotation":0,"texture":"#8","tintindex":0},"up":{"uv":[6.5,4.5625,6.375,4.3125],"rotation":0,"texture":"#8","tintindex":0},"down":{"uv":[4.9375,6.375,4.8125,6.625],"rotation":0,"texture":"#8","tintindex":0}}},{"from":[6.8,5.3571424,6.857143],"to":[7.9428573,6.2714286,9.142858],"rotation":{"angle":0.0,"axis":"y","origin":[6.9,-0.45000076,8.0]},"faces":{"east":{"uv":[6.375,5.6875,6.625,5.8125],"rotation":0,"texture":"#8","tintindex":0},"south":{"uv":[7.875,5.9375,8.0,6.0625],"rotation":0,"texture":"#8","tintindex":0},"north":{"uv":[5.875,7.875,6.0,8.0],"rotation":0,"texture":"#8","tintindex":0},"west":{"uv":[6.375,6.0625,6.625,6.1875],"rotation":0,"texture":"#8","tintindex":0},"up":{"uv":[5.125,6.625,5.0,6.375],"rotation":0,"texture":"#8","tintindex":0},"down":{"uv":[6.5,6.25,6.375,6.5],"rotation":0,"texture":"#8","tintindex":0}}},{"from":[6.942857,8.535714,6.942857],"to":[9.057143,8.935715,9.057143],"rotation":{"angle":0.0,"axis":"y","origin":[9.085714,3.3071427,8.0]},"faces":{"east":{"uv":[7.875,6.125,8.125,6.1875],"rotation":0,"texture":"#8","tintindex":0},"south":{"uv":[6.25,7.875,6.5,7.9375],"rotation":0,"texture":"#8","tintindex":0},"north":{"uv":[7.875,5.6875,8.125,5.75],"rotation":0,"texture":"#8","tintindex":0},"west":{"uv":[7.875,6.25,8.125,6.3125],"rotation":0,"texture":"#8","tintindex":0},"up":{"uv":[2.125,4.25,1.875,4.0],"rotation":0,"texture":"#8","tintindex":0},"down":{"uv":[2.4375,4.0,2.1875,4.25],"rotation":0,"texture":"#8","tintindex":0}}},{"from":[7.1142855,5.028571,7.028571],"to":[9.057143,8.685715,8.971429],"rotation":{"angle":0.0,"axis":"y","origin":[9.028571,0.5714283,8.0]},"faces":{"east":{"uv":[8.5625,7.0,15.5,7.875],"rotation":0,"texture":"#0","tintindex":0},"south":{"uv":[8.5625,7.0,15.5,7.875],"rotation":0,"texture":"#0","tintindex":0},"north":{"uv":[8.5625,7.0,15.5,7.875],"rotation":0,"texture":"#0","tintindex":0},"west":{"uv":[8.5625,7.0,15.5,7.875],"rotation":0,"texture":"#0","tintindex":0},"up":{"uv":[8.5625,7.0,15.5,7.875],"rotation":0,"texture":"#0","tintindex":0},"down":{"uv":[8.5625,7.0,15.5,7.875],"rotation":0,"texture":"#0","tintindex":0}}}],"textures":{"0":"modelengine:entity/boneshadingdefender","8":"modelengine:entity/fallen_defendress"},"display":{"head":{"translation":[0.0,-6.4,0.0],"scale":[4.0,4.0,4.0]}}}