{"elements":[{"from":[7.688214,8.144545,9.235714],"to":[8.328214,8.944545,9.464286],"rotation":{"angle":-22.5,"axis":"x","origin":[8.008214,9.065973,9.35]},"faces":{"east":{"uv":[7.9375,8.875,8.0,9.0],"rotation":0,"texture":"#8","tintindex":0},"south":{"uv":[1.9375,7.6875,2.0625,7.8125],"rotation":0,"texture":"#8","tintindex":0},"north":{"uv":[6.5625,7.625,6.6875,7.75],"rotation":0,"texture":"#8","tintindex":0},"west":{"uv":[8.0625,8.875,8.125,9.0],"rotation":0,"texture":"#8","tintindex":0},"up":{"uv":[9.0,8.1875,8.875,8.125],"rotation":0,"texture":"#8","tintindex":0},"down":{"uv":[9.0625,0.125,8.9375,0.1875],"rotation":0,"texture":"#8","tintindex":0}}},{"from":[7.140557,7.819988,9.341128],"to":[8.875872,8.274845,9.795985],"rotation":{"angle":22.5,"axis":"x","origin":[8.008214,8.444545,9.238376]},"faces":{"east":{"uv":[9.375,5.0625,9.4375,5.125],"rotation":0,"texture":"#8","tintindex":0},"south":{"uv":[7.6875,0.625,7.9375,0.6875],"rotation":0,"texture":"#8","tintindex":0},"north":{"uv":[7.6875,0.5,7.9375,0.5625],"rotation":0,"texture":"#8","tintindex":0},"west":{"uv":[5.1875,9.375,5.25,9.4375],"rotation":0,"texture":"#8","tintindex":0},"up":{"uv":[7.9375,0.8125,7.6875,0.75],"rotation":0,"texture":"#8","tintindex":0},"down":{"uv":[7.9375,0.875,7.6875,0.9375],"rotation":0,"texture":"#8","tintindex":0}}},{"from":[7.1396427,7.9302588,9.057143],"to":[8.876785,8.95883,9.514286],"rotation":{"angle":-22.5,"axis":"x","origin":[8.008214,8.444545,9.238376]},"faces":{"east":{"uv":[7.6875,8.875,7.75,9.0],"rotation":0,"texture":"#8","tintindex":0},"south":{"uv":[0.0,6.0,0.25,6.125],"rotation":0,"texture":"#8","tintindex":0},"north":{"uv":[5.9375,2.4375,6.1875,2.5625],"rotation":0,"texture":"#8","tintindex":0},"west":{"uv":[7.8125,8.875,7.875,9.0],"rotation":0,"texture":"#8","tintindex":0},"up":{"uv":[7.875,7.6875,7.625,7.625],"rotation":0,"texture":"#8","tintindex":0},"down":{"uv":[7.9375,0.0,7.6875,0.0625],"rotation":0,"texture":"#8","tintindex":0}}},{"from":[7.140557,8.5472975,8.613819],"to":[8.875872,9.002154,9.068676],"rotation":{"angle":22.5,"axis":"x","origin":[8.008214,8.444545,9.238376]},"faces":{"east":{"uv":[9.375,4.9375,9.4375,5.0],"rotation":0,"texture":"#8","tintindex":0},"south":{"uv":[7.625,6.5,7.875,6.5625],"rotation":0,"texture":"#8","tintindex":0},"north":{"uv":[6.25,7.625,6.5,7.6875],"rotation":0,"texture":"#8","tintindex":0},"west":{"uv":[5.0625,9.375,5.125,9.4375],"rotation":0,"texture":"#8","tintindex":0},"up":{"uv":[7.875,7.25,7.625,7.1875],"rotation":0,"texture":"#8","tintindex":0},"down":{"uv":[7.875,7.5,7.625,7.5625],"rotation":0,"texture":"#8","tintindex":0}}},{"from":[7.3224998,5.5588303,7.142857],"to":[8.693929,8.415973,8.857143],"rotation":{"angle":0.0,"axis":"y","origin":[8.008214,7.8445444,8.0]},"faces":{"east":{"uv":[8.5625,7.0,15.5,7.875],"rotation":0,"texture":"#0","tintindex":0},"south":{"uv":[8.5625,7.0,15.5,7.875],"rotation":0,"texture":"#0","tintindex":0},"north":{"uv":[8.5625,7.0,15.5,7.875],"rotation":0,"texture":"#0","tintindex":0},"west":{"uv":[8.5625,7.0,15.5,7.875],"rotation":0,"texture":"#0","tintindex":0},"up":{"uv":[8.5625,7.0,15.5,7.875],"rotation":0,"texture":"#0","tintindex":0},"down":{"uv":[8.5625,7.0,15.5,7.875],"rotation":0,"texture":"#0","tintindex":0}}},{"from":[7.036785,6.915973,6.857143],"to":[7.9510713,7.830259,9.142858],"rotation":{"angle":0.0,"axis":"y","origin":[5.208214,-4.034028,8.0]},"faces":{"east":{"uv":[4.9375,5.875,5.1875,6.0],"rotation":0,"texture":"#8","tintindex":0},"south":{"uv":[7.5625,6.875,7.6875,7.0],"rotation":0,"texture":"#8","tintindex":0},"north":{"uv":[7.5625,6.6875,7.6875,6.7875],"rotation":0,"texture":"#8","tintindex":0},"west":{"uv":[5.875,5.125,6.125,5.25],"rotation":0,"texture":"#8","tintindex":0},"up":{"uv":[6.0,5.9375,5.875,5.6875],"rotation":0,"texture":"#8","tintindex":0},"down":{"uv":[1.3125,5.9375,1.1875,6.1875],"rotation":0,"texture":"#8","tintindex":0}}},{"from":[8.0425,6.915973,6.857143],"to":[8.956785,7.830259,9.142858],"rotation":{"angle":0.0,"axis":"y","origin":[6.213928,-4.034028,8.0]},"faces":{"east":{"uv":[5.875,2.6875,6.125,2.8125],"rotation":0,"texture":"#8","tintindex":0},"south":{"uv":[7.5625,5.8125,7.6875,5.9375],"rotation":0,"texture":"#8","tintindex":0},"north":{"uv":[5.75,7.5625,5.875,7.6625],"rotation":0,"texture":"#8","tintindex":0},"west":{"uv":[5.875,4.0625,6.125,4.1875],"rotation":0,"texture":"#8","tintindex":0},"up":{"uv":[4.4375,6.125,4.3125,5.875],"rotation":0,"texture":"#8","tintindex":0},"down":{"uv":[4.625,5.875,4.5,6.125],"rotation":0,"texture":"#8","tintindex":0}}},{"from":[7.0824995,5.273116,6.9142857],"to":[7.905357,6.087402,9.085714],"rotation":{"angle":0.0,"axis":"y","origin":[5.208214,-5.748314,8.0]},"faces":{"east":{"uv":[5.9375,1.3125,6.1875,1.4375],"rotation":0,"texture":"#8","tintindex":0},"south":{"uv":[7.625,1.0625,7.75,1.1875],"rotation":0,"texture":"#8","tintindex":0},"north":{"uv":[1.0625,7.625,1.1875,7.7265625],"rotation":0,"texture":"#8","tintindex":0},"west":{"uv":[5.9375,2.0625,6.1875,2.1875],"rotation":0,"texture":"#8","tintindex":0},"up":{"uv":[3.625,6.1875,3.5,5.9375],"rotation":0,"texture":"#8","tintindex":0},"down":{"uv":[3.8125,5.9375,3.6875,6.1875],"rotation":0,"texture":"#8","tintindex":0}}},{"from":[8.088214,5.273116,6.9142857],"to":[8.911071,6.087402,9.085714],"rotation":{"angle":0.0,"axis":"y","origin":[6.213928,-5.748314,8.0]},"faces":{"east":{"uv":[5.875,5.3125,6.125,5.4375],"rotation":0,"texture":"#8","tintindex":0},"south":{"uv":[0.75,7.625,0.875,7.75],"rotation":0,"texture":"#8","tintindex":0},"north":{"uv":[7.625,0.3125,7.75,0.4140625],"rotation":0,"texture":"#8","tintindex":0},"west":{"uv":[5.9375,0.75,6.1875,0.875],"rotation":0,"texture":"#8","tintindex":0},"up":{"uv":[2.1875,6.1875,2.0625,5.9375],"rotation":0,"texture":"#8","tintindex":0},"down":{"uv":[3.4375,5.9375,3.3125,6.1875],"rotation":0,"texture":"#8","tintindex":0}}},{"from":[8.462614,5.555402,6.753714],"to":[8.925242,7.8479733,7.332],"rotation":{"angle":-22.5,"axis":"y","origin":[8.693929,7.8445444,7.2714286]},"faces":{"east":{"uv":[3.5,7.125,3.5625,7.375],"rotation":0,"texture":"#8","tintindex":0},"south":{"uv":[3.625,7.125,3.6875,7.375],"rotation":0,"texture":"#8","tintindex":0},"north":{"uv":[1.625,7.125,1.6875,7.375],"rotation":0,"texture":"#8","tintindex":0},"west":{"uv":[7.125,4.6875,7.1875,4.9375],"rotation":0,"texture":"#8","tintindex":0},"up":{"uv":[9.1875,8.5625,9.125,8.5],"rotation":0,"texture":"#8","tintindex":0},"down":{"uv":[9.1875,8.625,9.125,8.6875],"rotation":0,"texture":"#8","tintindex":0}}},{"from":[8.462614,5.555402,8.796572],"to":[8.925242,7.8479733,9.374857],"rotation":{"angle":22.5,"axis":"y","origin":[8.693929,7.8445444,8.857143]},"faces":{"east":{"uv":[1.0625,7.125,1.125,7.375],"rotation":0,"texture":"#8","tintindex":0},"south":{"uv":[1.1875,7.125,1.25,7.375],"rotation":0,"texture":"#8","tintindex":0},"north":{"uv":[7.0,7.0625,7.0625,7.3125],"rotation":0,"texture":"#8","tintindex":0},"west":{"uv":[1.5,7.125,1.5625,7.375],"rotation":0,"texture":"#8","tintindex":0},"up":{"uv":[9.1875,8.3125,9.125,8.25],"rotation":0,"texture":"#8","tintindex":0},"down":{"uv":[9.1875,8.375,9.125,8.4375],"rotation":0,"texture":"#8","tintindex":0}}},{"from":[7.0939283,6.2445445,6.885714],"to":[8.9225,6.8159733,9.171429],"rotation":{"angle":0.0,"axis":"y","origin":[7.7796426,6.215973,9.857143]},"faces":{"east":{"uv":[7.625,2.5,7.875,2.5625],"rotation":0,"texture":"#8","tintindex":0},"south":{"uv":[7.625,2.625,7.875,2.6875],"rotation":0,"texture":"#8","tintindex":0},"north":{"uv":[1.25,7.625,1.5,7.6875],"rotation":0,"texture":"#8","tintindex":0},"west":{"uv":[3.4375,7.625,3.6875,7.6875],"rotation":0,"texture":"#8","tintindex":0},"up":{"uv":[3.5,4.0625,3.25,3.8125],"rotation":0,"texture":"#8","tintindex":0},"down":{"uv":[0.625,3.875,0.375,4.125],"rotation":0,"texture":"#8","tintindex":0}}}],"textures":{"0":"modelengine:entity/boneshadingdefender","8":"modelengine:entity/fallen_defendress"},"display":{"head":{"translation":[0.0,-6.4,0.0],