{"elements":[{"from":[7.426857,8.464685,4.630971],"to":[8.578857,9.045258,5.7829714],"rotation":{"angle":45.0,"axis":"x","origin":[8.5742855,8.7549715,4.971257]},"faces":{"east":{"uv":[8.4375,4.8125,8.5625,4.875],"rotation":0,"texture":"#8","tintindex":0},"south":{"uv":[8.4375,5.375,8.5625,5.4375],"rotation":0,"texture":"#8","tintindex":0},"north":{"uv":[4.75,8.4375,4.875,8.5],"rotation":0,"texture":"#8","tintindex":0},"west":{"uv":[5.5,8.4375,5.625,8.5],"rotation":0,"texture":"#8","tintindex":0},"up":{"uv":[7.3125,2.125,7.1875,2.0],"rotation":0,"texture":"#8","tintindex":0},"down":{"uv":[7.3125,2.375,7.1875,2.5],"rotation":0,"texture":"#8","tintindex":0}}},{"from":[6.8542857,7.519257,5.371257],"to":[9.145715,8.667829,9.376971],"rotation":{"angle":0.0,"axis":"y","origin":[8.0,14.093543,8.231257]},"faces":{"east":{"uv":[1.625,4.3125,2.0625,4.4375],"rotation":0,"texture":"#8","tintindex":0},"south":{"uv":[5.5625,2.6875,5.8125,2.8125],"rotation":0,"texture":"#8","tintindex":0},"north":{"uv":[2.625,5.5625,2.875,5.6875],"rotation":0,"texture":"#8","tintindex":0},"west":{"uv":[4.3125,1.75,4.75,1.875],"rotation":0,"texture":"#8","tintindex":0},"up":{"uv":[3.3125,0.75,3.0625,0.3125],"rotation":0,"texture":"#8","tintindex":0},"down":{"uv":[0.625,3.0625,0.375,3.5],"rotation":0,"texture":"#8","tintindex":0}}},{"from":[6.9142857,8.093543,7.6598287],"to":[9.085714,9.236401,9.316972],"rotation":{"angle":0.0,"axis":"y","origin":[8.0,14.664972,8.231257]},"faces":{"east":{"uv":[6.5625,2.0625,6.75,2.1875],"rotation":0,"texture":"#8","tintindex":0},"south":{"uv":[5.5625,1.125,5.8125,1.25],"rotation":0,"texture":"#8","tintindex":0},"north":{"uv":[5.5625,0.375,5.8125,0.5],"rotation":0,"texture":"#8","tintindex":0},"west":{"uv":[6.5625,2.4375,6.75,2.5625],"rotation":0,"texture":"#8","tintindex":0},"up":{"uv":[4.375,4.6875,4.125,4.5],"rotation":0,"texture":"#8","tintindex":0},"down":{"uv":[4.6875,4.5,4.4375,4.6875],"rotation":0,"texture":"#8","tintindex":0}}},{"from":[7.428571,7.5221143,4.8026857],"to":[8.571428,8.664971,5.374114],"rotation":{"angle":0.0,"axis":"y","origin":[8.0,14.093543,8.231257]},"faces":{"east":{"uv":[7.0625,8.375,7.125,8.5],"rotation":0,"texture":"#8","tintindex":0},"south":{"uv":[7.1875,1.4375,7.3125,1.5625],"rotation":0,"texture":"#8","tintindex":0},"north":{"uv":[7.1875,1.25,7.3125,1.375],"rotation":0,"texture":"#8","tintindex":0},"west":{"uv":[0.875,8.4375,0.9375,8.5625],"rotation":0,"texture":"#8","tintindex":0},"up":{"uv":[8.5625,4.625,8.4375,4.5625],"rotation":0,"texture":"#8","tintindex":0},"down":{"uv":[8.5625,4.6875,8.4375,4.75],"rotation":0,"texture":"#8","tintindex":0}}}],"textures":{"8":"modelengine:entity/fallen_defendress"},"display":{"head":{"translation":[0.0,-6.4,0.0],"scale":[4.0,4.0,4.0]}}}