{"elements":[{"from":[5.142857,7.428571,5.714286],"to":[10.857143,12.0,10.285714],"rotation":{"angle":0.0,"axis":"y","origin":[8.0,9.714286,8.0]},"faces":{"east":{"uv":[1.375,4.125,2.375,5.125],"rotation":0,"texture":"#0","tintindex":0},"south":{"uv":[3.375,1.125,4.625,2.125],"rotation":0,"texture":"#0","tintindex":0},"north":{"uv":[3.375,0.0,4.625,1.0],"rotation":0,"texture":"#0","tintindex":0},"west":{"uv":[0.0,4.375,1.0,5.375],"rotation":0,"texture":"#0","tintindex":0},"up":{"uv":[4.625,3.25,3.375,2.25],"rotation":0,"texture":"#0","tintindex":0},"down":{"uv":[4.625,3.375,3.375,4.375],"rotation":0,"texture":"#0","tintindex":0}}},{"from":[5.885714,9.542857,5.6571426],"to":[6.457143,10.114286,5.6571426],"rotation":{"angle":0.0,"axis":"y","origin":[8.0,9.714286,8.0]},"faces":{"east":{"uv":[3.25,4.125,3.25,4.25],"rotation":0,"texture":"#0","tintindex":0},"south":{"uv":[6.5,3.75,6.625,3.875],"rotation":0,"texture":"#0","tintindex":0},"north":{"uv":[6.25,3.75,6.375,3.875],"rotation":0,"texture":"#0","tintindex":0},"west":{"uv":[4.875,5.25,4.875,5.375],"rotation":0,"texture":"#0","tintindex":0},"up":{"uv":[1.25,5.125,1.125,5.125],"rotation":0,"texture":"#0","tintindex":0},"down":{"uv":[6.125,1.375,6.0,1.375],"rotation":0,"texture":"#0","tintindex":0}}},{"from":[8.742857,9.542857,5.6571426],"to":[9.314285,10.114286,5.6571426],"rotation":{"angle":0.0,"axis":"y","origin":[8.0,9.714286,8.0]},"faces":{"east":{"uv":[4.875,5.5,4.875,5.625],"rotation":0,"texture":"#0","tintindex":0},"south":{"uv":[0.75,7.0,0.875,7.125],"rotation":0,"texture":"#0","tintindex":0},"north":{"uv":[6.75,3.75,6.875,3.875],"rotation":0,"texture":"#0","tintindex":0},"west":{"uv":[7.0,1.625,7.0,1.75],"rotation":0,"texture":"#0","tintindex":0},"up":{"uv":[5.75,6.625,5.625,6.625],"rotation":0,"texture":"#0","tintindex":0},"down":{"uv":[6.0,6.625,5.875,6.625],"rotation":0,"texture":"#0","tintindex":0}}},{"from":[2.514285,8.6285715,5.6285715],"to":[7.6571426,11.485714,5.6285715],"rotation":{"angle":22.5,"axis":"z","origin":[5.485714,10.228572,5.6285715]},"faces":{"east":{"uv":[3.75,8.375,3.75,9.0],"rotation":0,"texture":"#0","tintindex":0},"south":{"uv":[3.75,4.5,4.875,5.125],"rotation":0,"texture":"#0","tintindex":0},"north":{"uv":[2.5,4.5,3.625,5.125],"rotation":0,"texture":"#0","tintindex":0},"west":{"uv":[3.875,8.375,3.875,9.0],"rotation":0,"texture":"#0","tintindex":0},"up":{"uv":[9.5,3.875,8.375,3.875],"rotation":0,"texture":"#0","tintindex":0},"down":{"uv":[9.5,4.0,8.375,4.0],"rotation":0,"texture":"#0","tintindex":0}}},{"from":[8.342857,8.6285715,5.6285715],"to":[13.485715,11.485714,5.6285715],"rotation":{"angle":-22.5,"axis":"z","origin":[10.514286,10.228572,5.6285715]},"faces":{"east":{"uv":[8.375,4.125,8.375,4.75],"rotation":0,"texture":"#0","tintindex":0},"south":{"uv":[4.75,0.75,5.875,1.375],"rotation":0,"texture":"#0","tintindex":0},"north":{"uv":[4.75,0.0,5.875,0.625],"rotation":0,"texture":"#0","tintindex":0},"west":{"uv":[8.375,5.625,8.375,6.25],"rotation":0,"texture":"#0","tintindex":0},"up":{"uv":[9.5,4.875,8.375,4.875],"rotation":0,"texture":"#0","tintindex":0},"down":{"uv":[9.5,5.0,8.375,5.0],"rotation":0,"texture":"#0","tintindex":0}}}],"textures":{"0":"modelengine:entity/nocsy_toom_zen_priest"},"display":{"head":{"translation":[0.0,-6.4,0.0],"scale":[4.0,4.0,4.0]}}}