{"elements":[{"from":[6.0,5.714286,6.857143],"to":[8.285714,8.0,9.142858],"rotation":{"angle":0.0,"axis":"y","origin":[10.571428,-5.1428576,8.0]},"faces":{"east":{"uv":[6.504,2.254,6.996,2.746],"rotation":0,"texture":"#0","tintindex":0},"south":{"uv":[6.629,4.629,7.121,5.121],"rotation":0,"texture":"#0","tintindex":0},"north":{"uv":[1.879,6.504,2.371,6.996],"rotation":0,"texture":"#0","tintindex":0},"west":{"uv":[6.754,0.004,7.246,0.496],"rotation":0,"texture":"#0","tintindex":0},"up":{"uv":[7.246,4.371,6.754,3.879],"rotation":0,"texture":"#0","tintindex":0},"down":{"uv":[6.871,6.754,6.379,7.246],"rotation":0,"texture":"#0","tintindex":0}}},{"from":[7.5714283,5.142857,6.857143],"to":[8.142858,5.714286,9.142858],"rotation":{"angle":0.0,"axis":"y","origin":[10.428572,-5.714287,8.0]},"faces":{"east":{"uv":[6.504,2.254,6.996,2.371],"rotation":0,"texture":"#0","tintindex":0},"south":{"uv":[6.629,4.629,6.746,4.746],"rotation":0,"texture":"#0","tintindex":0},"north":{"uv":[1.879,6.754,1.996,6.871],"rotation":0,"texture":"#0","tintindex":0},"west":{"uv":[6.754,0.004,7.246,0.496],"rotation":0,"texture":"#0","tintindex":0},"up":{"uv":[7.246,4.371,6.754,3.879],"rotation":0,"texture":"#0","tintindex":0},"down":{"uv":[6.871,6.754,6.379,7.246],"rotation":0,"texture":"#0","tintindex":0}}},{"from":[6.142857,5.142857,6.857143],"to":[6.714286,5.714286,9.142858],"rotation":{"angle":0.0,"axis":"y","origin":[9.0,-5.714287,8.0]},"faces":{"east":{"uv":[6.504,2.254,6.996,2.746],"rotation":0,"texture":"#0","tintindex":0},"south":{"uv":[6.629,4.629,6.746,4.746],"rotation":0,"texture":"#0","tintindex":0},"north":{"uv":[1.879,6.754,1.996,6.871],"rotation":0,"texture":"#0","tintindex":0},"west":{"uv":[6.754,0.004,7.246,0.121],"rotation":0,"texture":"#0","tintindex":0},"up":{"uv":[7.246,4.371,6.754,3.879],"rotation":0,"texture":"#0","tintindex":0},"down":{"uv":[6.871,6.754,6.379,7.246],"rotation":0,"texture":"#0","tintindex":0}}},{"from":[7.142857,5.714286,6.714286],"to":[7.714286,9.142858,6.857143],"rotation":{"angle":0.0,"axis":"y","origin":[10.571428,-5.1428576,8.0]},"faces":{"east":{"uv":[7.379,10.379,7.496,11.121],"rotation":0,"texture":"#0","tintindex":0},"south":{"uv":[7.629,10.379,7.746,11.121],"rotation":0,"texture":"#0","tintindex":0},"north":{"uv":[4.879,10.254,4.996,10.996],"rotation":0,"texture":"#0","tintindex":0},"west":{"uv":[10.504,0.254,10.621,0.996],"rotation":0,"texture":"#0","tintindex":0},"up":{"uv":[1.496,12.996,1.379,12.879],"rotation":0,"texture":"#0","tintindex":0},"down":{"uv":[12.996,1.504,12.879,1.621],"rotation":0,"texture":"#0","tintindex":0}}},{"from":[6.5714283,8.0,6.857143],"to":[8.285714,9.142858,9.142858],"rotation":{"angle":0.0,"axis":"y","origin":[10.571428,-5.1428576,8.0]},"faces":{"east":{"uv":[9.129,4.004,9.621,4.246],"rotation":0,"texture":"#0","tintindex":0},"south":{"uv":[10.379,3.379,10.746,3.621],"rotation":0,"texture":"#0","tintindex":0},"north":{"uv":[10.254,10.254,10.621,10.496],"rotation":0,"texture":"#0","tintindex":0},"west":{"uv":[4.254,9.129,4.746,9.371],"rotation":0,"texture":"#0","tintindex":0},"up":{"uv":[4.996,6.746,4.629,6.254],"rotation":0,"texture":"#0","tintindex":0},"down":{"uv":[8.621,5.629,8.254,6.121],"rotation":0,"texture":"#0","tintindex":0}}},{"from":[6.287506,7.572626,6.8599997],"to":[6.858935,8.85834,9.14],"rotation":{"angle":-22.5,"axis":"z","origin":[7.144649,8.286912,8.0]},"faces":{"east":{"uv":[4.879,9.129,5.371,9.371],"rotation":0,"texture":"#0","tintindex":0},"south":{"uv":[7.629,12.379,7.746,12.621],"rotation":0,"texture":"#0","tintindex":0},"north":{"uv":[7.379,12.379,7.496,12.621],"rotation":0,"texture":"#0","tintindex":0},"west":{"uv":[5.504,9.129,5.996,9.371],"rotation":0,"texture":"#0","tintindex":0},"up":{"uv":[11.371,0.746,11.254,0.254],"rotation":0,"texture":"#0","tintindex":0},"down":{"uv":[0.621,11.254,0.504,11.746],"rotation":0,"texture":"#0","tintindex":0}}}],"textures":{"0":"modelengine:entity/fallenwarden1"},"display":{"head":{"translation":[0.0,-6.4,0.0],"scale":[4.0,4.0,4.0]}}}