{"elements":[{"from":[9.285714,5.142857,6.857143],"to":[9.857143,5.714286,9.142858],"rotation":{"angle":0.0,"axis":"y","origin":[7.0,-5.714287,8.0]},"faces":{"east":{"uv":[7.246,0.004,6.754,0.121],"rotation":0,"texture":"#0","tintindex":0},"south":{"uv":[6.746,4.629,6.629,4.746],"rotation":0,"texture":"#0","tintindex":0},"north":{"uv":[1.996,6.754,1.879,6.871],"rotation":0,"texture":"#0","tintindex":0},"west":{"uv":[6.996,2.254,6.504,2.746],"rotation":0,"texture":"#0","tintindex":0},"up":{"uv":[6.754,4.371,7.246,3.879],"rotation":0,"texture":"#0","tintindex":0},"down":{"uv":[6.379,6.754,6.871,7.246],"rotation":0,"texture":"#0","tintindex":0}}},{"from":[7.857143,5.142857,6.857143],"to":[8.428572,5.714286,9.142858],"rotation":{"angle":0.0,"axis":"y","origin":[5.5714283,-5.714287,8.0]},"faces":{"east":{"uv":[7.246,0.004,6.754,0.496],"rotation":0,"texture":"#0","tintindex":0},"south":{"uv":[6.746,4.629,6.629,4.746],"rotation":0,"texture":"#0","tintindex":0},"north":{"uv":[1.996,6.754,1.879,6.871],"rotation":0,"texture":"#0","tintindex":0},"west":{"uv":[6.996,2.254,6.504,2.371],"rotation":0,"texture":"#0","tintindex":0},"up":{"uv":[6.754,4.371,7.246,3.879],"rotation":0,"texture":"#0","tintindex":0},"down":{"uv":[6.379,6.754,6.871,7.246],"rotation":0,"texture":"#0","tintindex":0}}},{"from":[7.714286,5.714286,6.857143],"to":[10.0,8.0,9.142858],"rotation":{"angle":0.0,"axis":"y","origin":[5.428571,-5.1428576,8.0]},"faces":{"east":{"uv":[7.254,4.504,7.746,4.996],"rotation":0,"texture":"#0","tintindex":0},"south":{"uv":[7.379,0.004,7.871,0.496],"rotation":0,"texture":"#0","tintindex":0},"north":{"uv":[1.254,7.254,1.746,7.746],"rotation":0,"texture":"#0","tintindex":0},"west":{"uv":[7.379,3.504,7.871,3.996],"rotation":0,"texture":"#0","tintindex":0},"up":{"uv":[6.371,7.871,5.879,7.379],"rotation":0,"texture":"#0","tintindex":0},"down":{"uv":[7.996,2.754,7.504,3.246],"rotation":0,"texture":"#0","tintindex":0}}},{"from":[8.285714,5.714286,6.714286],"to":[8.857143,9.142858,6.857143],"rotation":{"angle":0.0,"axis":"y","origin":[5.428571,-5.1428576,8.0]},"faces":{"east":{"uv":[5.129,10.504,5.246,11.246],"rotation":0,"texture":"#0","tintindex":0},"south":{"uv":[5.379,10.504,5.496,11.246],"rotation":0,"texture":"#0","tintindex":0},"north":{"uv":[3.504,10.504,3.621,11.246],"rotation":0,"texture":"#0","tintindex":0},"west":{"uv":[5.629,10.504,5.746,11.246],"rotation":0,"texture":"#0","tintindex":0},"up":{"uv":[1.746,12.996,1.629,12.879],"rotation":0,"texture":"#0","tintindex":0},"down":{"uv":[12.996,1.754,12.879,1.871],"rotation":0,"texture":"#0","tintindex":0}}},{"from":[7.714286,8.0,6.857143],"to":[9.428572,9.142858,9.142858],"rotation":{"angle":0.0,"axis":"y","origin":[5.428571,-5.1428576,8.0]},"faces":{"east":{"uv":[9.254,0.004,9.746,0.246],"rotation":0,"texture":"#0","tintindex":0},"south":{"uv":[2.004,10.629,2.371,10.871],"rotation":0,"texture":"#0","tintindex":0},"north":{"uv":[6.504,10.504,6.871,10.746],"rotation":0,"texture":"#0","tintindex":0},"west":{"uv":[9.254,3.129,9.746,3.371],"rotation":0,"texture":"#0","tintindex":0},"up":{"uv":[3.246,8.871,2.879,8.379],"rotation":0,"texture":"#0","tintindex":0},"down":{"uv":[6.871,8.379,6.504,8.871],"rotation":0,"texture":"#0","tintindex":0}}},{"from":[9.141066,7.572626,6.8599997],"to":[9.712494,8.85834,9.14],"rotation":{"angle":22.5,"axis":"z","origin":[8.8553505,8.286912,8.0]},"faces":{"east":{"uv":[9.254,5.379,9.746,5.621],"rotation":0,"texture":"#0","tintindex":0},"south":{"uv":[8.504,12.379,8.621,12.621],"rotation":0,"texture":"#0","tintindex":0},"north":{"uv":[12.379,8.004,12.496,8.246],"rotation":0,"texture":"#0","tintindex":0},"west":{"uv":[9.254,7.129,9.746,7.371],"rotation":0,"texture":"#0","tintindex":0},"up":{"uv":[11.496,1.621,11.379,1.129],"rotation":0,"texture":"#0","tintindex":0},"down":{"uv":[3.496,11.379,3.379,11.871],"rotation":0,"texture":"#0","tintindex":0}}}],"textures":{"0":"modelengine:entity/fallenwarden1"},"display":{"head":{"translation":[0.0,-6.4,0.0],"scale":[4.0,4.0,4.0]}}}