{"elements":[{"from":[6.4066095,5.5588303,7.0],"to":[8.40661,7.273116,9.0],"rotation":{"angle":0.0,"axis":"y","origin":[3.9780378,-1.8697414,8.0]},"faces":{"east":{"uv":[8.504,0.629,8.996,0.996],"rotation":0,"texture":"#0","tintindex":0},"south":{"uv":[1.129,8.504,1.621,8.871],"rotation":0,"texture":"#0","tintindex":0},"north":{"uv":[0.504,8.504,0.996,8.871],"rotation":0,"texture":"#0","tintindex":0},"west":{"uv":[8.504,4.004,8.996,4.371],"rotation":0,"texture":"#0","tintindex":0},"up":{"uv":[5.121,7.996,4.629,7.504],"rotation":0,"texture":"#0","tintindex":0},"down":{"uv":[7.996,5.129,7.504,5.621],"rotation":0,"texture":"#0","tintindex":0}}},{"from":[8.40661,5.5588303,7.285714],"to":[8.692324,7.273116,7.857143],"rotation":{"angle":0.0,"axis":"y","origin":[4.4066095,-1.8697414,8.0]},"faces":{"east":{"uv":[10.504,12.004,10.621,12.371],"rotation":0,"texture":"#0","tintindex":0},"south":{"uv":[10.754,12.004,10.871,12.371],"rotation":0,"texture":"#0","tintindex":0},"north":{"uv":[10.254,12.004,10.371,12.371],"rotation":0,"texture":"#0","tintindex":0},"west":{"uv":[11.004,12.004,11.121,12.371],"rotation":0,"texture":"#0","tintindex":0},"up":{"uv":[1.996,12.996,1.879,12.879],"rotation":0,"texture":"#0","tintindex":0},"down":{"uv":[2.246,12.879,2.129,12.996],"rotation":0,"texture":"#0","tintindex":0}}},{"from":[6.4066095,6.1302586,6.9142857],"to":[8.40661,6.7016873,7.0],"rotation":{"angle":0.0,"axis":"y","origin":[1.5494666,5.4159727,11.714286]},"faces":{"east":{"uv":[2.379,12.879,2.496,12.996],"rotation":0,"texture":"#0","tintindex":0},"south":{"uv":[11.379,3.504,11.871,3.621],"rotation":0,"texture":"#0","tintindex":0},"north":{"uv":[11.379,3.254,11.871,3.371],"rotation":0,"texture":"#0","tintindex":0},"west":{"uv":[2.629,12.879,2.746,12.996],"rotation":0,"texture":"#0","tintindex":0},"up":{"uv":[5.496,11.496,5.004,11.379],"rotation":0,"texture":"#0","tintindex":0},"down":{"uv":[11.871,9.254,11.379,9.371],"rotation":0,"texture":"#0","tintindex":0}}},{"from":[6.4066095,6.1302586,9.0],"to":[8.40661,6.7016873,9.085714],"rotation":{"angle":0.0,"axis":"y","origin":[1.5494666,5.4159727,11.714286]},"faces":{"east":{"uv":[12.879,2.629,12.996,2.746],"rotation":0,"texture":"#0","tintindex":0},"south":{"uv":[11.504,0.254,11.996,0.371],"rotation":0,"texture":"#0","tintindex":0},"north":{"uv":[11.379,9.504,11.871,9.621],"rotation":0,"texture":"#0","tintindex":0},"west":{"uv":[2.879,12.879,2.996,12.996],"rotation":0,"texture":"#0","tintindex":0},"up":{"uv":[11.996,0.621,11.504,0.504],"rotation":0,"texture":"#0","tintindex":0},"down":{"uv":[11.996,1.754,11.504,1.871],"rotation":0,"texture":"#0","tintindex":0}}},{"from":[8.40661,6.1302586,7.0],"to":[8.492324,6.7016873,9.0],"rotation":{"angle":0.0,"axis":"y","origin":[7.1208954,5.4159727,9.857143]},"faces":{"east":{"uv":[11.504,2.004,11.996,2.121],"rotation":0,"texture":"#0","tintindex":0},"south":{"uv":[12.879,3.129,12.996,3.246],"rotation":0,"texture":"#0","tintindex":0},"north":{"uv":[12.879,2.879,12.996,2.996],"rotation":0,"texture":"#0","tintindex":0},"west":{"uv":[2.254,11.504,2.746,11.621],"rotation":0,"texture":"#0","tintindex":0},"up":{"uv":[5.746,11.871,5.629,11.379],"rotation":0,"texture":"#0","tintindex":0},"down":{"uv":[11.621,2.254,11.504,2.746],"rotation":0,"texture":"#0","tintindex":0}}},{"from":[6.320895,6.1302586,7.0],"to":[6.4066095,6.7016873,9.0],"rotation":{"angle":0.0,"axis":"y","origin":[7.1208954,5.4159727,9.857143]},"faces":{"east":{"uv":[3.629,11.504,4.121,11.621],"rotation":0,"texture":"#0","tintindex":0},"south":{"uv":[12.879,3.629,12.996,3.746],"rotation":0,"texture":"#0","tintindex":0},"north":{"uv":[12.879,3.379,12.996,3.496],"rotation":0,"texture":"#0","tintindex":0},"west":{"uv":[11.504,3.754,11.996,3.871],"rotation":0,"texture":"#0","tintindex":0},"up":{"uv":[4.371,11.996,4.254,11.504],"rotation":0,"texture":"#0","tintindex":0},"down":{"uv":[6.996,11.504,6.879,11.996],"rotation":0,"texture":"#0","tintindex":0}}},{"from":[8.412047,7.2457814,7.285714],"to":[8.697762,8.3886385,7.857143],"rotation":{"angle":22.5,"axis":"z","origin":[8.626332,7.2457814,8.428572]},"faces":{"east":{"uv":[12.379,9.754,12.496,9.996],"rotation":0,"texture":"#0","tintindex":0},"south":{"uv":[12.379,10.129,12.496,10.371],"rotation":0,"texture":"#0","tintindex":0},"north":{"uv":[9.379,12.379,9.496,12.621],"rotation":0,"texture":"#0","tintindex":0},"west":{"uv":[12.379,11.004,12.496,11.246],"rotation":0,"texture":"#0","tintindex":0},"up":{"uv":[4.246,12.996,4.129,12.879],"rotation":0,"texture":"#0","tintindex":0},"down":{"uv":[12.996,4.129,12.879,4.246],"rotation":0,"texture":"#0","tintindex":0}}},{"from":[8.412047,7.2457814,8.142858],"to":[8.697762,8.3886385,8.714286],"rotation":{"angle":22.5,"axis":"z","origin":[8.626332,7.2457814,8.428572]},"faces":{"east":{"uv":[11.504,12.379,11.621,12.621],"rotation":0,"texture":"#0","tintindex":0},"south":{"uv":[12.379,11.754,12.496,11.996],"rotation":0,"texture":"#0","tintindex":0},"north":{"uv":[12.379,11.379,12.496,11.621],"rotation":0,"texture":"#0","tintindex":0},"west":{"uv":[12.379,12.129,12.496,12.371],"rotation":0,"texture":"#0","tintindex":0},"up":{"uv":[12.996,4.496,12.879,4.379],"rotation":0,"texture":"#0","tintindex":0},"down":{"uv":[12.996,4.629,12.879,4.746],"rotation":0,"texture":"#0","tintindex":0}}},{"from":[8.40661,5.5588303,8.142858],"to":[8.692324,7.273116,8.714286],"rotation":{"angle":0.0,"axis":"y","origin":[4.4066095,-1.8697414,8.0]},"faces":{"east":{"uv":[12.129,0.254,12.246,0.621],"rotation":0,"texture":"#0","tintindex":0},"south":{"uv":[12.129,1.629,12.246,1.996],"rotation":0,"texture":"#0","tintindex":0},"north":{"uv":[11.254,12.004,11.371,12.371],"rotation":0,"texture":"#0","tintindex":0},"west":{"uv":[12.129,3.754,12.246,4.121],"rotation":0,"texture":"#0","tintindex":0},"up":{"uv":[12.996,4.996,12.879,4.879],"rotation":0,"texture":"#0","tintindex":0},"down":{"uv":[12.996,5.129,12.879,5.246],"rotation":0,"texture":"#0","tintindex":0}}}],"textures":{"0":"modelengine:entity/fallenwarden1"},"display":{"head":{"translation":[0.0,-6.4,0.0],"scale":[4.0,4.0,4.0]}}}