{
	"credit": "Made with Blockbench",
	"texture_size": [128, 128],
	"textures": {
		"2": "modelengine:entity/gp2_goblin_shaman"
	},
	"elements": [
		{
			"from": [7.99904, 11.07432, 6.89337],
			"to": [9.49904, 29.82432, 8.39337],
			"rotation": {"angle": 0, "axis": "y", "origin": [-14.50096, -4.67568, 7.64337]},
			"faces": {
				"north": {"uv": [6.125, 9.5, 6.375, 6.375], "rotation": 180, "texture": "#2"},
				"east": {"uv": [5.875, 9.5, 6.125, 6.375], "rotation": 180, "texture": "#2"},
				"south": {"uv": [5.625, 9.25, 5.875, 6.125], "rotation": 180, "texture": "#2"},
				"west": {"uv": [6.375, 9.5, 6.625, 6.375], "rotation": 180, "texture": "#2"},
				"up": {"uv": [3.375, 9.625, 3.625, 9.375], "rotation": 180, "texture": "#2"},
				"down": {"uv": [4.625, 9.375, 4.875, 9.625], "rotation": 180, "texture": "#2"}
			}
		},
		{
			"from": [9.38486, 27.57432, 6.69434],
			"to": [12.38486, 31.32432, 6.69434],
			"rotation": {"angle": 22.5, "axis": "y", "origin": [10.88486, 29.44932, 6.69434]},
			"faces": {
				"north": {"uv": [8.625, 4.375, 8.125, 3.75], "rotation": 180, "texture": "#2"},
				"east": {"uv": [0, 0.625, 0, 0], "rotation": 180, "texture": "#2"},
				"south": {"uv": [8.125, 4.375, 8.625, 3.75], "rotation": 180, "texture": "#2"},
				"west": {"uv": [0, 0.625, 0, 0], "rotation": 180, "texture": "#2"},
				"up": {"uv": [0, 0, 0.5, 0], "rotation": 180, "texture": "#2"},
				"down": {"uv": [0, 0, 0.5, 0], "rotation": 180, "texture": "#2"}
			}
		},
		{
			"from": [7.24904, -4.67568, 7.26837],
			"to": [8.74904, 14.07432, 8.76837],
			"rotation": {"angle": 0, "axis": "y", "origin": [-14.50096, -4.67568, 7.26837]},
			"faces": {
				"north": {"uv": [0.5, 9.625, 0.75, 6.5], "rotation": 180, "texture": "#2"},
				"east": {"uv": [0.25, 9.625, 0.5, 6.5], "rotation": 180, "texture": "#2"},
				"south": {"uv": [0, 9.625, 0.25, 6.5], "rotation": 180, "texture": "#2"},
				"west": {"uv": [2, 9.625, 2.25, 6.5], "rotation": 180, "texture": "#2"},
				"up": {"uv": [9.375, 7.625, 9.625, 7.375], "rotation": 180, "texture": "#2"},
				"down": {"uv": [7.625, 9.375, 7.875, 9.625], "rotation": 180, "texture": "#2"}
			}
		},
		{
			"from": [7.06154, 15.76182, 6.14337],
			"to": [10.81154, 18.01182, 9.89337],
			"rotation": {"angle": 45, "axis": "z", "origin": [8.74904, 16.69932, 7.64337]},
			"faces": {
				"north": {"uv": [9, 1.375, 9.625, 1], "rotation": 180, "texture": "#2"},
				"east": {"uv": [0.75, 9.375, 1.375, 9], "rotation": 180, "texture": "#2"},
				"south": {"uv": [8.125, 9.25, 8.75, 8.875], "rotation": 180, "texture": "#2"},
				"west": {"uv": [1.375, 9.375, 2, 9], "rotation": 180, "texture": "#2"},
				"up": {"uv": [7.875, 3.25, 8.5, 2.625], "rotation": 180, "texture": "#2"},
				"down": {"uv": [7.875, 6.875, 8.5, 7.5], "rotation": 180, "texture": "#2"}
			}
		},
		{
			"from": [1.63031, 16.69853, 8.01837],
			"to": [3.13031, 24.19853, 9.51837],
			"rotation": {"angle": 22.5, "axis": "z", "origin": [3.13031, 19.32353, 8.76837]},
			"faces": {
				"north": {"uv": [4.375, 9.375, 4.625, 8.125], "rotation": 180, "texture": "#2"},
				"east": {"uv": [3.375, 9.375, 3.625, 8.125], "rotation": 180, "texture": "#2"},
				"south": {"uv": [1.125, 4.75, 1.375, 3.5], "rotation": 180, "texture": "#2"},
				"west": {"uv": [4.625, 9.375, 4.875, 8.125], "rotation": 180, "texture": "#2"},
				"up": {"uv": [6.625, 9.625, 6.875, 9.375], "rotation": 180, "texture": "#2"},
				"down": {"uv": [6.875, 9.375, 7.125, 9.625], "rotation": 180, "texture": "#2"}
			}
		},
		{
			"from": [-1.36969, 19.69853, 8.76837],
			"to": [1.63031, 24.19853, 8.76837],
			"rotation": {"angle": 22.5, "axis": "z", "origin": [3.13031, 19.32353, 8.76837]},
			"faces": {
				"north": {"uv": [5.5, 4, 5, 3.25], "rotation": 180, "texture": "#2"},
				"east": {"uv": [0, 0.75, 0, 0], "rotation": 180, "texture": "#2"},
				"south": {"uv": [5, 4, 5.5, 3.25], "rotation": 180, "texture": "#2"},
				"west": {"uv": [0, 0.75, 0, 0], "rotation": 180, "texture": "#2"},
				"up": {"uv": [0, 0, 0.5, 0], "rotation": 180, "texture": "#2"},
				"down": {"uv": [0, 0, 0.5, 0], "rotation": 180, "texture": "#2"}
			}
		},
		{
			"from": [1.63031, 16.69853, 8.20587],
			"to": [10.63031, 24.19853, 8.20587],
			"rotation": {"angle": 22.5, "axis": "z", "origin": [3.13031, 19.32353, 8.76837]},
			"faces": {
				"north": {"uv": [1.5, 1.25, 0, 0], "rotation": 180, "texture": "#2"},
				"east": {"uv": [0, 1.25, 0, 0], "rotation": 180, "texture": "#2"},
				"south": {"uv": [0, 1.25, 1.5, 0], "rotation": 180, "texture": "#2"},
				"west": {"uv": [0, 1.25, 0, 0], "rotation": 180, "texture": "#2"},
				"up": {"uv": [0, 0, 1.5, 0], "rotation": 180, "texture": "#2"},
				"down": {"uv": [0, 0, 1.5, 0], "rotation": 180, "texture": "#2"}
			}
		},
		{
			"from": [2.74904, 8.82432, 9.14337],
			"to": [11.74904, 16.32432, 9.14337],
			"rotation": {"angle": 0, "axis": "y", "origin": [4.24904, 11.44932, 9.89337]},
			"faces": {
				"north": {"uv": [11.5625, 1.25, 10.0625, 0], "rotation": 180, "texture": "#2"},
				"east": {"uv": [10.0625, 1.25, 10.0625, 0], "rotation": 180, "texture": "#2"},
				"south": {"uv": [10.0625, 1.25, 11.5625, 0], "rotation": 180, "texture": "#2"},
				"west": {"uv": [10.0625, 1.25, 10.0625, 0], "rotation": 180, "texture": "#2"},
				"up": {"uv": [10.0625, 0, 11.5625, 0], "rotation": 180, "texture": "#2"},
				"down": {"uv": [10.0625, 0, 11.5625, 0], "rotation": 180, "texture": "#2"}
			}
		},
		{
			"from": [2.74904, 16.32432, 8.01837],
			"to": [14.74904, 17.82432, 9.51837],
			"rotation": {"angle": 0, "axis": "y", "origin": [4.24904, 18.94932, 8.76837]},
			"faces": {
				"north": {"uv": [7.25, 3.75, 9.25, 3.5], "rotation": 180, "texture": "#2"},
				"east": {"uv": [7.125, 9.625, 7.375, 9.375], "rotation": 180, "texture": "#2"},
				"south": {"uv": [7.125, 6.375, 9.125, 6.125], "rotation": 180, "texture": "#2"},
				"west": {"uv": [7.375, 9.625, 7.625, 9.375], "rotation": 180, "texture": "#2"},
				"up": {"uv": [7.375, 0.25, 9.375, 0], "rotation": 180, "texture": "#2"},
				"down": {"uv": [7.375, 0.25, 9.375, 0.5], "rotation": 180, "texture": "#2"}
			}
		},
		{
			"from": [12.49904, 15.94932, 7.64337],
			"to": [13.99904, 18.19932, 9.89337],
			"rotation": {"angle": 0, "axis": "y", "origin": [4.24904, 18.94932, 8.76837]},
			"faces": {
				"north": {"uv": [5.625, 9.625, 5.875, 9.25], "rotation": 180, "texture": "#2"},
				"east": {"uv": [3.125, 4.875, 3.5, 4.5], "rotation": 180, "texture": "#2"},
				"south": {"uv": [7, 3, 7.25, 2.625], "rotation": 180, "texture": "#2"},
				"west": {"uv": [9, 9.5, 9.375, 9.125], "rotation": 180, "texture": "#2"},
				"up": {"uv": [8.5, 9.625, 8.75, 9.25], "rotation": 180, "texture": "#2"},
				"down": {"uv": [9.375, 0, 9.625, 0.375], "rotation": 180, "texture": "#2"}
			}
		},
		{
			"from": [10.99904, 6.94932, 8.39337],
			"to": [15.49904, 15.94932, 8.39337],
			"rotation": {"angle": 0, "axis": "y", "origin": [4.24904, 18.94932, 8.76837]},
			"faces": {
				"north": {"uv": [3.625, 3.75, 2.875, 2.25], "rotation": 180, "texture": "#2"},
				"east": {"uv": [0, 1.5, 0, 0], "rotation": 180, "texture": "#2"},
				"south": {"uv": [2.875, 3.75, 3.625, 2.25], "rotation": 180, "texture": "#2"},
				"west": {"uv": [0, 1.5, 0, 0], "rotation": 180, "texture": "#2"},
				"up": {"uv": [0, 0, 0.75, 0], "rotation": 180, "texture": "#2"},
				"down": {"uv": [0, 0, 0.75, 0], "rotation": 180, "texture": "#2"}
			}
		}
	],
	"gui_light": "front",
	"display": {
		"thirdperson_righthand": {
			"rotation": [39, -9, -7],
			"translation": [1, -0.25, 3.75]
		},
		"thirdperson_lefthand": {
			"rotation": [51, 180, 8],
			"translation": [0, -0.25, 3.75]
		},
		"firstperson_righthand": {
			"rotation": [-4, 12, -16],
			"translation": [3, 0, -4.25]
		},
		"firstperson_lefthand": {
			"rotation": [-4, 12, -16],
			"translation": [3, 0, -4.25]
		},
		"ground": {
			"rotation": [38, 0, 0],
			"translation": [0, 5.5, 0],
			"scale": [0.65, 0.65, 0.65]
		},
		"gui": {
			"rotation": [-17, -20, -46],