{"elements":[{"from":[4.9617143,6.342857,9.322408],"to":[6.6714287,6.909714,9.889265],"rotation":{"angle":0.0,"axis":"y","origin":[8.959429,-9.65943,7.0344076]},"faces":{"east":{"uv":[3.25,9.125,3.3125,9.1875],"rotation":0,"texture":"#8","tintindex":0},"south":{"uv":[8.0,3.4375,8.1875,3.5],"rotation":0,"texture":"#8","tintindex":0},"north":{"uv":[3.125,8.0,3.3125,8.0625],"rotation":0,"texture":"#8","tintindex":0},"west":{"uv":[9.125,3.3125,9.1875,3.375],"rotation":0,"texture":"#8","tintindex":0},"up":{"uv":[8.1875,3.8125,8.0,3.75],"rotation":0,"texture":"#8","tintindex":0},"down":{"uv":[8.1875,3.875,8.0,3.9375],"rotation":0,"texture":"#8","tintindex":0}}},{"from":[3.878571,6.5714283,6.2714286],"to":[5.135714,7.8285713,9.814285],"rotation":{"angle":-45.0,"axis":"z","origin":[4.6714287,6.6285715,8.042857]},"faces":{"east":{"uv":[4.4375,3.125,4.8125,3.25],"rotation":0,"texture":"#8","tintindex":0},"south":{"uv":[7.3125,0.125,7.4375,0.25],"rotation":0,"texture":"#8","tintindex":0},"north":{"uv":[7.25,6.5625,7.375,6.6875],"rotation":0,"texture":"#8","tintindex":0},"west":{"uv":[4.5625,3.3125,4.9375,3.4375],"rotation":0,"texture":"#8","tintindex":0},"up":{"uv":[4.6875,3.875,4.5625,3.5],"rotation":0,"texture":"#8","tintindex":0},"down":{"uv":[4.6875,3.9375,4.5625,4.3125],"rotation":0,"texture":"#8","tintindex":0}}},{"from":[4.957143,6.342857,6.2285714],"to":[6.6714287,6.9142857,6.8],"rotation":{"angle":0.0,"axis":"y","origin":[8.957143,-9.657143,9.085714]},"faces":{"east":{"uv":[9.125,3.0625,9.1875,3.125],"rotation":0,"texture":"#8","tintindex":0},"south":{"uv":[8.0,0.0,8.1875,0.0625],"rotation":0,"texture":"#8","tintindex":0},"north":{"uv":[7.9375,6.5,8.125,6.5625],"rotation":0,"texture":"#8","tintindex":0},"west":{"uv":[9.125,3.1875,9.1875,3.25],"rotation":0,"texture":"#8","tintindex":0},"up":{"uv":[8.1875,1.8125,8.0,1.75],"rotation":0,"texture":"#8","tintindex":0},"down":{"uv":[3.0625,8.0,2.875,8.0625],"rotation":0,"texture":"#8","tintindex":0}}},{"from":[7.5955005,9.26693,9.2063465],"to":[8.162357,9.833786,9.773204],"rotation":{"angle":-45.0,"axis":"x","origin":[7.878929,9.550358,9.489776]},"faces":{"east":{"uv":[9.125,1.75,9.1875,1.8125],"rotation":0,"texture":"#8","tintindex":0},"south":{"uv":[9.125,1.875,9.1875,1.9375],"rotation":0,"texture":"#8","tintindex":0},"north":{"uv":[9.125,1.625,9.1875,1.6875],"rotation":0,"texture":"#8","tintindex":0},"west":{"uv":[9.125,2.25,9.1875,2.3125],"rotation":0,"texture":"#8","tintindex":0},"up":{"uv":[9.1875,2.875,9.125,2.8125],"rotation":0,"texture":"#8","tintindex":0},"down":{"uv":[9.1875,2.9375,9.125,3.0],"rotation":0,"texture":"#8","tintindex":0}}},{"from":[7.593215,9.38299,6.6326323],"to":[8.164643,9.954419,9.489776],"rotation":{"angle":0.0,"axis":"y","origin":[8.736072,6.8115616,6.9183464]},"faces":{"east":{"uv":[6.6875,6.125,7.0,6.1875],"rotation":0,"texture":"#8","tintindex":0},"south":{"uv":[9.125,1.25,9.1875,1.3125],"rotation":0,"texture":"#8","tintindex":0},"north":{"uv":[9.125,1.125,9.1875,1.1875],"rotation":0,"texture":"#8","tintindex":0},"west":{"uv":[6.75,0.5625,7.0625,0.625],"rotation":0,"texture":"#8","tintindex":0},"up":{"uv":[0.5625,7.0,0.5,6.6875],"rotation":0,"texture":"#8","tintindex":0},"down":{"uv":[2.8125,6.6875,2.75,7.0],"rotation":0,"texture":"#8","tintindex":0}}},{"from":[7.5955005,9.26693,6.3492036],"to":[8.162357,9.833786,6.916061],"rotation":{"angle":45.0,"axis":"x","origin":[7.878929,9.550358,6.6326323]},"faces":{"east":{"uv":[0.6875,9.125,0.75,9.1875],"rotation":0,"texture":"#8","tintindex":0},"south":{"uv":[9.125,0.75,9.1875,0.8125],"rotation":0,"texture":"#8","tintindex":0},"north":{"uv":[9.125,0.625,9.1875,0.6875],"rotation":0,"texture":"#8","tintindex":0},"west":{"uv":[0.8125,9.125,0.875,9.1875],"rotation":0,"texture":"#8","tintindex":0},"up":{"uv":[9.1875,0.9375,9.125,0.875],"rotation":0,"texture":"#8","tintindex":0},"down":{"uv":[9.1875,1.0,9.125,1.0625],"rotation":0,"texture":"#8","tintindex":0}}},{"from":[7.219417,6.5397844,9.319176],"to":[7.7862744,7.6780705,9.886032],"rotation":{"angle":-22.5,"axis":"z","origin":[8.359989,6.823213,9.602604]},"faces":{"east":{"uv":[8.375,3.0,8.4375,3.125],"rotation":0,"texture":"#8","tintindex":0},"south":{"uv":[3.125,8.375,3.1875,8.5],"rotation":0,"texture":"#8","tintindex":0},"north":{"uv":[3.0,8.375,3.0625,8.5],"rotation":0,"texture":"#8","tintindex":0},"west":{"uv":[3.25,8.375,3.3125,8.5],"rotation":0,"texture":"#8","tintindex":0},"up":{"uv":[0.0625,9.1875,0.0,9.125],"rotation":0,"texture":"#8","tintindex":0},"down":{"uv":[9.1875,0.125,9.125,0.1875],"rotation":0,"texture":"#8","tintindex":0}}},{"from":[6.4682384,6.7538896,9.314604],"to":[7.615667,7.3298893,9.890604],"rotation":{"angle":22.5,"axis":"z","origin":[7.6133814,7.0418897,9.602604]},"faces":{"east":{"uv":[8.9375,9.0625,9.0,9.125],"rotation":0,"texture":"#8","tintindex":0},"south":{"uv":[8.375,2.75,8.5,2.8125],"rotation":0,"texture":"#8","tintindex":0},"north":{"uv":[8.375,2.625,8.5,2.6875],"rotation":0,"texture":"#8","tintindex":0},"west":{"uv":[9.0625,9.0625,9.125,9.125],"rotation":0,"texture":"#8","tintindex":0},"up":{"uv":[2.9375,8.4375,2.8125,8.375],"rotation":0,"texture":"#8","tintindex":0},"down":{"uv":[8.5,2.875,8.375,2.9375],"rotation":0,"texture":"#8","tintindex":0}}},{"from":[7.589786,7.834929,9.318032],"to":[8.158929,9.546929,9.887176],"rotation":{"angle":0.0,"axis":"y","origin":[8.731501,7.548072,9.602604]},"faces":{"east":{"uv":[8.0,0.9375,8.0625,1.125],"rotation":0,"texture":"#8","tintindex":0},"south":{"uv":[1.0625,8.0,1.125,8.1875],"rotation":0,"texture":"#8","tintindex":0},"north":{"uv":[0.75,8.0,0.8125,8.1875],"rotation":0,"texture":"#8","tintindex":0},"west":{"uv":[1.5625,8.0,1.625,8.1875],"rotation":0,"texture":"#8","tintindex":0},"up":{"uv":[8.75,9.125,8.6875,9.0625],"rotation":0,"texture":"#8","tintindex":0},"down":{"uv":[9.125,8.75,9.0625,8.8125],"rotation":0,"texture":"#8","tintindex":0}}},{"from":[7.590929,7.833786,6.226286],"to":[8.166929,9.552644,6.8022857],"rotation":{"angle":0.0,"axis":"y","origin":[8.736072,7.550358,6.5142856]},"faces":{"east":{"uv":[1.0625,6.0,1.125,6.1875],"rotation":0,"texture":"#8","tintindex":0},"south":{"uv":[8.0,0.4375,8.0625,0.625],"rotation":0,"texture":"#8","tintindex":0},"north":{"uv":[2.25,5.75,2.3125,5.9375],"rotation":0,"texture":"#8","tintindex":0},"west":{"uv":[8.0,0.6875,8.0625,0.875],"rotation":0,"texture":"#8","tintindex":0},"up":{"uv":[8.5,9.125,8.4375,9.0625],"rotation":0,"texture":"#8","tintindex":0},"down":{"uv":[8.625,9.0625,8.5625,9.125],"rotation":0,"texture":"#8","tintindex":0}}},{"from":[6.47281,6.756175,6.226286],"to":[7.6202383,7.3321753,6.8022857],"rotation":{"angle":22.5,"axis":"z","origin":[7.617953,7.044175,6.5142856]},"faces":{"east":{"uv":[9.0625,8.125,9.125,8.1875],"rotation":0,"texture":"#8","tintindex":0},"south":{"uv":[8.375,2.25,8.5,2.3125],"rotation":0,"texture":"#8","tintindex":0},"north":{"uv":[8.375,0.125,8.5,0.1875],"rotation":0,"texture":"#8","tintindex":0},"west":{"uv":[8.3125,9.0625,8.375,9.125],"rotation":0,"texture":"#8","tintindex":0},"up":{"uv":[8.5,2.4375,8.375,2.375],"rotation":0,"texture":"#8","tintindex":0},"down":{"uv":[8.5,2.5,8.375,2.5625],"rotation":0,"texture":"#8","tintindex":0}}},{"from":[7.221703,6.5397844,6.2285714],"to":[7.793132,7.682642,6.8],"rotation":{"angle":-22.5,"axis":"z","origin":[8.36456,6.825499,6.5142856]},"faces":{"east":{"uv":[8.375,0.9375,8.4375,1.0625],"rotation":0,"texture":"#8","tintindex":0},"south":{"uv":[8.375,1.125,8.4375,1.25],"rotation":0,"texture":"#8","tintindex":0},"north":{"uv":[8.375,0.75,8.4375,0.875],"rotation":0,"texture":"#8","tintindex":0},"west":{"uv":[8.375,1.5,8.4375,1.625],"rotation":0,"texture":"#8","tintindex":0},"up":{"uv":[8.0,9.125,7.9375,9.0625],"rotation":0,"texture":"#8","tintindex":0},"down":{"uv":[8.125,9.0625,8.0625,9.125],"rotation":0,"texture":"#8","tintindex":0}}},{"from":[4.7360716,6.8563395,9.288661],"to":[7.593215,7.9991965,9.86009],"rotation":{"angle":0.0,"axis":"y","origin":[8.736072,4.7134824,9.574375]},