{"elements":[{"from":[7.5217423,3.6082554,7.525915],"to":[8.550314,8.6368265,8.554486],"rotation":{"angle":0.0,"axis":"y","origin":[8.036028,7.265398,8.040201]},"faces":{"east":{"uv":[6.5,10.75,7.0,13.0],"rotation":0,"texture":"#0","tintindex":0},"south":{"uv":[7.0,10.75,7.5,13.0],"rotation":0,"texture":"#0","tintindex":0},"north":{"uv":[6.0,10.75,6.5,13.0],"rotation":0,"texture":"#0","tintindex":0},"west":{"uv":[10.75,7.0,11.25,9.25],"rotation":0,"texture":"#0","tintindex":0},"up":{"uv":[5.0,14.25,4.5,13.75],"rotation":0,"texture":"#0","tintindex":0},"down":{"uv":[14.25,5.5,13.75,6.0],"rotation":0,"texture":"#0","tintindex":0}}},{"from":[6.936028,1.3225412,7.990201],"to":[7.393171,2.9225407,8.447344],"rotation":{"angle":-22.5,"axis":"x","origin":[7.4503136,1.5511122,8.504486]},"faces":{"east":{"uv":[1.5,14.25,1.75,15.0],"rotation":0,"texture":"#0","tintindex":0},"south":{"uv":[1.75,14.25,2.0,15.0],"rotation":0,"texture":"#0","tintindex":0},"north":{"uv":[1.25,14.25,1.5,15.0],"rotation":0,"texture":"#0","tintindex":0},"west":{"uv":[2.0,14.25,2.25,15.0],"rotation":0,"texture":"#0","tintindex":0},"up":{"uv":[13.25,14.5,13.0,14.25],"rotation":0,"texture":"#0","tintindex":0},"down":{"uv":[13.5,14.25,13.25,14.5],"rotation":0,"texture":"#0","tintindex":0}}},{"from":[7.538885,2.482541,7.543058],"to":[7.9617424,4.048255,7.965915],"rotation":{"angle":-22.5,"axis":"z","origin":[7.7503138,4.122541,7.7544866]},"faces":{"east":{"uv":[14.25,2.25,14.5,3.0],"rotation":0,"texture":"#0","tintindex":0},"south":{"uv":[2.5,14.25,2.75,15.0],"rotation":0,"texture":"#0","tintindex":0},"north":{"uv":[2.25,14.25,2.5,15.0],"rotation":0,"texture":"#0","tintindex":0},"west":{"uv":[2.75,14.25,3.0,15.0],"rotation":0,"texture":"#0","tintindex":0},"up":{"uv":[14.5,13.5,14.25,13.25],"rotation":0,"texture":"#0","tintindex":0},"down":{"uv":[13.75,14.25,13.5,14.5],"rotation":0,"texture":"#0","tintindex":0}}},{"from":[8.450314,1.8368268,8.525915],"to":[8.907456,3.4368267,8.983058],"rotation":{"angle":-22.5,"axis":"x","origin":[8.39317,2.0653977,9.040201]},"faces":{"east":{"uv":[14.25,3.0,14.5,3.75],"rotation":0,"texture":"#0","tintindex":0},"south":{"uv":[3.5,14.25,3.75,15.0],"rotation":0,"texture":"#0","tintindex":0},"north":{"uv":[3.0,14.25,3.25,15.0],"rotation":0,"texture":"#0","tintindex":0},"west":{"uv":[3.75,14.25,4.0,15.0],"rotation":0,"texture":"#0","tintindex":0},"up":{"uv":[14.5,13.75,14.25,13.5],"rotation":0,"texture":"#0","tintindex":0},"down":{"uv":[14.0,14.25,13.75,14.5],"rotation":0,"texture":"#0","tintindex":0}}},{"from":[8.036028,3.036827,8.025915],"to":[8.493171,4.065398,8.483058],"rotation":{"angle":22.5,"axis":"z","origin":[8.264599,4.122541,8.254486]},"faces":{"east":{"uv":[14.25,10.5,14.5,11.0],"rotation":0,"texture":"#0","tintindex":0},"south":{"uv":[10.75,14.25,11.0,14.75],"rotation":0,"texture":"#0","tintindex":0},"north":{"uv":[10.25,14.25,10.5,14.75],"rotation":0,"texture":"#0","tintindex":0},"west":{"uv":[11.0,14.25,11.25,14.75],"rotation":0,"texture":"#0","tintindex":0},"up":{"uv":[14.5,14.0,14.25,13.75],"rotation":0,"texture":"#0","tintindex":0},"down":{"uv":[14.5,14.0,14.25,14.25],"rotation":0,"texture":"#0","tintindex":0}}},{"from":[7.878885,0.2368269,7.725915],"to":[8.336028,2.408255,8.183058],"rotation":{"angle":-22.5,"axis":"x","origin":[7.821742,1.0368266,8.240201]},"faces":{"east":{"uv":[5.75,13.75,6.0,14.75],"rotation":0,"texture":"#0","tintindex":0},"south":{"uv":[6.0,13.75,6.25,14.75],"rotation":0,"texture":"#0","tintindex":0},"north":{"uv":[4.0,13.75,4.25,14.75],"rotation":0,"texture":"#0","tintindex":0},"west":{"uv":[13.75,6.0,14.0,7.0],"rotation":0,"texture":"#0","tintindex":0},"up":{"uv":[14.5,14.5,14.25,14.25],"rotation":0,"texture":"#0","tintindex":0},"down":{"uv":[0.25,14.5,0.0,14.75],"rotation":0,"texture":"#0","tintindex":0}}},{"from":[7.878885,2.1070533,7.2402396],"to":[8.336028,3.7070527,7.6973825],"rotation":{"angle":0.0,"axis":"y","origin":[8.107456,2.907053,7.468811]},"faces":{"east":{"uv":[4.5,14.25,4.75,15.0],"rotation":0,"texture":"#0","tintindex":0},"south":{"uv":[4.75,14.25,5.0,15.0],"rotation":0,"texture":"#0","tintindex":0},"north":{"uv":[14.25,3.75,14.5,4.5],"rotation":0,"texture":"#0","tintindex":0},"west":{"uv":[5.0,14.25,5.25,15.0],"rotation":0,"texture":"#0","tintindex":0},"up":{"uv":[14.75,0.25,14.5,0.0],"rotation":0,"texture":"#0","tintindex":0},"down":{"uv":[0.5,14.5,0.25,14.75],"rotation":0,"texture":"#0","tintindex":0}}}],"textures":{"0":"modelengine:entity/em_dyerftum1"},"display":{"head":{"translation":[0.0,-6.4,0.0],"scale":[4.0,4.0,4.0]}}}