{"elements":[{"from":[7.6007667,3.4342856,7.412537],"to":[8.732195,8.565714,8.543965],"rotation":{"angle":0.0,"axis":"y","origin":[8.166481,6.285714,7.9782515]},"faces":{"east":{"uv":[10.75,9.25,11.25,11.5],"rotation":0,"texture":"#0","tintindex":0},"south":{"uv":[11.0,0.0,11.5,2.25],"rotation":0,"texture":"#0","tintindex":0},"north":{"uv":[7.5,10.75,8.0,13.0],"rotation":0,"texture":"#0","tintindex":0},"west":{"uv":[8.0,11.0,8.5,13.25],"rotation":0,"texture":"#0","tintindex":0},"up":{"uv":[14.25,11.5,13.75,11.0],"rotation":0,"texture":"#0","tintindex":0},"down":{"uv":[12.0,13.75,11.5,14.25],"rotation":0,"texture":"#0","tintindex":0}}},{"from":[7.25791,4.0057144,5.6982512],"to":[7.8179097,4.565714,7.972537],"rotation":{"angle":22.5,"axis":"y","origin":[7.5379095,4.285714,7.1211085]},"faces":{"east":{"uv":[13.75,11.5,14.75,11.75],"rotation":0,"texture":"#0","tintindex":0},"south":{"uv":[14.5,3.25,14.75,3.5],"rotation":0,"texture":"#0","tintindex":0},"north":{"uv":[14.5,3.0,14.75,3.25],"rotation":0,"texture":"#0","tintindex":0},"west":{"uv":[13.75,11.75,14.75,12.0],"rotation":0,"texture":"#0","tintindex":0},"up":{"uv":[12.25,14.75,12.0,13.75],"rotation":0,"texture":"#0","tintindex":0},"down":{"uv":[14.0,13.25,13.75,14.25],"rotation":0,"texture":"#0","tintindex":0}}},{"from":[8.515053,4.0057144,6.26968],"to":[9.075052,4.565714,7.972537],"rotation":{"angle":-22.5,"axis":"y","origin":[8.795053,4.285714,7.1211085]},"faces":{"east":{"uv":[14.0,4.5,14.75,4.75],"rotation":0,"texture":"#0","tintindex":0},"south":{"uv":[14.5,3.75,14.75,4.0],"rotation":0,"texture":"#0","tintindex":0},"north":{"uv":[14.5,3.5,14.75,3.75],"rotation":0,"texture":"#0","tintindex":0},"west":{"uv":[14.0,4.75,14.75,5.0],"rotation":0,"texture":"#0","tintindex":0},"up":{"uv":[5.5,15.0,5.25,14.25],"rotation":0,"texture":"#0","tintindex":0},"down":{"uv":[14.5,5.5,14.25,6.25],"rotation":0,"texture":"#0","tintindex":0}}},{"from":[7.5013237,4.0057144,7.962217],"to":[8.061324,4.565714,9.665074],"rotation":{"angle":-45.0,"axis":"y","origin":[8.0,4.285714,8.571428]},"faces":{"east":{"uv":[14.0,7.5,14.75,7.75],"rotation":0,"texture":"#0","tintindex":0},"south":{"uv":[14.5,4.25,14.75,4.5],"rotation":0,"texture":"#0","tintindex":0},"north":{"uv":[14.5,4.0,14.75,4.25],"rotation":0,"texture":"#0","tintindex":0},"west":{"uv":[14.25,1.0,15.0,1.25],"rotation":0,"texture":"#0","tintindex":0},"up":{"uv":[6.5,15.0,6.25,14.25],"rotation":0,"texture":"#0","tintindex":0},"down":{"uv":[14.5,6.25,14.25,7.0],"rotation":0,"texture":"#0","tintindex":0}}}],"textures":{"0":"modelengine:entity/em_dyerftum1"},"display":{"head":{"translation":[0.0,-6.4,0.0],"scale":[4.0,4.0,4.0]}}}