{"elements":[{"from":[7.4496865,3.6082554,7.525915],"to":[8.478258,8.6368265,8.554486],"rotation":{"angle":0.0,"axis":"y","origin":[7.963972,7.265398,8.040201]},"faces":{"east":{"uv":[10.25,4.0,10.75,6.25],"rotation":0,"texture":"#0","tintindex":0},"south":{"uv":[4.25,10.25,4.75,12.5],"rotation":0,"texture":"#0","tintindex":0},"north":{"uv":[3.75,10.25,4.25,12.5],"rotation":0,"texture":"#0","tintindex":0},"west":{"uv":[4.75,10.25,5.25,12.5],"rotation":0,"texture":"#0","tintindex":0},"up":{"uv":[14.25,3.0,13.75,2.5],"rotation":0,"texture":"#0","tintindex":0},"down":{"uv":[3.25,13.75,2.75,14.25],"rotation":0,"texture":"#0","tintindex":0}}},{"from":[8.60683,1.3225412,7.990201],"to":[9.063972,2.9225407,8.447344],"rotation":{"angle":-22.5,"axis":"x","origin":[8.549686,1.5511122,8.504486]},"faces":{"east":{"uv":[14.0,6.0,14.25,6.75],"rotation":0,"texture":"#0","tintindex":0},"south":{"uv":[14.0,6.75,14.25,7.5],"rotation":0,"texture":"#0","tintindex":0},"north":{"uv":[3.5,11.75,3.75,12.5],"rotation":0,"texture":"#0","tintindex":0},"west":{"uv":[8.0,14.0,8.25,14.75],"rotation":0,"texture":"#0","tintindex":0},"up":{"uv":[2.5,12.5,2.25,12.25],"rotation":0,"texture":"#0","tintindex":0},"down":{"uv":[12.75,1.5,12.5,1.75],"rotation":0,"texture":"#0","tintindex":0}}},{"from":[8.038258,2.482541,7.543058],"to":[8.461115,4.048255,7.965915],"rotation":{"angle":22.5,"axis":"z","origin":[8.249686,4.122541,7.7544866]},"faces":{"east":{"uv":[8.5,14.0,8.75,14.75],"rotation":0,"texture":"#0","tintindex":0},"south":{"uv":[8.75,14.0,9.0,14.75],"rotation":0,"texture":"#0","tintindex":0},"north":{"uv":[8.25,14.0,8.5,14.75],"rotation":0,"texture":"#0","tintindex":0},"west":{"uv":[9.0,14.0,9.25,14.75],"rotation":0,"texture":"#0","tintindex":0},"up":{"uv":[5.25,12.75,5.0,12.5],"rotation":0,"texture":"#0","tintindex":0},"down":{"uv":[6.0,12.75,5.75,13.0],"rotation":0,"texture":"#0","tintindex":0}}},{"from":[7.0925436,1.8368268,8.525915],"to":[7.5496864,3.4368267,8.983058],"rotation":{"angle":-22.5,"axis":"x","origin":[7.606829,2.0653977,9.040201]},"faces":{"east":{"uv":[14.0,9.25,14.25,10.0],"rotation":0,"texture":"#0","tintindex":0},"south":{"uv":[12.25,14.0,12.5,14.75],"rotation":0,"texture":"#0","tintindex":0},"north":{"uv":[9.25,14.0,9.5,14.75],"rotation":0,"texture":"#0","tintindex":0},"west":{"uv":[12.5,14.0,12.75,14.75],"rotation":0,"texture":"#0","tintindex":0},"up":{"uv":[0.75,13.75,0.5,13.5],"rotation":0,"texture":"#0","tintindex":0},"down":{"uv":[2.0,13.5,1.75,13.75],"rotation":0,"texture":"#0","tintindex":0}}},{"from":[7.5068293,3.036827,8.025915],"to":[7.963972,4.065398,8.483058],"rotation":{"angle":-22.5,"axis":"z","origin":[7.7354007,4.122541,8.254486]},"faces":{"east":{"uv":[11.5,1.75,11.75,2.25],"rotation":0,"texture":"#0","tintindex":0},"south":{"uv":[9.75,14.25,10.0,14.75],"rotation":0,"texture":"#0","tintindex":0},"north":{"uv":[9.5,8.25,9.75,8.75],"rotation":0,"texture":"#0","tintindex":0},"west":{"uv":[10.0,14.25,10.25,14.75],"rotation":0,"texture":"#0","tintindex":0},"up":{"uv":[14.25,2.5,14.0,2.25],"rotation":0,"texture":"#0","tintindex":0},"down":{"uv":[14.5,11.0,14.25,11.25],"rotation":0,"texture":"#0","tintindex":0}}},{"from":[7.663972,0.2368269,7.725915],"to":[8.121115,2.408255,8.183058],"rotation":{"angle":-22.5,"axis":"x","origin":[8.178258,1.0368266,8.240201]},"faces":{"east":{"uv":[11.25,13.5,11.5,14.5],"rotation":0,"texture":"#0","tintindex":0},"south":{"uv":[1.0,13.75,1.25,14.75],"rotation":0,"texture":"#0","tintindex":0},"north":{"uv":[5.5,13.5,5.75,14.5],"rotation":0,"texture":"#0","tintindex":0},"west":{"uv":[3.25,13.75,3.5,14.75],"rotation":0,"texture":"#0","tintindex":0},"up":{"uv":[14.5,11.5,14.25,11.25],"rotation":0,"texture":"#0","tintindex":0},"down":{"uv":[11.75,14.25,11.5,14.5],"rotation":0,"texture":"#0","tintindex":0}}},{"from":[7.663972,2.1070533,7.2402396],"to":[8.121115,3.7070527,7.6973825],"rotation":{"angle":0.0,"axis":"y","origin":[7.8925433,2.907053,7.468811]},"faces":{"east":{"uv":[14.0,14.0,14.25,14.75],"rotation":0,"texture":"#0","tintindex":0},"south":{"uv":[0.5,14.25,0.75,15.0],"rotation":0,"texture":"#0","tintindex":0},"north":{"uv":[14.0,13.25,14.25,14.0],"rotation":0,"texture":"#0","tintindex":0},"west":{"uv":[0.75,14.25,1.0,15.0],"rotation":0,"texture":"#0","tintindex":0},"up":{"uv":[12.0,14.5,11.75,14.25],"rotation":0,"texture":"#0","tintindex":0},"down":{"uv":[13.0,14.25,12.75,14.5],"rotation":0,"texture":"#0","tintindex":0}}}],"textures":{"0":"modelengine:entity/em_dyerftum1"},"display":{"head":{"translation":[0.0,-6.4,0.0],"scale":[4.0,4.0,4.0]}}}