{"elements":[{"from":[6.8,6.357143,6.857143],"to":[7.9428573,7.2714286,9.142858],"rotation":{"angle":0.0,"axis":"y","origin":[7.8428574,-0.45000076,8.0]},"faces":{"east":{"uv":[6.0,4.9375,6.25,5.0625],"rotation":0,"texture":"#8","tintindex":0},"south":{"uv":[6.9375,7.6875,7.0625,7.8125],"rotation":0,"texture":"#8","tintindex":0},"north":{"uv":[6.75,7.6875,6.875,7.8125],"rotation":0,"texture":"#8","tintindex":0},"west":{"uv":[6.0,5.5,6.25,5.625],"rotation":0,"texture":"#8","tintindex":0},"up":{"uv":[5.75,6.25,5.625,6.0],"rotation":0,"texture":"#8","tintindex":0},"down":{"uv":[5.9375,6.0,5.8125,6.25],"rotation":0,"texture":"#8","tintindex":0}}},{"from":[6.8,5.3571424,6.857143],"to":[7.9428573,6.2714286,9.142858],"rotation":{"angle":0.0,"axis":"y","origin":[7.8428574,-0.45000076,8.0]},"faces":{"east":{"uv":[6.0625,2.25,6.3125,2.375],"rotation":0,"texture":"#8","tintindex":0},"south":{"uv":[0.0,7.75,0.125,7.875],"rotation":0,"texture":"#8","tintindex":0},"north":{"uv":[7.6875,7.3125,7.8125,7.4375],"rotation":0,"texture":"#8","tintindex":0},"west":{"uv":[2.4375,6.0625,2.6875,6.1875],"rotation":0,"texture":"#8","tintindex":0},"up":{"uv":[2.875,6.3125,2.75,6.0625],"rotation":0,"texture":"#8","tintindex":0},"down":{"uv":[6.1875,3.625,6.0625,3.875],"rotation":0,"texture":"#8","tintindex":0}}},{"from":[6.8,7.357143,6.857143],"to":[7.9428573,8.271429,9.142858],"rotation":{"angle":0.0,"axis":"y","origin":[7.8428574,-0.45000076,8.0]},"faces":{"east":{"uv":[6.0,1.5,6.25,1.625],"rotation":0,"texture":"#8","tintindex":0},"south":{"uv":[5.9375,7.6875,6.0625,7.8125],"rotation":0,"texture":"#8","tintindex":0},"north":{"uv":[5.1875,7.6875,5.3125,7.8125],"rotation":0,"texture":"#8","tintindex":0},"west":{"uv":[1.6875,6.0,1.9375,6.125],"rotation":0,"texture":"#8","tintindex":0},"up":{"uv":[0.4375,6.25,0.3125,6.0],"rotation":0,"texture":"#8","tintindex":0},"down":{"uv":[2.375,6.0,2.25,6.25],"rotation":0,"texture":"#8","tintindex":0}}},{"from":[8.057143,7.357143,6.857143],"to":[9.2,8.271429,9.142858],"rotation":{"angle":0.0,"axis":"y","origin":[9.1,-0.45000076,8.0]},"faces":{"east":{"uv":[6.0,0.5,6.25,0.625],"rotation":0,"texture":"#8","tintindex":0},"south":{"uv":[5.0,7.6875,5.125,7.8125],"rotation":0,"texture":"#8","tintindex":0},"north":{"uv":[4.4375,7.6875,4.5625,7.8125],"rotation":0,"texture":"#8","tintindex":0},"west":{"uv":[0.75,6.0,1.0,6.125],"rotation":0,"texture":"#8","tintindex":0},"up":{"uv":[4.1875,6.1875,4.0625,5.9375],"rotation":0,"texture":"#8","tintindex":0},"down":{"uv":[4.8125,5.9375,4.6875,6.1875],"rotation":0,"texture":"#8","tintindex":0}}},{"from":[8.057143,6.357143,6.857143],"to":[9.2,7.2714286,9.142858],"rotation":{"angle":0.0,"axis":"y","origin":[9.1,-0.45000076,8.0]},"faces":{"east":{"uv":[6.0,3.25,6.25,3.375],"rotation":0,"texture":"#8","tintindex":0},"south":{"uv":[7.6875,6.1875,7.8125,6.3125],"rotation":0,"texture":"#8","tintindex":0},"north":{"uv":[7.6875,6.0,7.8125,6.125],"rotation":0,"texture":"#8","tintindex":0},"west":{"uv":[6.0,3.4375,6.25,3.5625],"rotation":0,"texture":"#8","tintindex":0},"up":{"uv":[6.125,4.875,6.0,4.625],"rotation":0,"texture":"#8","tintindex":0},"down":{"uv":[5.375,6.0,5.25,6.25],"rotation":0,"texture":"#8","tintindex":0}}},{"from":[8.057143,5.3571424,6.857143],"to":[9.2,6.2714286,9.142858],"rotation":{"angle":0.0,"axis":"y","origin":[9.1,-0.45000076,8.0]},"faces":{"east":{"uv":[6.0,6.0,6.25,6.125],"rotation":0,"texture":"#8","tintindex":0},"south":{"uv":[7.3125,7.6875,7.4375,7.8125],"rotation":0,"texture":"#8","tintindex":0},"north":{"uv":[7.125,7.6875,7.25,7.8125],"rotation":0,"texture":"#8","tintindex":0},"west":{"uv":[6.0625,0.1875,6.3125,0.3125],"rotation":0,"texture":"#8","tintindex":0},"up":{"uv":[0.625,6.3125,0.5,6.0625],"rotation":0,"texture":"#8","tintindex":0},"down":{"uv":[6.1875,0.9375,6.0625,1.1875],"rotation":0,"texture":"#8","tintindex":0}}},{"from":[6.937143,8.53,6.937143],"to":[9.062857,8.941429,9.062857],"rotation":{"angle":0.0,"axis":"y","origin":[6.9142857,3.3071427,8.0]},"faces":{"east":{"uv":[7.125,1.875,7.375,1.9375],"rotation":0,"texture":"#8","tintindex":0},"south":{"uv":[7.125,2.25,7.375,2.3125],"rotation":0,"texture":"#8","tintindex":0},"north":{"uv":[7.0625,6.4375,7.3125,6.5],"rotation":0,"texture":"#8","tintindex":0},"west":{"uv":[7.125,3.0,7.375,3.0625],"rotation":0,"texture":"#8","tintindex":0},"up":{"uv":[0.625,3.8125,0.375,3.5625],"rotation":0,"texture":"#8","tintindex":0},"down":{"uv":[3.8125,3.125,3.5625,3.375],"rotation":0,"texture":"#8","tintindex":0}}},{"from":[6.942857,5.028571,7.028571],"to":[8.885715,8.685715,8.971429],"rotation":{"angle":0.0,"axis":"y","origin":[6.9714284,0.5714283,8.0]},"faces":{"east":{"uv":[14.5625,0.0,15.5,0.5],"rotation":0,"texture":"#0","tintindex":0},"south":{"uv":[14.5625,0.0,15.5,0.5],"rotation":0,"texture":"#0","tintindex":0},"north":{"uv":[14.5625,0.0,15.5,0.5],"rotation":0,"texture":"#0","tintindex":0},"west":{"uv":[14.5625,0.0,15.5,0.5],"rotation":0,"texture":"#0","tintindex":0},"up":{"uv":[14.5625,0.0,15.5,0.5],"rotation":0,"texture":"#0","tintindex":0},"down":{"uv":[14.5625,0.0,15.5,0.5],"rotation":0,"texture":"#0","tintindex":0}}}],"textures":{"0":"modelengine:entity/boneshadingdefender","8":"modelengine:entity/fallendefender"},"display":{"head":{"translation":[0.0,-6.4,0.0],"scale":[4.0,4.0,4.0]}}}