{"elements":[{"from":[9.328571,6.342857,9.322408],"to":[11.038286,6.909714,9.889265],"rotation":{"angle":0.0,"axis":"y","origin":[7.040571,-9.65943,7.0344076]},"faces":{"east":{"uv":[9.25,1.875,9.3125,1.9375],"rotation":0,"texture":"#8","tintindex":0},"south":{"uv":[6.8125,8.125,7.0,8.1875],"rotation":0,"texture":"#8","tintindex":0},"north":{"uv":[6.5625,8.125,6.75,8.1875],"rotation":0,"texture":"#8","tintindex":0},"west":{"uv":[9.25,2.25,9.3125,2.3125],"rotation":0,"texture":"#8","tintindex":0},"up":{"uv":[8.3125,7.1875,8.125,7.125],"rotation":0,"texture":"#8","tintindex":0},"down":{"uv":[8.3125,7.4375,8.125,7.5],"rotation":0,"texture":"#8","tintindex":0}}},{"from":[10.864286,6.5714283,6.2714286],"to":[12.121429,7.8285713,9.814285],"rotation":{"angle":45.0,"axis":"z","origin":[11.328571,6.6285715,8.042857]},"faces":{"east":{"uv":[4.625,0.625,5.0,0.75],"rotation":0,"texture":"#8","tintindex":0},"south":{"uv":[2.125,7.3125,2.25,7.4375],"rotation":0,"texture":"#8","tintindex":0},"north":{"uv":[7.3125,0.5,7.4375,0.625],"rotation":0,"texture":"#8","tintindex":0},"west":{"uv":[4.625,2.0625,5.0,2.1875],"rotation":0,"texture":"#8","tintindex":0},"up":{"uv":[0.125,5.0,0.0,4.625],"rotation":0,"texture":"#8","tintindex":0},"down":{"uv":[3.3125,4.625,3.1875,5.0],"rotation":0,"texture":"#8","tintindex":0}}},{"from":[9.328571,6.342857,6.2285714],"to":[11.042857,6.9142857,6.8],"rotation":{"angle":0.0,"axis":"y","origin":[7.042857,-9.657143,9.085714]},"faces":{"east":{"uv":[9.25,1.625,9.3125,1.6875],"rotation":0,"texture":"#8","tintindex":0},"south":{"uv":[8.125,1.5625,8.3125,1.625],"rotation":0,"texture":"#8","tintindex":0},"north":{"uv":[8.125,0.125,8.3125,0.1875],"rotation":0,"texture":"#8","tintindex":0},"west":{"uv":[9.25,1.75,9.3125,1.8125],"rotation":0,"texture":"#8","tintindex":0},"up":{"uv":[8.3125,3.625,8.125,3.5625],"rotation":0,"texture":"#8","tintindex":0},"down":{"uv":[8.3125,6.375,8.125,6.4375],"rotation":0,"texture":"#8","tintindex":0}}},{"from":[7.837642,9.26693,9.2063465],"to":[8.404499,9.833786,9.773204],"rotation":{"angle":-45.0,"axis":"x","origin":[8.121071,9.550358,9.489776]},"faces":{"east":{"uv":[9.25,0.75,9.3125,0.8125],"rotation":0,"texture":"#8","tintindex":0},"south":{"uv":[9.25,0.875,9.3125,0.9375],"rotation":0,"texture":"#8","tintindex":0},"north":{"uv":[0.75,9.25,0.8125,9.3125],"rotation":0,"texture":"#8","tintindex":0},"west":{"uv":[9.25,1.0,9.3125,1.0625],"rotation":0,"texture":"#8","tintindex":0},"up":{"uv":[9.3125,1.1875,9.25,1.125],"rotation":0,"texture":"#8","tintindex":0},"down":{"uv":[9.3125,1.25,9.25,1.3125],"rotation":0,"texture":"#8","tintindex":0}}},{"from":[7.8353567,9.38299,6.6326323],"to":[8.406785,9.954419,9.489776],"rotation":{"angle":0.0,"axis":"y","origin":[7.263928,6.8115616,6.9183464]},"faces":{"east":{"uv":[6.8125,2.125,7.125,2.1875],"rotation":0,"texture":"#8","tintindex":0},"south":{"uv":[9.25,0.625,9.3125,0.6875],"rotation":0,"texture":"#8","tintindex":0},"north":{"uv":[0.625,9.25,0.6875,9.3125],"rotation":0,"texture":"#8","tintindex":0},"west":{"uv":[6.8125,2.375,7.125,2.4375],"rotation":0,"texture":"#8","tintindex":0},"up":{"uv":[1.125,7.0625,1.0625,6.75],"rotation":0,"texture":"#8","tintindex":0},"down":{"uv":[1.625,6.75,1.5625,7.0625],"rotation":0,"texture":"#8","tintindex":0}}},{"from":[7.837642,9.26693,6.3492036],"to":[8.404499,9.833786,6.916061],"rotation":{"angle":45.0,"axis":"x","origin":[8.121071,9.550358,6.6326323]},"faces":{"east":{"uv":[9.1875,9.0,9.25,9.0625],"rotation":0,"texture":"#8","tintindex":0},"south":{"uv":[9.0625,9.1875,9.125,9.25],"rotation":0,"texture":"#8","tintindex":0},"north":{"uv":[8.9375,9.1875,9.0,9.25],"rotation":0,"texture":"#8","tintindex":0},"west":{"uv":[9.1875,9.125,9.25,9.1875],"rotation":0,"texture":"#8","tintindex":0},"up":{"uv":[0.0625,9.3125,0.0,9.25],"rotation":0,"texture":"#8","tintindex":0},"down":{"uv":[9.3125,0.125,9.25,0.1875],"rotation":0,"texture":"#8","tintindex":0}}},{"from":[8.21144,6.537499,9.31689],"to":[8.782868,7.680356,9.888318],"rotation":{"angle":22.5,"axis":"z","origin":[7.6400113,6.823213,9.602604]},"faces":{"east":{"uv":[8.1875,8.625,8.25,8.75],"rotation":0,"texture":"#8","tintindex":0},"south":{"uv":[0.0,8.6875,0.0625,8.8125],"rotation":0,"texture":"#8","tintindex":0},"north":{"uv":[7.3125,8.625,7.375,8.75],"rotation":0,"texture":"#8","tintindex":0},"west":{"uv":[0.125,8.6875,0.1875,8.8125],"rotation":0,"texture":"#8","tintindex":0},"up":{"uv":[8.75,9.25,8.6875,9.1875],"rotation":0,"texture":"#8","tintindex":0},"down":{"uv":[9.25,8.75,9.1875,8.8125],"rotation":0,"texture":"#8","tintindex":0}}},{"from":[8.384333,6.7538896,9.314604],"to":[9.531761,7.3298893,9.890604],"rotation":{"angle":-22.5,"axis":"z","origin":[8.386619,7.0418897,9.602604]},"faces":{"east":{"uv":[8.4375,9.1875,8.5,9.25],"rotation":0,"texture":"#8","tintindex":0},"south":{"uv":[8.625,7.5,8.75,7.5625],"rotation":0,"texture":"#8","tintindex":0},"north":{"uv":[8.625,7.25,8.75,7.3125],"rotation":0,"texture":"#8","tintindex":0},"west":{"uv":[8.5625,9.1875,8.625,9.25],"rotation":0,"texture":"#8","tintindex":0},"up":{"uv":[8.75,7.6875,8.625,7.625],"rotation":0,"texture":"#8","tintindex":0},"down":{"uv":[8.75,8.3125,8.625,8.375],"rotation":0,"texture":"#8","tintindex":0}}},{"from":[7.841071,7.834929,9.318032],"to":[8.410213,9.546929,9.887176],"rotation":{"angle":0.0,"axis":"y","origin":[7.2684994,7.548072,9.602604]},"faces":{"east":{"uv":[3.25,8.125,3.3125,8.3125],"rotation":0,"texture":"#8","tintindex":0},"south":{"uv":[3.375,8.125,3.4375,8.3125],"rotation":0,"texture":"#8","tintindex":0},"north":{"uv":[3.125,8.125,3.1875,8.3125],"rotation":0,"texture":"#8","tintindex":0},"west":{"uv":[3.6875,8.125,3.75,8.3125],"rotation":0,"texture":"#8","tintindex":0},"up":{"uv":[9.25,8.1875,9.1875,8.125],"rotation":0,"texture":"#8","tintindex":0},"down":{"uv":[8.375,9.1875,8.3125,9.25],"rotation":0,"texture":"#8","tintindex":0}}},{"from":[7.8330708,7.833786,6.226286],"to":[8.409071,9.552644,6.8022857],"rotation":{"angle":0.0,"axis":"y","origin":[7.263928,7.550358,6.5142856]},"faces":{"east":{"uv":[2.875,8.125,2.9375,8.3125],"rotation":0,"texture":"#8","tintindex":0},"south":{"uv":[8.125,2.875,8.1875,3.0625],"rotation":0,"texture":"#8","tintindex":0},"north":{"uv":[8.125,2.625,8.1875,2.8125],"rotation":0,"texture":"#8","tintindex":0},"west":{"uv":[3.0,8.125,3.0625,8.3125],"rotation":0,"texture":"#8","tintindex":0},"up":{"uv":[8.0,9.25,7.9375,9.1875],"rotation":0,"texture":"#8","tintindex":0},"down":{"uv":[8.125,9.1875,8.0625,9.25],"rotation":0,"texture":"#8","tintindex":0}}},{"from":[8.379762,6.756175,6.226286],"to":[9.52719,7.3321753,6.8022857],"rotation":{"angle":-22.5,"axis":"z","origin":[8.382048,7.044175,6.5142856]},"faces":{"east":{"uv":[7.6875,9.1875,7.75,9.25],"rotation":0,"texture":"#8","tintindex":0},"south":{"uv":[8.625,3.3125,8.75,3.375],"rotation":0,"texture":"#8","tintindex":0},"north":{"uv":[8.625,0.25,8.75,0.3125],"rotation":0,"texture":"#8","tintindex":0},"west":{"uv":[7.8125,9.1875,7.875,9.25],"rotation":0,"texture":"#8","tintindex":0},"up":{"uv":[8.75,6.3125,8.625,6.25],"rotation":0,"texture":"#8","tintindex":0},"down":{"uv":[8.75,7.0,8.625,7.0625],"rotation":0,"texture":"#8","tintindex":0}}},{"from":[8.206868,6.5397844,6.2285714],"to":[8.778297,7.682642,6.8],"rotation":{"angle":22.5,"axis":"z","origin":[7.63544,6.825499,6.5142856]},"faces":{"east":{"uv":[5.6875,8.625,5.75,8.75],"rotation":0,"texture":"#8","tintindex":0},"south":{"uv":[8.625,5.6875,8.6875,5.8125],"rotation":0,"texture":"#8","tintindex":0},"north":{"uv":[8.625,5.5,8.6875,5.625],"rotation":0,"texture":"#8","tintindex":0},"west":{"uv":[8.625,5.875,8.6875,6.0],"rotation":0,"texture":"#8","tintindex":0},"up":{"uv":[7.5,9.25,7.4375,9.1875],"rotation":0,"texture":"#8","tintindex":0},"down":{"uv":[7.625,9.1875,7.5625,9.25],"rotation":0,"texture":"#8","tintindex":0}}},{"from":[8.406785,6.8563395,9.288661],"to":[11.263928,7.9991965,9.86009],"rotation":{"angle":0.0,"axis":"y","origin":[7.263928,4.7134824,9.574375]},