{"elements":[{"from":[7.428571,7.5807376,3.739234],"to":[8.571428,8.723595,12.8820915],"rotation":{"angle":0.0,"axis":"y","origin":[-33.14286,-0.9906912,-10.546482]},"faces":{"east":{"uv":[8.125,5.625,10.125,5.875],"rotation":0,"texture":"#0","tintindex":0},"south":{"uv":[6.25,10.875,6.5,11.125],"rotation":0,"texture":"#0","tintindex":0},"north":{"uv":[10.875,5.875,11.125,6.125],"rotation":0,"texture":"#0","tintindex":0},"west":{"uv":[8.25,2.5,10.25,2.75],"rotation":0,"texture":"#0","tintindex":0},"up":{"uv":[3.375,10.0,3.125,8.0],"rotation":0,"texture":"#0","tintindex":0},"down":{"uv":[5.125,8.375,4.875,10.375],"rotation":0,"texture":"#0","tintindex":0}}},{"from":[7.2608,8.31913,12.8820915],"to":[8.403657,8.31913,15.739235],"rotation":{"angle":-45.0,"axis":"z","origin":[7.832228,8.31913,14.310663]},"faces":{"east":{"uv":[0.0,0.0,0.625,0.0],"rotation":0,"texture":"#0","tintindex":0},"south":{"uv":[0.0,0.0,0.25,0.0],"rotation":0,"texture":"#0","tintindex":0},"north":{"uv":[0.0,0.0,0.25,0.0],"rotation":0,"texture":"#0","tintindex":0},"west":{"uv":[0.0,0.0,0.625,0.0],"rotation":0,"texture":"#0","tintindex":0},"up":{"uv":[10.25,11.125,10.0,10.5],"rotation":0,"texture":"#0","tintindex":0},"down":{"uv":[10.75,10.125,10.5,10.75],"rotation":0,"texture":"#0","tintindex":0}}},{"from":[7.595939,8.319533,12.8820915],"to":[8.738796,8.319533,17.45352],"rotation":{"angle":45.0,"axis":"z","origin":[8.167368,8.319533,14.310663]},"faces":{"east":{"uv":[0.0,0.0,1.0,0.0],"rotation":0,"texture":"#0","tintindex":0},"south":{"uv":[0.0,0.0,0.25,0.0],"rotation":0,"texture":"#0","tintindex":0},"north":{"uv":[0.0,0.0,0.25,0.0],"rotation":0,"texture":"#0","tintindex":0},"west":{"uv":[0.0,0.0,1.0,0.0],"rotation":0,"texture":"#0","tintindex":0},"up":{"uv":[4.375,11.125,4.125,10.125],"rotation":0,"texture":"#0","tintindex":0},"down":{"uv":[9.875,10.125,9.625,11.125],"rotation":0,"texture":"#0","tintindex":0}}},{"from":[7.142857,7.2950234,-0.26076603],"to":[8.857143,9.009309,3.739234],"rotation":{"angle":0.0,"axis":"y","origin":[-33.14286,-0.9906912,-10.546482]},"faces":{"east":{"uv":[9.5,3.875,10.375,4.25],"rotation":0,"texture":"#0","tintindex":0},"south":{"uv":[2.125,10.625,2.5,11.0],"rotation":0,"texture":"#0","tintindex":0},"north":{"uv":[10.5,2.75,10.875,3.125],"rotation":0,"texture":"#0","tintindex":0},"west":{"uv":[9.5,4.25,10.375,4.625],"rotation":0,"texture":"#0","tintindex":0},"up":{"uv":[3.125,10.25,2.75,9.375],"rotation":0,"texture":"#0","tintindex":0},"down":{"uv":[7.125,9.375,6.75,10.25],"rotation":0,"texture":"#0","tintindex":0}}},{"from":[4.8571424,8.0,-2.4592667],"to":[11.142858,8.0,-0.17355251],"rotation":{"angle":-22.5,"axis":"x","origin":[8.0,8.0,-1.3164101]},"faces":{"east":{"uv":[0.0,0.0,0.5,0.0],"rotation":0,"texture":"#0","tintindex":0},"south":{"uv":[0.0,0.0,1.375,0.0],"rotation":0,"texture":"#0","tintindex":0},"north":{"uv":[0.0,0.0,1.375,0.0],"rotation":0,"texture":"#0","tintindex":0},"west":{"uv":[0.0,0.0,0.5,0.0],"rotation":0,"texture":"#0","tintindex":0},"up":{"uv":[9.5,4.125,8.125,3.625],"rotation":0,"texture":"#0","tintindex":0},"down":{"uv":[9.5,4.125,8.125,4.625],"rotation":0,"texture":"#0","tintindex":0}}},{"from":[4.8571424,7.562604,-6.372491],"to":[11.142858,7.562604,-2.37249],"rotation":{"angle":0.0,"axis":"y","origin":[8.0,7.562604,-3.5153475]},"faces":{"east":{"uv":[0.0,0.0,0.875,0.0],"rotation":0,"texture":"#0","tintindex":0},"south":{"uv":[0.0,0.0,1.375,0.0],"rotation":0,"texture":"#0","tintindex":0},"north":{"uv":[0.0,0.0,1.375,0.0],"rotation":0,"texture":"#0","tintindex":0},"west":{"uv":[0.0,0.0,0.875,0.0],"rotation":0,"texture":"#0","tintindex":0},"up":{"uv":[4.875,3.125,3.5,2.25],"rotation":0,"texture":"#0","tintindex":0},"down":{"uv":[1.375,4.5,0.0,5.375],"rotation":0,"texture":"#0","tintindex":0}}},{"from":[4.8571424,8.0,-8.57143],"to":[11.142858,8.0,-6.285715],"rotation":{"angle":22.5,"axis":"x","origin":[8.0,8.0,-7.4285717]},"faces":{"east":{"uv":[0.0,0.0,0.5,0.0],"rotation":0,"texture":"#0","tintindex":0},"south":{"uv":[0.0,0.0,1.375,0.0],"rotation":0,"texture":"#0","tintindex":0},"north":{"uv":[0.0,0.0,1.375,0.0],"rotation":0,"texture":"#0","tintindex":0},"west":{"uv":[0.0,0.0,0.5,0.0],"rotation":0,"texture":"#0","tintindex":0},"up":{"uv":[9.5,5.125,8.125,4.625],"rotation":0,"texture":"#0","tintindex":0},"down":{"uv":[9.5,5.125,8.125,5.625],"rotation":0,"texture":"#0","tintindex":0}}}],"textures":{"0":"modelengine:entity/gp2_goblin_warrior_parts"},"display":{"head":{"translation":[0.0,-6.4,0.0],"scale":[4.0,4.0,4.0]}}}