{"elements":[{"from":[5.2745724,5.96554,-2.1928225],"to":[10.988858,6.5369687,3.521463],"rotation":{"angle":0.0,"axis":"y","origin":[8.703144,5.3941116,3.521463]},"faces":{"east":{"uv":[10.25,0.625,11.5,0.75],"rotation":0,"texture":"#0","tintindex":0},"south":{"uv":[10.25,3.5,11.5,3.625],"rotation":0,"texture":"#0","tintindex":0},"north":{"uv":[10.125,9.375,11.375,9.5],"rotation":0,"texture":"#0","tintindex":0},"west":{"uv":[10.25,8.5,11.5,8.625],"rotation":0,"texture":"#0","tintindex":0},"up":{"uv":[1.25,1.25,0.0,0.0],"rotation":0,"texture":"#0","tintindex":0},"down":{"uv":[1.25,1.25,0.0,2.5],"rotation":0,"texture":"#0","tintindex":0}}},{"from":[4.7031436,5.96554,-2.7642508],"to":[5.2745724,8.251255,4.0928917],"rotation":{"angle":0.0,"axis":"y","origin":[2.417429,5.3941116,3.521463]},"faces":{"east":{"uv":[7.875,6.25,9.375,6.75],"rotation":0,"texture":"#0","tintindex":0},"south":{"uv":[2.5,10.625,2.625,11.125],"rotation":0,"texture":"#0","tintindex":0},"north":{"uv":[9.5,10.375,9.625,10.875],"rotation":0,"texture":"#0","tintindex":0},"west":{"uv":[7.875,6.75,9.375,7.25],"rotation":0,"texture":"#0","tintindex":0},"up":{"uv":[2.25,10.125,2.125,8.625],"rotation":0,"texture":"#0","tintindex":0},"down":{"uv":[3.125,10.25,3.0,11.75],"rotation":0,"texture":"#0","tintindex":0}}},{"from":[5.2745724,5.96554,-2.7642508],"to":[10.988858,8.251255,-2.1928225],"rotation":{"angle":0.0,"axis":"y","origin":[2.417429,5.3941116,3.521463]},"faces":{"east":{"uv":[2.625,10.875,2.75,11.375],"rotation":0,"texture":"#0","tintindex":0},"south":{"uv":[8.25,1.5,9.5,2.0],"rotation":0,"texture":"#0","tintindex":0},"north":{"uv":[8.25,1.0,9.5,1.5],"rotation":0,"texture":"#0","tintindex":0},"west":{"uv":[2.75,10.875,2.875,11.375],"rotation":0,"texture":"#0","tintindex":0},"up":{"uv":[11.625,4.625,10.375,4.5],"rotation":0,"texture":"#0","tintindex":0},"down":{"uv":[11.625,7.75,10.375,7.875],"rotation":0,"texture":"#0","tintindex":0}}},{"from":[5.2745724,5.96554,3.521463],"to":[10.988858,8.251255,4.0928917],"rotation":{"angle":0.0,"axis":"y","origin":[2.417429,5.3941116,9.807178]},"faces":{"east":{"uv":[10.875,2.75,11.0,3.25],"rotation":0,"texture":"#0","tintindex":0},"south":{"uv":[7.875,8.25,9.125,8.75],"rotation":0,"texture":"#0","tintindex":0},"north":{"uv":[8.25,2.0,9.5,2.5],"rotation":0,"texture":"#0","tintindex":0},"west":{"uv":[2.875,10.875,3.0,11.375],"rotation":0,"texture":"#0","tintindex":0},"up":{"uv":[11.625,8.0,10.375,7.875],"rotation":0,"texture":"#0","tintindex":0},"down":{"uv":[11.625,8.0,10.375,8.125],"rotation":0,"texture":"#0","tintindex":0}}},{"from":[7.2745724,7.1083975,4.0928917],"to":[8.988858,8.251255,10.378606],"rotation":{"angle":0.0,"axis":"y","origin":[8.131715,7.6798263,7.235749]},"faces":{"east":{"uv":[9.5,2.25,10.875,2.5],"rotation":0,"texture":"#0","tintindex":0},"south":{"uv":[8.625,9.875,9.0,10.125],"rotation":0,"texture":"#0","tintindex":0},"north":{"uv":[9.125,0.75,9.5,1.0],"rotation":0,"texture":"#0","tintindex":0},"west":{"uv":[9.5,3.625,10.875,3.875],"rotation":0,"texture":"#0","tintindex":0},"up":{"uv":[3.125,9.375,2.75,8.0],"rotation":0,"texture":"#0","tintindex":0},"down":{"uv":[4.875,8.375,4.5,9.75],"rotation":0,"texture":"#0","tintindex":0}}},{"from":[10.988858,5.96554,-2.7642508],"to":[11.5602865,8.251255,4.0928917],"rotation":{"angle":0.0,"axis":"y","origin":[8.703144,5.3941116,3.521463]},"faces":{"east":{"uv":[7.875,7.25,9.375,7.75],"rotation":0,"texture":"#0","tintindex":0},"south":{"uv":[4.0,10.75,4.125,11.25],"rotation":0,"texture":"#0","tintindex":0},"north":{"uv":[7.5,10.625,7.625,11.125],"rotation":0,"texture":"#0","tintindex":0},"west":{"uv":[7.875,7.75,9.375,8.25],"rotation":0,"texture":"#0","tintindex":0},"up":{"uv":[8.125,11.75,8.0,10.25],"rotation":0,"texture":"#0","tintindex":0},"down":{"uv":[8.25,10.25,8.125,11.75],"rotation":0,"texture":"#0","tintindex":0}}}],"textures":{"0":"modelengine:entity/gp2_goblin_warrior_parts"},"display":{"head":{"translation":[0.0,-6.4,0.0],"scale":[4.0,4.0,4.0]}}}