{"elements":[{"from":[7.428571,7.5,5.428571],"to":[8.571428,8.642858,10.571428],"rotation":{"angle":0.0,"axis":"y","origin":[-18.285715,-1.0714293,-13.428572]},"faces":{"east":{"uv":[9.625,0.0,10.75,0.25],"rotation":0,"texture":"#0","tintindex":0},"south":{"uv":[5.875,10.875,6.125,11.125],"rotation":0,"texture":"#0","tintindex":0},"north":{"uv":[5.625,10.875,5.875,11.125],"rotation":0,"texture":"#0","tintindex":0},"west":{"uv":[3.375,9.875,4.5,10.125],"rotation":0,"texture":"#0","tintindex":0},"up":{"uv":[2.125,10.875,1.875,9.75],"rotation":0,"texture":"#0","tintindex":0},"down":{"uv":[4.75,9.75,4.5,10.875],"rotation":0,"texture":"#0","tintindex":0}}},{"from":[7.714286,5.785714,-2.5714293],"to":[8.285714,8.642858,5.428571],"rotation":{"angle":0.0,"axis":"y","origin":[-18.285715,-1.0714293,-13.428572]},"faces":{"east":{"uv":[5.625,3.0,7.375,3.625],"rotation":0,"texture":"#0","tintindex":0},"south":{"uv":[4.75,9.75,4.875,10.375],"rotation":0,"texture":"#0","tintindex":0},"north":{"uv":[1.125,2.5,1.25,3.125],"rotation":0,"texture":"#0","tintindex":0},"west":{"uv":[5.75,0.0,7.5,0.625],"rotation":0,"texture":"#0","tintindex":0},"up":{"uv":[4.5,11.875,4.375,10.125],"rotation":0,"texture":"#0","tintindex":0},"down":{"uv":[10.0,10.125,9.875,11.875],"rotation":0,"texture":"#0","tintindex":0}}},{"from":[7.714286,6.357143,-3.7142859],"to":[8.285714,8.642858,-2.5714293],"rotation":{"angle":0.0,"axis":"y","origin":[-18.285715,-1.0714293,-13.428572]},"faces":{"east":{"uv":[5.625,3.625,5.875,4.125],"rotation":0,"texture":"#0","tintindex":0},"south":{"uv":[6.125,10.875,6.25,11.375],"rotation":0,"texture":"#0","tintindex":0},"north":{"uv":[3.875,10.875,4.0,11.375],"rotation":0,"texture":"#0","tintindex":0},"west":{"uv":[5.75,1.5,6.0,2.0],"rotation":0,"texture":"#0","tintindex":0},"up":{"uv":[7.125,11.125,7.0,10.875],"rotation":0,"texture":"#0","tintindex":0},"down":{"uv":[7.25,10.875,7.125,11.125],"rotation":0,"texture":"#0","tintindex":0}}},{"from":[7.714286,7.5,-4.285715],"to":[8.285714,8.642858,-3.7142859],"rotation":{"angle":0.0,"axis":"y","origin":[-18.285715,-1.0714293,-13.428572]},"faces":{"east":{"uv":[7.375,10.875,7.5,11.125],"rotation":0,"texture":"#0","tintindex":0},"south":{"uv":[7.625,10.875,7.75,11.125],"rotation":0,"texture":"#0","tintindex":0},"north":{"uv":[7.25,10.875,7.375,11.125],"rotation":0,"texture":"#0","tintindex":0},"west":{"uv":[7.75,10.875,7.875,11.125],"rotation":0,"texture":"#0","tintindex":0},"up":{"uv":[8.625,9.625,8.5,9.5],"rotation":0,"texture":"#0","tintindex":0},"down":{"uv":[4.5,9.75,4.375,9.875],"rotation":0,"texture":"#0","tintindex":0}}}],"textures":{"0":"modelengine:entity/gp2_goblin_warrior_parts"},"display":{"head":{"translation":[0.0,-6.4,0.0],"scale":[4.0,4.0,4.0]}}}