{"elements":[{"from":[7.9653373,6.793764,5.714286],"to":[11.965337,9.079478,8.0],"rotation":{"angle":0.0,"axis":"y","origin":[-2.3203773,1.0794783,1.7142854]},"faces":{"east":{"uv":[10.0,10.0,10.5,10.5],"rotation":0,"texture":"#0","tintindex":0},"south":{"uv":[0.875,8.625,1.75,9.125],"rotation":0,"texture":"#0","tintindex":0},"north":{"uv":[0.0,8.625,0.875,9.125],"rotation":0,"texture":"#0","tintindex":0},"west":{"uv":[2.125,10.125,2.625,10.625],"rotation":0,"texture":"#0","tintindex":0},"up":{"uv":[4.25,9.125,3.375,8.625],"rotation":0,"texture":"#0","tintindex":0},"down":{"uv":[8.625,8.75,7.75,9.25],"rotation":0,"texture":"#0","tintindex":0}}},{"from":[10.571428,5.714286,5.428571],"to":[12.857143,8.0,8.285714],"rotation":{"angle":-45.0,"axis":"z","origin":[12.571428,6.857143,6.857143]},"faces":{"east":{"uv":[9.625,3.125,10.25,3.625],"rotation":0,"texture":"#0","tintindex":0},"south":{"uv":[3.625,10.125,4.125,10.625],"rotation":0,"texture":"#0","tintindex":0},"north":{"uv":[3.125,10.125,3.625,10.625],"rotation":0,"texture":"#0","tintindex":0},"west":{"uv":[7.125,9.625,7.75,10.125],"rotation":0,"texture":"#0","tintindex":0},"up":{"uv":[8.25,10.25,7.75,9.625],"rotation":0,"texture":"#0","tintindex":0},"down":{"uv":[1.5,9.75,1.0,10.375],"rotation":0,"texture":"#0","tintindex":0}}}],"textures":{"0":"modelengine:entity/gp2_goblin_warrior_parts"},"display":{"head":{"translation":[0.0,-6.4,0.0],"scale":[4.0,4.0,4.0]}}}