{"elements":[{"from":[6.0,8.0,6.285714],"to":[10.0,12.0,9.714286],"rotation":{"angle":0.0,"axis":"y","origin":[3.4285712,3.4285712,3.4285712]},"faces":{"east":{"uv":[3.0,4.0,4.5,5.75],"rotation":0,"texture":"#0","tintindex":0},"south":{"uv":[3.5,0.0,5.25,1.75],"rotation":0,"texture":"#0","tintindex":0},"north":{"uv":[3.0,2.25,4.75,4.0],"rotation":0,"texture":"#0","tintindex":0},"west":{"uv":[0.0,4.5,1.5,6.25],"rotation":0,"texture":"#0","tintindex":0},"up":{"uv":[6.25,5.5,4.5,4.0],"rotation":0,"texture":"#0","tintindex":0},"down":{"uv":[6.5,1.75,4.75,3.25],"rotation":0,"texture":"#0","tintindex":0}}},{"from":[10.142858,12.142858,9.857143],"to":[5.8571424,7.857143,6.142857],"rotation":{"angle":0.0,"axis":"y","origin":[3.4285712,3.4285712,3.4285712]},"faces":{"east":{"uv":[15.75,15.75,16.0,16.0],"rotation":0,"texture":"#0","tintindex":0},"south":{"uv":[15.75,15.75,16.0,16.0],"rotation":0,"texture":"#0","tintindex":0},"north":{"uv":[15.75,15.75,16.0,16.0],"rotation":0,"texture":"#0","tintindex":0},"west":{"uv":[15.75,15.75,16.0,16.0],"rotation":0,"texture":"#0","tintindex":0},"up":{"uv":[15.75,15.75,16.0,16.0],"rotation":0,"texture":"#0","tintindex":0},"down":{"uv":[15.75,15.75,16.0,16.0],"rotation":0,"texture":"#0","tintindex":0}}},{"from":[10.285714,12.285715,10.0],"to":[5.714286,10.714286,6.0],"rotation":{"angle":0.0,"axis":"y","origin":[3.4285712,3.4285712,3.4285712]},"faces":{"east":{"uv":[13.5,15.25,15.25,14.5],"rotation":0,"texture":"#0","tintindex":0},"south":{"uv":[13.5625,15.25,15.1875,14.5],"rotation":0,"texture":"#0","tintindex":0},"north":{"uv":[13.5625,15.25,15.1875,14.5],"rotation":0,"texture":"#0","tintindex":0},"west":{"uv":[13.5,15.25,15.25,14.5],"rotation":0,"texture":"#0","tintindex":0},"up":{"uv":[15.75,15.5,16.0,15.75],"rotation":0,"texture":"#0","tintindex":0},"down":{"uv":[13.5625,14.5,15.1875,16.0],"rotation":0,"texture":"#0","tintindex":0}}},{"from":[10.285714,10.714286,10.0],"to":[5.714286,6.5714283,7.714286],"rotation":{"angle":0.0,"axis":"y","origin":[3.4285712,3.4285712,3.4285712]},"faces":{"east":{"uv":[15.75,15.75,16.0,16.0],"rotation":0,"texture":"#0","tintindex":0},"south":{"uv":[15.75,15.5,16.0,15.75],"rotation":0,"texture":"#0","tintindex":0},"north":{"uv":[15.75,15.75,16.0,16.0],"rotation":0,"texture":"#0","tintindex":0},"west":{"uv":[15.75,15.75,16.0,16.0],"rotation":0,"texture":"#0","tintindex":0},"up":{"uv":[11.5,15.75,13.25,16.0],"rotation":0,"texture":"#0","tintindex":0},"down":{"uv":[15.75,15.5,16.0,15.75],"rotation":0,"texture":"#0","tintindex":0}}},{"from":[5.8571424,6.714286,6.142857],"to":[10.142858,12.142858,9.857143],"rotation":{"angle":0.0,"axis":"y","origin":[3.4285712,3.4285712,3.4285712]},"faces":{"east":{"uv":[0.0,2.25,1.5,4.5],"rotation":0,"texture":"#0","tintindex":0},"south":{"uv":[1.75,0.0,3.5,2.25],"rotation":0,"texture":"#0","tintindex":0},"north":{"uv":[0.0,0.0,1.75,2.25],"rotation":0,"texture":"#0","tintindex":0},"west":{"uv":[1.5,2.25,3.0,4.5],"rotation":0,"texture":"#0","tintindex":0},"up":{"uv":[7.0,1.5,5.25,0.0],"rotation":0,"texture":"#0","tintindex":0},"down":{"uv":[6.25,5.5,4.5,7.0],"rotation":0,"texture":"#0","tintindex":0}}}],"textures":{"0":"modelengine:entity/ghost_girl"},"display":{"head":{"translation":[0.0,-6.4,0.0],"scale":[4.0,4.0,4.0]}}}