{"elements":[{"from":[4.6666665,5.6178646,5.2729363],"to":[10.952381,10.760722,8.701508],"rotation":{"angle":22.5,"axis":"x","origin":[7.8095236,6.760722,4.7015076]},"faces":{"east":{"uv":[4.125,6.125,4.875,7.25],"rotation":0,"texture":"#0","tintindex":0},"south":{"uv":[1.5,1.125,2.875,2.25],"rotation":0,"texture":"#0","tintindex":0},"north":{"uv":[1.5,0.0,2.875,1.125],"rotation":0,"texture":"#0","tintindex":0},"west":{"uv":[4.875,6.125,5.625,7.25],"rotation":0,"texture":"#0","tintindex":0},"up":{"uv":[5.375,0.75,4.0,0.0],"rotation":0,"texture":"#0","tintindex":0},"down":{"uv":[5.375,0.75,4.0,1.5],"rotation":0,"texture":"#0","tintindex":0}}},{"from":[3.5238094,9.03245,7.088782],"to":[6.3809524,13.603879,11.088781],"rotation":{"angle":45.0,"axis":"x","origin":[5.2380953,10.746736,8.517353]},"faces":{"east":{"uv":[5.375,0.0,6.25,1.0],"rotation":0,"texture":"#0","tintindex":0},"south":{"uv":[7.0,1.625,7.625,2.625],"rotation":0,"texture":"#0","tintindex":0},"north":{"uv":[6.875,3.875,7.5,4.875],"rotation":0,"texture":"#0","tintindex":0},"west":{"uv":[0.0,5.5,0.875,6.5],"rotation":0,"texture":"#0","tintindex":0},"up":{"uv":[7.875,3.5,7.25,2.625],"rotation":0,"texture":"#0","tintindex":0},"down":{"uv":[4.625,7.25,4.0,8.125],"rotation":0,"texture":"#0","tintindex":0}}},{"from":[0.6666665,11.318165,8.803067],"to":[3.5238094,13.603879,11.088781],"rotation":{"angle":45.0,"axis":"x","origin":[5.2380953,10.746736,8.517353]},"faces":{"east":{"uv":[6.625,8.875,7.125,9.375],"rotation":0,"texture":"#0","tintindex":0},"south":{"uv":[8.5,2.0,9.125,2.5],"rotation":0,"texture":"#0","tintindex":0},"north":{"uv":[8.375,6.375,9.0,6.875],"rotation":0,"texture":"#0","tintindex":0},"west":{"uv":[7.125,8.875,7.625,9.375],"rotation":0,"texture":"#0","tintindex":0},"up":{"uv":[9.125,3.0,8.5,2.5],"rotation":0,"texture":"#0","tintindex":0},"down":{"uv":[9.125,3.0,8.5,3.5],"rotation":0,"texture":"#0","tintindex":0}}},{"from":[-0.47619057,11.889593,7.088782],"to":[1.2380953,13.03245,11.088781],"rotation":{"angle":45.0,"axis":"x","origin":[5.2380953,10.746736,8.517353]},"faces":{"east":{"uv":[6.25,0.75,7.125,1.0],"rotation":0,"texture":"#0","tintindex":0},"south":{"uv":[2.625,9.375,3.0,9.625],"rotation":0,"texture":"#0","tintindex":0},"north":{"uv":[2.25,9.375,2.625,9.625],"rotation":0,"texture":"#0","tintindex":0},"west":{"uv":[8.875,7.875,9.75,8.125],"rotation":0,"texture":"#0","tintindex":0},"up":{"uv":[1.5,9.0,1.125,8.125],"rotation":0,"texture":"#0","tintindex":0},"down":{"uv":[1.875,8.125,1.5,9.0],"rotation":0,"texture":"#0","tintindex":0}}},{"from":[9.238095,9.03245,7.088782],"to":[12.095238,13.603879,11.088781],"rotation":{"angle":45.0,"axis":"x","origin":[10.952381,10.746736,8.517353]},"faces":{"east":{"uv":[2.125,5.5,3.0,6.5],"rotation":0,"texture":"#0","tintindex":0},"south":{"uv":[1.375,7.125,2.0,8.125],"rotation":0,"texture":"#0","tintindex":0},"north":{"uv":[0.75,7.125,1.375,8.125],"rotation":0,"texture":"#0","tintindex":0},"west":{"uv":[5.5,3.25,6.375,4.25],"rotation":0,"texture":"#0","tintindex":0},"up":{"uv":[5.25,8.125,4.625,7.25],"rotation":0,"texture":"#0","tintindex":0},"down":{"uv":[7.875,7.125,7.25,8.0],"rotation":0,"texture":"#0","tintindex":0}}},{"from":[12.095238,11.318165,8.803067],"to":[14.952381,13.603879,11.088781],"rotation":{"angle":45.0,"axis":"x","origin":[10.952381,10.746736,8.517353]},"faces":{"east":{"uv":[8.875,7.375,9.375,7.875],"rotation":0,"texture":"#0","tintindex":0},"south":{"uv":[8.625,3.75,9.25,4.25],"rotation":0,"texture":"#0","tintindex":0},"north":{"uv":[8.5,6.875,9.125,7.375],"rotation":0,"texture":"#0","tintindex":0},"west":{"uv":[7.625,8.875,8.125,9.375],"rotation":0,"texture":"#0","tintindex":0},"up":{"uv":[9.25,4.75,8.625,4.25],"rotation":0,"texture":"#0","tintindex":0},"down":{"uv":[9.25,5.625,8.625,6.125],"rotation":0,"texture":"#0","tintindex":0}}},{"from":[14.380953,11.889593,7.088782],"to":[16.095238,13.03245,11.088781],"rotation":{"angle":45.0,"axis":"x","origin":[10.952381,10.746736,8.517353]},"faces":{"east":{"uv":[9.125,2.125,10.0,2.375],"rotation":0,"texture":"#0","tintindex":0},"south":{"uv":[4.25,9.375,4.625,9.625],"rotation":0,"texture":"#0","tintindex":0},"north":{"uv":[3.0,9.375,3.375,9.625],"rotation":0,"texture":"#0","tintindex":0},"west":{"uv":[9.125,2.375,10.0,2.625],"rotation":0,"texture":"#0","tintindex":0},"up":{"uv":[3.375,9.0,3.0,8.125],"rotation":0,"texture":"#0","tintindex":0},"down":{"uv":[4.375,8.125,4.0,9.0],"rotation":0,"texture":"#0","tintindex":0}}},{"from":[6.3809524,3.200469,4.7920866],"to":[9.238095,7.200469,6.506372],"rotation":{"angle":0.0,"axis":"y","origin":[7.8095236,2.057612,4.220658]},"faces":{"east":{"uv":[7.375,8.0,7.75,8.875],"rotation":0,"texture":"#0","tintindex":0},"south":{"uv":[7.25,0.75,7.875,1.625],"rotation":0,"texture":"#0","tintindex":0},"north":{"uv":[6.625,7.125,7.25,8.0],"rotation":0,"texture":"#0","tintindex":0},"west":{"uv":[0.75,8.125,1.125,9.0],"rotation":0,"texture":"#0","tintindex":0},"up":{"uv":[9.625,5.125,9.0,4.75],"rotation":0,"texture":"#0","tintindex":0},"down":{"uv":[9.625,5.125,9.0,5.5],"rotation":0,"texture":"#0","tintindex":0}}},{"from":[6.3809524,1.4861836,4.7920866],"to":[9.238095,3.200469,4.7920866],"rotation":{"angle":0.0,"axis":"y","origin":[7.8095236,2.057612,4.220658]},"faces":{"east":{"uv":[0.0,0.0,0.0,0.375],"rotation":0,"texture":"#0","tintindex":0},"south":{"uv":[9.125,1.75,9.75,2.125],"rotation":0,"texture":"#0","tintindex":0},"north":{"uv":[9.0,6.375,9.625,6.75],"rotation":0,"texture":"#0","tintindex":0},"west":{"uv":[0.0,0.0,0.0,0.375],"rotation":0,"texture":"#0","tintindex":0},"up":{"uv":[0.625,0.0,0.0,0.0],"rotation":0,"texture":"#0","tintindex":0},"down":{"uv":[0.625,0.0,0.0,0.0],"rotation":0,"texture":"#0","tintindex":0}}}],"textures":{"0":"modelengine:entity/gp2_goblin_shaman_doppelganger"},"display":{"head":{"translation":[0.0,-6.4,0.0],"scale":[4.0,4.0,4.0]}}}