{"elements":[{"from":[8.0,10.573542,5.7492795],"to":[8.0,15.14497,10.320708],"rotation":{"angle":45.0,"axis":"y","origin":[8.0,12.859256,8.034994]},"faces":{"east":{"uv":[2.75,2.25,3.75,3.25],"rotation":0,"texture":"#0","tintindex":0},"south":{"uv":[5.5,7.125,5.5,8.125],"rotation":0,"texture":"#0","tintindex":0},"north":{"uv":[5.375,7.125,5.375,8.125],"rotation":0,"texture":"#0","tintindex":0},"west":{"uv":[2.75,3.375,3.75,4.375],"rotation":0,"texture":"#0","tintindex":0},"up":{"uv":[5.625,8.125,5.625,7.125],"rotation":0,"texture":"#0","tintindex":0},"down":{"uv":[5.75,7.125,5.75,8.125],"rotation":0,"texture":"#0","tintindex":0}}},{"from":[8.0,10.573542,5.7492795],"to":[8.0,15.14497,10.320708],"rotation":{"angle":-45.0,"axis":"y","origin":[8.0,13.430685,8.034994]},"faces":{"east":{"uv":[0.0,3.875,1.0,4.875],"rotation":0,"texture":"#0","tintindex":0},"south":{"uv":[1.75,7.25,1.75,8.25],"rotation":0,"texture":"#0","tintindex":0},"north":{"uv":[5.875,7.125,5.875,8.125],"rotation":0,"texture":"#0","tintindex":0},"west":{"uv":[1.125,3.875,2.125,4.875],"rotation":0,"texture":"#0","tintindex":0},"up":{"uv":[1.875,8.25,1.875,7.25],"rotation":0,"texture":"#0","tintindex":0},"down":{"uv":[2.0,7.25,2.0,8.25],"rotation":0,"texture":"#0","tintindex":0}}},{"from":[6.285714,8.2878275,6.8921366],"to":[9.714286,11.14497,10.320708],"rotation":{"angle":0.0,"axis":"y","origin":[8.0,9.716398,8.606422]},"faces":{"east":{"uv":[5.875,0.75,6.625,1.375],"rotation":0,"texture":"#0","tintindex":0},"south":{"uv":[0.875,5.875,1.625,6.5],"rotation":0,"texture":"#0","tintindex":0},"north":{"uv":[5.875,0.0,6.625,0.625],"rotation":0,"texture":"#0","tintindex":0},"west":{"uv":[6.625,0.75,5.875,1.375],"rotation":0,"texture":"#0","tintindex":0},"up":{"uv":[4.25,6.125,3.5,5.375],"rotation":0,"texture":"#0","tintindex":0},"down":{"uv":[5.125,5.375,4.375,6.125],"rotation":0,"texture":"#0","tintindex":0}}},{"from":[7.142857,7.14497,6.663565],"to":[8.857143,10.002113,7.8064227],"rotation":{"angle":-45.0,"axis":"x","origin":[7.714286,9.716398,8.606422]},"faces":{"east":{"uv":[0.0,6.75,0.25,7.375],"rotation":0,"texture":"#0","tintindex":0},"south":{"uv":[6.0,6.5,6.375,7.125],"rotation":0,"texture":"#0","tintindex":0},"north":{"uv":[2.75,6.5,3.125,7.125],"rotation":0,"texture":"#0","tintindex":0},"west":{"uv":[0.375,6.75,0.625,7.375],"rotation":0,"texture":"#0","tintindex":0},"up":{"uv":[7.5,2.5,7.125,2.25],"rotation":0,"texture":"#0","tintindex":0},"down":{"uv":[7.5,2.625,7.125,2.875],"rotation":0,"texture":"#0","tintindex":0}}}],"textures":{"0":"modelengine:entity/nocsy_toom_old_girl"},"display":{"head":{"translation":[0.0,-6.4,0.0],"scale":[4.0,4.0,4.0]}}}