{"elements":[{"from":[0.5714283,7.9994283,8.0],"to":[17.714287,7.9994283,13.714286],"rotation":{"angle":0.0,"axis":"y","origin":[8.0,0.28514242,1.7142854]},"faces":{"east":{"uv":[0.00625,0.00625,0.61875,0.00625],"rotation":0,"texture":"#0","tintindex":0},"south":{"uv":[0.00625,0.00625,1.86875,0.00625],"rotation":0,"texture":"#0","tintindex":0},"north":{"uv":[0.00625,0.00625,1.86875,0.00625],"rotation":0,"texture":"#0","tintindex":0},"west":{"uv":[0.00625,0.00625,0.61875,0.00625],"rotation":0,"texture":"#0","tintindex":0},"up":{"uv":[9.68125,4.36875,7.81875,3.75625],"rotation":0,"texture":"#0","tintindex":0},"down":{"uv":[9.68125,3.75625,7.81875,4.36875],"rotation":0,"texture":"#0","tintindex":0}}}],"textures":{"0":"modelengine:entity/bufo_bufo"},"display":{"head":{"translation":[0.0,-6.4,0.0],"scale":[4.0,4.0,4.0]}}}