{"elements":[{"from":[6.857143,11.0,5.142857],"to":[9.714286,12.714286,8.571428],"rotation":{"angle":45.0,"axis":"x","origin":[8.285714,10.142858,5.714286]},"faces":{"east":{"uv":[11.75,11.5,13.25,12.25],"rotation":0,"texture":"#3","tintindex":0},"south":{"uv":[13.25,9.75,14.5,10.5],"rotation":0,"texture":"#3","tintindex":0},"north":{"uv":[13.25,9.0,14.5,9.75],"rotation":0,"texture":"#3","tintindex":0},"west":{"uv":[10.5,12.25,12.0,13.0],"rotation":0,"texture":"#3","tintindex":0},"up":{"uv":[11.75,10.5,10.5,9.0],"rotation":0,"texture":"#3","tintindex":0},"down":{"uv":[11.75,10.5,10.5,12.0],"rotation":0,"texture":"#3","tintindex":0}}},{"from":[6.285714,9.285714,4.5714283],"to":[7.428571,12.142858,5.714286],"rotation":{"angle":45.0,"axis":"x","origin":[6.857143,10.714286,5.142857]},"faces":{"east":{"uv":[1.5,14.25,2.0,15.5],"rotation":0,"texture":"#3","tintindex":0},"south":{"uv":[2.0,14.25,2.5,15.5],"rotation":0,"texture":"#3","tintindex":0},"north":{"uv":[1.0,14.25,1.5,15.5],"rotation":0,"texture":"#3","tintindex":0},"west":{"uv":[2.5,14.25,3.0,15.5],"rotation":0,"texture":"#3","tintindex":0},"up":{"uv":[8.5,14.75,8.0,14.25],"rotation":0,"texture":"#3","tintindex":0},"down":{"uv":[9.0,14.25,8.5,14.75],"rotation":0,"texture":"#3","tintindex":0}}},{"from":[6.5714283,11.0,4.0],"to":[10.0,12.714286,6.857143],"rotation":{"angle":0.0,"axis":"y","origin":[26.57143,9.285714,22.285715]},"faces":{"east":{"uv":[13.25,10.5,14.5,11.25],"rotation":0,"texture":"#3","tintindex":0},"south":{"uv":[10.5,13.0,12.0,13.75],"rotation":0,"texture":"#3","tintindex":0},"north":{"uv":[12.0,12.25,13.5,13.0],"rotation":0,"texture":"#3","tintindex":0},"west":{"uv":[13.25,11.25,14.5,12.0],"rotation":0,"texture":"#3","tintindex":0},"up":{"uv":[13.25,10.25,11.75,9.0],"rotation":0,"texture":"#3","tintindex":0},"down":{"uv":[13.25,10.25,11.75,11.5],"rotation":0,"texture":"#3","tintindex":0}}},{"from":[7.142857,9.285714,4.5714283],"to":[9.428572,11.0,6.857143],"rotation":{"angle":0.0,"axis":"y","origin":[26.57143,8.142858,21.142857]},"faces":{"east":{"uv":[10.0,13.75,11.0,14.5],"rotation":0,"texture":"#3","tintindex":0},"south":{"uv":[11.0,13.75,12.0,14.5],"rotation":0,"texture":"#3","tintindex":0},"north":{"uv":[13.5,12.0,14.5,12.75],"rotation":0,"texture":"#3","tintindex":0},"west":{"uv":[12.0,14.0,13.0,14.75],"rotation":0,"texture":"#3","tintindex":0},"up":{"uv":[13.0,14.0,12.0,13.0],"rotation":0,"texture":"#3","tintindex":0},"down":{"uv":[14.0,13.0,13.0,14.0],"rotation":0,"texture":"#3","tintindex":0}}},{"from":[5.142857,8.142858,6.857143],"to":[8.0,9.857143,8.571428],"rotation":{"angle":-45.0,"axis":"y","origin":[5.714286,9.857143,7.714286]},"faces":{"east":{"uv":[5.0,14.25,5.75,15.0],"rotation":0,"texture":"#3","tintindex":0},"south":{"uv":[1.25,13.5,2.5,14.25],"rotation":0,"texture":"#3","tintindex":0},"north":{"uv":[0.0,13.5,1.25,14.25],"rotation":0,"texture":"#3","tintindex":0},"west":{"uv":[5.75,14.25,6.5,15.0],"rotation":0,"texture":"#3","tintindex":0},"up":{"uv":[3.75,14.25,2.5,13.5],"rotation":0,"texture":"#3","tintindex":0},"down":{"uv":[5.0,13.5,3.75,14.25],"rotation":0,"texture":"#3","tintindex":0}}},{"from":[2.8571424,8.142858,6.857143],"to":[5.142857,8.142858,8.571428],"rotation":{"angle":-45.0,"axis":"y","origin":[5.714286,9.857143,7.714286]},"faces":{"east":{"uv":[0.0,0.0,0.75,0.0],"rotation":0,"texture":"#3","tintindex":0},"south":{"uv":[0.0,0.0,1.0,0.0],"rotation":0,"texture":"#3","tintindex":0},"north":{"uv":[0.0,0.0,1.0,0.0],"rotation":0,"texture":"#3","tintindex":0},"west":{"uv":[0.0,0.0,0.75,0.0],"rotation":0,"texture":"#3","tintindex":0},"up":{"uv":[15.0,13.5,14.0,12.75],"rotation":0,"texture":"#3","tintindex":0},"down":{"uv":[14.0,14.0,13.0,14.75],"rotation":0,"texture":"#3","tintindex":0}}},{"from":[9.142858,8.142858,6.285714],"to":[10.285714,11.0,7.428571],"rotation":{"angle":-22.5,"axis":"z","origin":[10.285714,9.571428,5.714286]},"faces":{"east":{"uv":[3.5,14.25,4.0,15.5],"rotation":0,"texture":"#3","tintindex":0},"south":{"uv":[4.0,14.25,4.5,15.5],"rotation":0,"texture":"#3","tintindex":0},"north":{"uv":[3.0,14.25,3.5,15.5],"rotation":0,"texture":"#3","tintindex":0},"west":{"uv":[4.5,14.25,5.0,15.5],"rotation":0,"texture":"#3","tintindex":0},"up":{"uv":[9.5,14.75,9.0,14.25],"rotation":0,"texture":"#3","tintindex":0},"down":{"uv":[10.0,14.25,9.5,14.75],"rotation":0,"texture":"#3","tintindex":0}}},{"from":[8.571428,8.142858,6.857143],"to":[11.428572,9.857143,8.571428],"rotation":{"angle":45.0,"axis":"y","origin":[10.857143,9.857143,7.714286]},"faces":{"east":{"uv":[6.5,14.25,7.25,15.0],"rotation":0,"texture":"#3","tintindex":0},"south":{"uv":[6.25,13.5,7.5,14.25],"rotation":0,"texture":"#3","tintindex":0},"north":{"uv":[5.0,13.5,6.25,14.25],"rotation":0,"texture":"#3","tintindex":0},"west":{"uv":[7.25,14.25,8.0,15.0],"rotation":0,"texture":"#3","tintindex":0},"up":{"uv":[8.75,14.25,7.5,13.5],"rotation":0,"texture":"#3","tintindex":0},"down":{"uv":[10.0,13.5,8.75,14.25],"rotation":0,"texture":"#3","tintindex":0}}},{"from":[11.428572,8.142858,6.857143],"to":[13.714286,8.142858,8.571428],"rotation":{"angle":45.0,"axis":"y","origin":[10.857143,9.857143,7.714286]},"faces":{"east":{"uv":[0.0,0.0,0.75,0.0],"rotation":0,"texture":"#3","tintindex":0},"south":{"uv":[0.0,0.0,1.0,0.0],"rotation":0,"texture":"#3","tintindex":0},"north":{"uv":[0.0,0.0,1.0,0.0],"rotation":0,"texture":"#3","tintindex":0},"west":{"uv":[0.0,0.0,0.75,0.0],"rotation":0,"texture":"#3","tintindex":0},"up":{"uv":[15.0,14.25,14.0,13.5],"rotation":0,"texture":"#3","tintindex":0},"down":{"uv":[1.0,14.25,0.0,15.0],"rotation":0,"texture":"#3","tintindex":0}}},{"from":[6.285714,12.0,5.142857],"to":[7.428571,13.142858,6.285714],"rotation":{"angle":-22.5,"axis":"y","origin":[6.857143,12.571428,5.714286]},"faces":{"east":{"uv":[14.5,0.0,15.0,0.5],"rotation":0,"texture":"#3","tintindex":0},"south":{"uv":[14.5,0.5,15.0,1.0],"rotation":0,"texture":"#3","tintindex":0},"north":{"uv":[14.0,14.25,14.5,14.75],"rotation":0,"texture":"#3","tintindex":0},"west":{"uv":[14.5,1.0,15.0,1.5],"rotation":0,"texture":"#3","tintindex":0},"up":{"uv":[15.0,2.0,14.5,1.5],"rotation":0,"texture":"#3","tintindex":0},"down":{"uv":[15.0,2.0,14.5,2.5],"rotation":0,"texture":"#3","tintindex":0}}},{"from":[9.142858,12.0,5.142857],"to":[10.285714,13.142858,6.285714],"rotation":{"angle":22.5,"axis":"y","origin":[9.714286,12.571428,5.714286]},"faces":{"east":{"uv":[14.5,3.0,15.0,3.5],"rotation":0,"texture":"#3","tintindex":0},"south":{"uv":[14.5,3.5,15.0,4.0],"rotation":0,"texture":"#3","tintindex":0},"north":{"uv":[14.5,2.5,15.0,3.0],"rotation":0,"texture":"#3","tintindex":0},"west":{"uv":[14.5,4.0,15.0,4.5],"rotation":0,"texture":"#3","tintindex":0},"up":{"uv":[15.0,5.0,14.5,4.5],"rotation":0,"texture":"#3","tintindex":0},"down":{"uv":[15.0,5.0,14.5,5.5],"rotation":0,"texture":"#3","tintindex":0}}}],"textures":{"3":"modelengine:entity/bufo_bufo_youngling"},"display":{"head":{"translation":[0.0,-6.4,0.0],"scale":[4.0,4.0,4.0]}}}