{"elements":[{"from":[6.285714,11.0,5.142857],"to":[9.142858,12.714286,8.571428],"rotation":{"angle":45.0,"axis":"x","origin":[7.714286,10.142858,5.714286]},"faces":{"east":{"uv":[12.0,12.25,10.5,13.0],"rotation":0,"texture":"#3","tintindex":0},"south":{"uv":[14.5,9.75,13.25,10.5],"rotation":0,"texture":"#3","tintindex":0},"north":{"uv":[14.5,9.0,13.25,9.75],"rotation":0,"texture":"#3","tintindex":0},"west":{"uv":[13.25,11.5,11.75,12.25],"rotation":0,"texture":"#3","tintindex":0},"up":{"uv":[10.5,10.5,11.75,9.0],"rotation":0,"texture":"#3","tintindex":0},"down":{"uv":[10.5,10.5,11.75,12.0],"rotation":0,"texture":"#3","tintindex":0}}},{"from":[8.571428,9.285714,4.5714283],"to":[9.714286,12.142858,5.714286],"rotation":{"angle":45.0,"axis":"x","origin":[9.142858,10.714286,5.142857]},"faces":{"east":{"uv":[3.0,14.25,2.5,15.5],"rotation":0,"texture":"#3","tintindex":0},"south":{"uv":[2.5,14.25,2.0,15.5],"rotation":0,"texture":"#3","tintindex":0},"north":{"uv":[1.5,14.25,1.0,15.5],"rotation":0,"texture":"#3","tintindex":0},"west":{"uv":[2.0,14.25,1.5,15.5],"rotation":0,"texture":"#3","tintindex":0},"up":{"uv":[8.0,14.75,8.5,14.25],"rotation":0,"texture":"#3","tintindex":0},"down":{"uv":[8.5,14.25,9.0,14.75],"rotation":0,"texture":"#3","tintindex":0}}},{"from":[6.0,11.0,4.0],"to":[9.428572,12.714286,6.857143],"rotation":{"angle":0.0,"axis":"y","origin":[-10.57143,9.285714,22.285715]},"faces":{"east":{"uv":[14.5,11.25,13.25,12.0],"rotation":0,"texture":"#3","tintindex":0},"south":{"uv":[12.0,13.0,10.5,13.75],"rotation":0,"texture":"#3","tintindex":0},"north":{"uv":[13.5,12.25,12.0,13.0],"rotation":0,"texture":"#3","tintindex":0},"west":{"uv":[14.5,10.5,13.25,11.25],"rotation":0,"texture":"#3","tintindex":0},"up":{"uv":[11.75,10.25,13.25,9.0],"rotation":0,"texture":"#3","tintindex":0},"down":{"uv":[11.75,10.25,13.25,11.5],"rotation":0,"texture":"#3","tintindex":0}}},{"from":[6.5714283,9.285714,4.5714283],"to":[8.857143,11.0,6.857143],"rotation":{"angle":0.0,"axis":"y","origin":[-10.57143,8.142858,21.142857]},"faces":{"east":{"uv":[13.0,14.0,12.0,14.75],"rotation":0,"texture":"#3","tintindex":0},"south":{"uv":[12.0,13.75,11.0,14.5],"rotation":0,"texture":"#3","tintindex":0},"north":{"uv":[14.5,12.0,13.5,12.75],"rotation":0,"texture":"#3","tintindex":0},"west":{"uv":[11.0,13.75,10.0,14.5],"rotation":0,"texture":"#3","tintindex":0},"up":{"uv":[12.0,14.0,13.0,13.0],"rotation":0,"texture":"#3","tintindex":0},"down":{"uv":[13.0,13.0,14.0,14.0],"rotation":0,"texture":"#3","tintindex":0}}},{"from":[8.0,8.142858,6.857143],"to":[10.857143,9.857143,8.571428],"rotation":{"angle":45.0,"axis":"y","origin":[10.285714,9.857143,7.714286]},"faces":{"east":{"uv":[6.5,14.25,5.75,15.0],"rotation":0,"texture":"#3","tintindex":0},"south":{"uv":[2.5,13.5,1.25,14.25],"rotation":0,"texture":"#3","tintindex":0},"north":{"uv":[1.25,13.5,0.0,14.25],"rotation":0,"texture":"#3","tintindex":0},"west":{"uv":[5.75,14.25,5.0,15.0],"rotation":0,"texture":"#3","tintindex":0},"up":{"uv":[2.5,14.25,3.75,13.5],"rotation":0,"texture":"#3","tintindex":0},"down":{"uv":[3.75,13.5,5.0,14.25],"rotation":0,"texture":"#3","tintindex":0}}},{"from":[10.857143,8.142858,6.857143],"to":[13.142858,8.142858,8.571428],"rotation":{"angle":45.0,"axis":"y","origin":[10.285714,9.857143,7.714286]},"faces":{"east":{"uv":[0.75,0.0,0.0,0.0],"rotation":0,"texture":"#3","tintindex":0},"south":{"uv":[1.0,0.0,0.0,0.0],"rotation":0,"texture":"#3","tintindex":0},"north":{"uv":[1.0,0.0,0.0,0.0],"rotation":0,"texture":"#3","tintindex":0},"west":{"uv":[0.75,0.0,0.0,0.0],"rotation":0,"texture":"#3","tintindex":0},"up":{"uv":[14.0,13.5,15.0,12.75],"rotation":0,"texture":"#3","tintindex":0},"down":{"uv":[13.0,14.0,14.0,14.75],"rotation":0,"texture":"#3","tintindex":0}}},{"from":[5.714286,8.142858,6.285714],"to":[6.857143,11.0,7.428571],"rotation":{"angle":22.5,"axis":"z","origin":[5.714286,9.571428,5.714286]},"faces":{"east":{"uv":[5.0,14.25,4.5,15.5],"rotation":0,"texture":"#3","tintindex":0},"south":{"uv":[4.5,14.25,4.0,15.5],"rotation":0,"texture":"#3","tintindex":0},"north":{"uv":[3.5,14.25,3.0,15.5],"rotation":0,"texture":"#3","tintindex":0},"west":{"uv":[4.0,14.25,3.5,15.5],"rotation":0,"texture":"#3","tintindex":0},"up":{"uv":[9.0,14.75,9.5,14.25],"rotation":0,"texture":"#3","tintindex":0},"down":{"uv":[9.5,14.25,10.0,14.75],"rotation":0,"texture":"#3","tintindex":0}}},{"from":[4.5714283,8.142858,6.857143],"to":[7.428571,9.857143,8.571428],"rotation":{"angle":-45.0,"axis":"y","origin":[5.142857,9.857143,7.714286]},"faces":{"east":{"uv":[8.0,14.25,7.25,15.0],"rotation":0,"texture":"#3","tintindex":0},"south":{"uv":[7.5,13.5,6.25,14.25],"rotation":0,"texture":"#3","tintindex":0},"north":{"uv":[6.25,13.5,5.0,14.25],"rotation":0,"texture":"#3","tintindex":0},"west":{"uv":[7.25,14.25,6.5,15.0],"rotation":0,"texture":"#3","tintindex":0},"up":{"uv":[7.5,14.25,8.75,13.5],"rotation":0,"texture":"#3","tintindex":0},"down":{"uv":[8.75,13.5,10.0,14.25],"rotation":0,"texture":"#3","tintindex":0}}},{"from":[2.2857141,8.142858,6.857143],"to":[4.5714283,8.142858,8.571428],"rotation":{"angle":-45.0,"axis":"y","origin":[5.142857,9.857143,7.714286]},"faces":{"east":{"uv":[0.75,0.0,0.0,0.0],"rotation":0,"texture":"#3","tintindex":0},"south":{"uv":[1.0,0.0,0.0,0.0],"rotation":0,"texture":"#3","tintindex":0},"north":{"uv":[1.0,0.0,0.0,0.0],"rotation":0,"texture":"#3","tintindex":0},"west":{"uv":[0.75,0.0,0.0,0.0],"rotation":0,"texture":"#3","tintindex":0},"up":{"uv":[14.0,14.25,15.0,13.5],"rotation":0,"texture":"#3","tintindex":0},"down":{"uv":[0.0,14.25,1.0,15.0],"rotation":0,"texture":"#3","tintindex":0}}},{"from":[8.571428,12.0,5.142857],"to":[9.714286,13.142858,6.285714],"rotation":{"angle":22.5,"axis":"y","origin":[9.142858,12.571428,5.714286]},"faces":{"east":{"uv":[15.0,1.0,14.5,1.5],"rotation":0,"texture":"#3","tintindex":0},"south":{"uv":[15.0,0.5,14.5,1.0],"rotation":0,"texture":"#3","tintindex":0},"north":{"uv":[14.5,14.25,14.0,14.75],"rotation":0,"texture":"#3","tintindex":0},"west":{"uv":[15.0,0.0,14.5,0.5],"rotation":0,"texture":"#3","tintindex":0},"up":{"uv":[14.5,2.0,15.0,1.5],"rotation":0,"texture":"#3","tintindex":0},"down":{"uv":[14.5,2.0,15.0,2.5],"rotation":0,"texture":"#3","tintindex":0}}},{"from":[5.714286,12.0,5.142857],"to":[6.857143,13.142858,6.285714],"rotation":{"angle":-22.5,"axis":"y","origin":[6.285714,12.571428,5.714286]},"faces":{"east":{"uv":[15.0,4.0,14.5,4.5],"rotation":0,"texture":"#3","tintindex":0},"south":{"uv":[15.0,3.5,14.5,4.0],"rotation":0,"texture":"#3","tintindex":0},"north":{"uv":[15.0,2.5,14.5,3.0],"rotation":0,"texture":"#3","tintindex":0},"west":{"uv":[15.0,3.0,14.5,3.5],"rotation":0,"texture":"#3","tintindex":0},"up":{"uv":[14.5,5.0,15.0,4.5],"rotation":0,"texture":"#3","tintindex":0},"down":{"uv":[14.5,5.0,15.0,5.5],"rotation":0,"texture":"#3","tintindex":0}}}],"textures":{"3":"modelengine:entity/bufo_bufo_youngling"},"display":{"head":{"translation":[0.0,-6.4,0.0],"scale":[4.0,4.0,4.0]}}}