{"elements":[{"from":[2.2857141,2.2857141,5.8571424],"to":[8.0,8.0,11.571428],"rotation":{"angle":0.0,"axis":"y","origin":[5.142857,0.0,8.0]},"faces":{"east":{"uv":[0.00625,8.88125,0.61875,9.80625],"rotation":0,"texture":"#0","tintindex":0},"south":{"uv":[0.63125,8.88125,1.24375,9.80625],"rotation":0,"texture":"#0","tintindex":0},"north":{"uv":[2.63125,8.81875,3.24375,9.74375],"rotation":0,"texture":"#0","tintindex":0},"west":{"uv":[8.88125,5.25625,9.49375,6.18125],"rotation":0,"texture":"#0","tintindex":0},"up":{"uv":[9.61875,10.05625,9.00625,9.44375],"rotation":0,"texture":"#0","tintindex":0},"down":{"uv":[10.11875,5.13125,9.50625,5.74375],"rotation":0,"texture":"#0","tintindex":0}}}],"textures":{"0":"modelengine:entity/bufo_bufo"},"display":{"head":{"translation":[0.0,-6.4,0.0],"scale":[4.0,4.0,4.0]}}}