{"elements":[{"from":[4.6136208,2.9425802,7.9243903],"to":[10.899336,8.085438,13.638677],"rotation":{"angle":0.0,"axis":"y","origin":[8.327907,4.94258,10.495819]},"faces":{"east":{"uv":[9.81875,0.00625,10.43125,0.55625],"rotation":0,"texture":"#0","tintindex":0},"south":{"uv":[9.69375,3.13125,10.36875,3.68125],"rotation":0,"texture":"#0","tintindex":0},"north":{"uv":[9.63125,9.44375,10.30625,9.99375],"rotation":0,"texture":"#0","tintindex":0},"west":{"uv":[9.88125,5.75625,10.49375,6.30625],"rotation":0,"texture":"#0","tintindex":0},"up":{"uv":[1.93125,9.99375,1.25625,9.38125],"rotation":0,"texture":"#0","tintindex":0},"down":{"uv":[2.61875,9.38125,1.94375,9.99375],"rotation":0,"texture":"#0","tintindex":0}}},{"from":[4.5849075,3.5127378,7.327932],"to":[10.870622,5.7984524,7.8993607],"rotation":{"angle":0.0,"axis":"y","origin":[8.327907,4.94258,10.495819]},"faces":{"east":{"uv":[12.38125,2.88125,12.43125,3.11875],"rotation":0,"texture":"#0","tintindex":0},"south":{"uv":[11.56875,2.81875,12.24375,3.05625],"rotation":0,"texture":"#0","tintindex":0},"north":{"uv":[11.56875,2.81875,12.24375,3.05625],"rotation":0,"texture":"#0","tintindex":0},"west":{"uv":[12.38125,3.25625,12.43125,3.49375],"rotation":0,"texture":"#0","tintindex":0},"up":{"uv":[12.24375,3.30625,11.56875,3.25625],"rotation":0,"texture":"#0","tintindex":0},"down":{"uv":[12.18125,3.13125,11.50625,3.18125],"rotation":0,"texture":"#0","tintindex":0}}}],"textures":{"0":"modelengine:entity/bufo_bufo"},"display":{"head":{"translation":[0.0,-6.4,0.0],"scale":[4.0,4.0,4.0]}}}