{"elements":[{"from":[5.6967645,2.6352286,4.716176],"to":[10.268193,10.063801,12.144748],"rotation":{"angle":-22.5,"axis":"z","origin":[8.0,8.0,8.0]},"faces":{"east":{"uv":[4.88125,8.56875,5.68125,9.36875],"rotation":0,"texture":"#0","tintindex":0},"south":{"uv":[5.94375,9.38125,6.43125,10.18125],"rotation":0,"texture":"#0","tintindex":0},"north":{"uv":[5.44375,9.38125,5.93125,10.18125],"rotation":0,"texture":"#0","tintindex":0},"west":{"uv":[5.69375,8.56875,6.49375,9.36875],"rotation":0,"texture":"#0","tintindex":0},"up":{"uv":[3.74375,10.24375,3.25625,9.44375],"rotation":0,"texture":"#0","tintindex":0},"down":{"uv":[4.24375,9.44375,3.75625,10.24375],"rotation":0,"texture":"#0","tintindex":0}}}],"textures":{"0":"modelengine:entity/bufo_bufo"},"display":{"head":{"translation":[0.0,-6.4,0.0],"scale":[4.0,4.0,4.0]}}}