{"elements":[{"from":[5.714286,8.0,8.0],"to":[10.857143,12.571428,14.857143],"rotation":{"angle":0.0,"axis":"y","origin":[8.0,10.0,13.428572]},"faces":{"east":{"uv":[9.69375,3.69375,10.43125,4.18125],"rotation":0,"texture":"#0","tintindex":0},"south":{"uv":[1.94375,10.00625,2.49375,10.49375],"rotation":0,"texture":"#0","tintindex":0},"north":{"uv":[9.94375,7.50625,10.49375,7.99375],"rotation":0,"texture":"#0","tintindex":0},"west":{"uv":[0.00625,9.81875,0.74375,10.30625],"rotation":0,"texture":"#0","tintindex":0},"up":{"uv":[9.93125,5.11875,9.38125,4.38125],"rotation":0,"texture":"#0","tintindex":0},"down":{"uv":[5.43125,9.38125,4.88125,10.11875],"rotation":0,"texture":"#0","tintindex":0}}},{"from":[6.285714,8.0,14.857143],"to":[9.714286,11.428572,18.285715],"rotation":{"angle":0.0,"axis":"y","origin":[8.0,10.0,13.428572]},"faces":{"east":{"uv":[9.00625,10.06875,9.36875,10.43125],"rotation":0,"texture":"#0","tintindex":0},"south":{"uv":[4.69375,10.13125,5.05625,10.49375],"rotation":0,"texture":"#0","tintindex":0},"north":{"uv":[7.31875,10.06875,7.68125,10.43125],"rotation":0,"texture":"#0","tintindex":0},"west":{"uv":[10.13125,4.88125,10.49375,5.24375],"rotation":0,"texture":"#0","tintindex":0},"up":{"uv":[5.43125,10.49375,5.06875,10.13125],"rotation":0,"texture":"#0","tintindex":0},"down":{"uv":[10.49375,5.25625,10.13125,5.61875],"rotation":0,"texture":"#0","tintindex":0}}}],"textures":{"0":"modelengine:entity/bufo_bufo"},"display":{"head":{"translation":[0.0,-6.4,0.0],"scale":[4.0,4.0,4.0]}}}