{"elements":[{"from":[6.285714,0.5714283,4.142857],"to":[9.714286,8.0,8.142858],"rotation":{"angle":0.0,"axis":"y","origin":[8.0,7.428571,5.142857]},"faces":{"east":{"uv":[2.63125,9.75625,3.05625,10.55625],"rotation":0,"texture":"#0","tintindex":0},"south":{"uv":[1.56875,10.00625,1.93125,10.80625],"rotation":0,"texture":"#0","tintindex":0},"north":{"uv":[1.19375,10.00625,1.55625,10.80625],"rotation":0,"texture":"#0","tintindex":0},"west":{"uv":[0.75625,9.81875,1.18125,10.61875],"rotation":0,"texture":"#0","tintindex":0},"up":{"uv":[6.86875,8.99375,6.50625,8.56875],"rotation":0,"texture":"#0","tintindex":0},"down":{"uv":[9.86875,5.75625,9.50625,6.18125],"rotation":0,"texture":"#0","tintindex":0}}}],"textures":{"0":"modelengine:entity/bufo_bufo"},"display":{"head":{"translation":[0.0,-6.4,0.0],"scale":[4.0,4.0,4.0]}}}