{"elements":[{"from":[4.5714283,6.285714,-5.1428566],"to":[10.857143,9.142858,9.714287],"rotation":{"angle":0.0,"axis":"y","origin":[7.428571,6.285714,36.0]},"faces":{"east":{"uv":[16.0,14.0,12.75,14.625],"rotation":0,"texture":"#1","tintindex":0},"south":{"uv":[10.75,15.375,12.125,16.0],"rotation":0,"texture":"#1","tintindex":0},"north":{"uv":[12.75,15.25,14.125,15.875],"rotation":0,"texture":"#1","tintindex":0},"west":{"uv":[12.75,14.0,16.0,14.625],"rotation":0,"texture":"#1","tintindex":0},"up":{"uv":[16.0,13.5,14.625,10.25],"rotation":0,"texture":"#1","tintindex":0},"down":{"uv":[16.0,10.25,14.625,13.5],"rotation":0,"texture":"#1","tintindex":0}}},{"from":[2.8571424,4.5714283,-16.0],"to":[12.0,10.857143,-5.1428566],"rotation":{"angle":0.0,"axis":"y","origin":[7.428571,6.285714,36.0]},"faces":{"east":{"uv":[13.625,10.0,16.0,11.375],"rotation":0,"texture":"#1","tintindex":0},"south":{"uv":[14.0,7.375,16.0,8.75],"rotation":0,"texture":"#1","tintindex":0},"north":{"uv":[13.625,14.625,15.625,16.0],"rotation":0,"texture":"#1","tintindex":0},"west":{"uv":[13.625,11.375,16.0,12.75],"rotation":0,"texture":"#1","tintindex":0},"up":{"uv":[13.375,13.625,11.375,11.25],"rotation":0,"texture":"#1","tintindex":0},"down":{"uv":[13.375,13.625,11.375,16.0],"rotation":0,"texture":"#1","tintindex":0}}}],"textures":{"1":"modelengine:entity/bufo_bufo_tongue"},"display":{"head":{"translation":[0.0,-6.4,-9.14286],"scale":[4.0,4.0,4.0]}}}