{"elements":[{"from":[0.85714245,4.285714,0.85714245],"to":[15.142858,11.714286,15.142858],"rotation":{"angle":0.0,"axis":"y","origin":[8.285714,4.285714,8.857143]},"faces":{"east":{"uv":[2.1875,6.8125,3.75,7.625],"rotation":0,"texture":"#0","tintindex":0},"south":{"uv":[2.1875,6.8125,3.75,7.625],"rotation":0,"texture":"#0","tintindex":0},"north":{"uv":[2.1875,6.8125,3.75,7.625],"rotation":0,"texture":"#0","tintindex":0},"west":{"uv":[2.1875,6.8125,3.75,7.625],"rotation":0,"texture":"#0","tintindex":0},"up":{"uv":[6.75,4.1875,5.1875,2.625],"rotation":0,"texture":"#0","tintindex":0},"down":{"uv":[4.5625,5.25,3.0,6.8125],"rotation":0,"texture":"#0","tintindex":0}}},{"from":[2.5714283,4.285714,2.5714283],"to":[12.857143,16.857143,2.5714283],"rotation":{"angle":45.0,"axis":"y","origin":[7.714286,10.571428,8.0]},"faces":{"east":{"uv":[0.0,0.0,1.0,1.375],"rotation":0,"texture":"#0","tintindex":0},"south":{"uv":[0.0,0.0,1.0,1.375],"rotation":0,"texture":"#0","tintindex":0},"north":{"uv":[0.0,0.0,1.0,1.375],"rotation":0,"texture":"#0","tintindex":0},"west":{"uv":[0.0,0.0,1.0,1.375],"rotation":0,"texture":"#0","tintindex":0},"up":{"uv":[6.1875,3.625,5.1875,2.625],"rotation":0,"texture":"#0","tintindex":0},"down":{"uv":[6.1875,2.625,5.1875,3.625],"rotation":0,"texture":"#0","tintindex":0}}},{"from":[2.5714283,4.285714,13.428572],"to":[12.857143,16.857143,13.428572],"rotation":{"angle":45.0,"axis":"y","origin":[7.714286,10.571428,8.0]},"faces":{"east":{"uv":[0.0,0.0,1.0,1.375],"rotation":0,"texture":"#0","tintindex":0},"south":{"uv":[0.0,0.0,1.0,1.375],"rotation":0,"texture":"#0","tintindex":0},"north":{"uv":[0.0,0.0,1.0,1.375],"rotation":0,"texture":"#0","tintindex":0},"west":{"uv":[0.0,0.0,1.0,1.375],"rotation":0,"texture":"#0","tintindex":0},"up":{"uv":[6.1875,3.625,5.1875,2.625],"rotation":0,"texture":"#0","tintindex":0},"down":{"uv":[6.1875,2.625,5.1875,3.625],"rotation":0,"texture":"#0","tintindex":0}}},{"from":[12.857143,4.285714,2.5714283],"to":[12.857143,16.857143,13.428572],"rotation":{"angle":45.0,"axis":"y","origin":[7.714286,10.571428,8.0]},"faces":{"east":{"uv":[0.0,0.0,1.0,1.375],"rotation":0,"texture":"#0","tintindex":0},"south":{"uv":[0.0,0.0,1.0,1.375],"rotation":0,"texture":"#0","tintindex":0},"north":{"uv":[0.0,0.0,1.0,1.375],"rotation":0,"texture":"#0","tintindex":0},"west":{"uv":[0.0,0.0,1.0,1.375],"rotation":0,"texture":"#0","tintindex":0},"up":{"uv":[6.1875,3.625,5.1875,2.625],"rotation":0,"texture":"#0","tintindex":0},"down":{"uv":[6.1875,2.625,5.1875,3.625],"rotation":0,"texture":"#0","tintindex":0}}},{"from":[2.5714283,4.285714,2.5714283],"to":[2.5714283,16.857143,13.428572],"rotation":{"angle":45.0,"axis":"y","origin":[7.714286,10.571428,8.0]},"faces":{"east":{"uv":[0.0,0.0,1.0,1.375],"rotation":0,"texture":"#0","tintindex":0},"south":{"uv":[0.0,0.0,1.0,1.375],"rotation":0,"texture":"#0","tintindex":0},"north":{"uv":[0.0,0.0,1.0,1.375],"rotation":0,"texture":"#0","tintindex":0},"west":{"uv":[0.0,0.0,1.0,1.375],"rotation":0,"texture":"#0","tintindex":0},"up":{"uv":[6.1875,3.625,5.1875,2.625],"rotation":0,"texture":"#0","tintindex":0},"down":{"uv":[6.1875,2.625,5.1875,3.625],"rotation":0,"texture":"#0","tintindex":0}}},{"from":[-2.8571434,19.428572,13.714286],"to":[-1.7142859,20.57143,14.857143],"rotation":{"angle":45.0,"axis":"y","origin":[-2.285715,20.0,14.285715]},"faces":{"east":{"uv":[0.8125,11.5625,0.9375,11.6875],"rotation":0,"texture":"#0","tintindex":0},"south":{"uv":[0.8125,11.5625,0.9375,11.6875],"rotation":0,"texture":"#0","tintindex":0},"north":{"uv":[0.8125,11.5625,0.9375,11.6875],"rotation":0,"texture":"#0","tintindex":0},"west":{"uv":[0.8125,11.5625,0.9375,11.6875],"rotation":0,"texture":"#0","tintindex":0},"up":{"uv":[0.8125,11.5625,0.9375,11.6875],"rotation":0,"texture":"#0","tintindex":0},"down":{"uv":[0.8125,11.5625,0.9375,11.6875],"rotation":0,"texture":"#0","tintindex":0}}},{"from":[7.428571,12.571428,-5.714287],"to":[8.571428,13.714286,-4.5714293],"rotation":{"angle":-22.5,"axis":"x","origin":[8.0,13.142858,-5.1428576]},"faces":{"east":{"uv":[0.8125,11.5625,0.9375,11.6875],"rotation":0,"texture":"#0","tintindex":0},"south":{"uv":[0.8125,11.5625,0.9375,11.6875],"rotation":0,"texture":"#0","tintindex":0},"north":{"uv":[0.8125,11.5625,0.9375,11.6875],"rotation":0,"texture":"#0","tintindex":0},"west":{"uv":[0.8125,11.5625,0.9375,11.6875],"rotation":0,"texture":"#0","tintindex":0},"up":{"uv":[0.8125,11.5625,0.9375,11.6875],"rotation":0,"texture":"#0","tintindex":0},"down":{"uv":[0.8125,11.5625,0.9375,11.6875],"rotation":0,"texture":"#0","tintindex":0}}}],"textures":{"0":"modelengine:entity/lr_gryffin_whirlwind"},"display":{"head":{"translation":[0.0,-6.4,0.0],"scale":[4.0,4.0,4.0]}}}