{"elements":[{"from":[-0.8571434,3.142857,-0.8571434],"to":[16.285715,12.857143,16.285715],"rotation":{"angle":0.0,"axis":"y","origin":[8.285714,-1.4285717,8.285714]},"faces":{"east":{"uv":[4.5625,6.3125,6.75,7.375],"rotation":0,"texture":"#0","tintindex":0},"south":{"uv":[4.5625,6.3125,6.75,7.375],"rotation":0,"texture":"#0","tintindex":0},"north":{"uv":[4.5625,6.3125,6.75,7.375],"rotation":0,"texture":"#0","tintindex":0},"west":{"uv":[4.5625,6.3125,6.75,7.375],"rotation":0,"texture":"#0","tintindex":0},"up":{"uv":[16.0,2.1875,13.8125,0.0],"rotation":0,"texture":"#0","tintindex":0},"down":{"uv":[16.0,0.0,13.8125,2.1875],"rotation":0,"texture":"#0","tintindex":0}}},{"from":[0.28571415,2.5714283,0.85714245],"to":[14.571428,14.571428,15.142858],"rotation":{"angle":0.0,"axis":"y","origin":[8.285714,-1.4285717,8.285714]},"faces":{"east":{"uv":[1.0,0.0,2.5625,1.3125],"rotation":0,"texture":"#0","tintindex":0},"south":{"uv":[1.0,0.0,2.5625,1.3125],"rotation":0,"texture":"#0","tintindex":0},"north":{"uv":[1.0,0.0,2.5625,1.3125],"rotation":0,"texture":"#0","tintindex":0},"west":{"uv":[1.0,0.0,2.5625,1.3125],"rotation":0,"texture":"#0","tintindex":0},"up":{"uv":[16.0,1.5625,14.4375,0.0],"rotation":0,"texture":"#0","tintindex":0},"down":{"uv":[16.0,0.0,14.4375,1.5625],"rotation":0,"texture":"#0","tintindex":0}}},{"from":[14.571428,2.5714283,0.85714245],"to":[14.571428,14.571428,15.142858],"rotation":{"angle":0.0,"axis":"y","origin":[8.285714,-1.4285717,8.285714]},"faces":{"east":{"uv":[1.0,0.0,2.5625,1.3125],"rotation":0,"texture":"#0","tintindex":0},"south":{"uv":[1.0,0.0,2.5625,1.3125],"rotation":0,"texture":"#0","tintindex":0},"north":{"uv":[1.0,0.0,2.5625,1.3125],"rotation":0,"texture":"#0","tintindex":0},"west":{"uv":[1.0,0.0,2.5625,1.3125],"rotation":0,"texture":"#0","tintindex":0},"up":{"uv":[16.0,1.5625,14.4375,0.0],"rotation":0,"texture":"#0","tintindex":0},"down":{"uv":[16.0,0.0,14.4375,1.5625],"rotation":0,"texture":"#0","tintindex":0}}},{"from":[0.28571415,2.5714283,0.85714245],"to":[0.28571415,14.571428,15.142858],"rotation":{"angle":0.0,"axis":"y","origin":[8.285714,-1.4285717,8.285714]},"faces":{"east":{"uv":[1.0,0.0,2.5625,1.3125],"rotation":0,"texture":"#0","tintindex":0},"south":{"uv":[1.0,0.0,2.5625,1.3125],"rotation":0,"texture":"#0","tintindex":0},"north":{"uv":[1.0,0.0,2.5625,1.3125],"rotation":0,"texture":"#0","tintindex":0},"west":{"uv":[1.0,0.0,2.5625,1.3125],"rotation":0,"texture":"#0","tintindex":0},"up":{"uv":[16.0,1.5625,14.4375,0.0],"rotation":0,"texture":"#0","tintindex":0},"down":{"uv":[16.0,0.0,14.4375,1.5625],"rotation":0,"texture":"#0","tintindex":0}}}],"textures":{"0":"modelengine:entity/lr_gryffin_whirlwind"},"display":{"head":{"translation":[0.0,-6.4,0.0],"scale":[4.0,4.0,4.0]}}}