{"elements":[{"from":[-2.0,3.142857,-2.0],"to":[18.0,12.857143,18.0],"rotation":{"angle":0.0,"axis":"y","origin":[8.285714,-1.4285717,8.285714]},"faces":{"east":{"uv":[4.5625,6.3125,6.75,7.375],"rotation":0,"texture":"#0","tintindex":0},"south":{"uv":[4.5625,6.3125,6.75,7.375],"rotation":0,"texture":"#0","tintindex":0},"north":{"uv":[4.5625,6.3125,6.75,7.375],"rotation":0,"texture":"#0","tintindex":0},"west":{"uv":[4.5625,6.3125,6.75,7.375],"rotation":0,"texture":"#0","tintindex":0},"up":{"uv":[16.0,2.1875,13.8125,0.0],"rotation":0,"texture":"#0","tintindex":0},"down":{"uv":[16.0,0.0,13.8125,2.1875],"rotation":0,"texture":"#0","tintindex":0}}},{"from":[15.142858,0.28571415,0.28571415],"to":[15.142858,15.714286,15.142858],"rotation":{"angle":45.0,"axis":"y","origin":[7.714286,8.0,7.714286]},"faces":{"east":{"uv":[2.5625,0.0,4.1875,1.6875],"rotation":0,"texture":"#0","tintindex":0},"south":{"uv":[2.5625,0.0,4.1875,1.6875],"rotation":0,"texture":"#0","tintindex":0},"north":{"uv":[2.5625,0.0,4.1875,1.6875],"rotation":0,"texture":"#0","tintindex":0},"west":{"uv":[2.5625,0.0,4.1875,1.6875],"rotation":0,"texture":"#0","tintindex":0},"up":{"uv":[16.0,1.625,14.375,0.0],"rotation":0,"texture":"#0","tintindex":0},"down":{"uv":[16.0,0.0,14.375,1.625],"rotation":0,"texture":"#0","tintindex":0}}},{"from":[0.28571415,0.28571415,15.142858],"to":[15.142858,15.714286,15.142858],"rotation":{"angle":45.0,"axis":"y","origin":[7.714286,8.0,7.714286]},"faces":{"east":{"uv":[2.5625,0.0,4.1875,1.6875],"rotation":0,"texture":"#0","tintindex":0},"south":{"uv":[2.5625,0.0,4.1875,1.6875],"rotation":0,"texture":"#0","tintindex":0},"north":{"uv":[2.5625,0.0,4.1875,1.6875],"rotation":0,"texture":"#0","tintindex":0},"west":{"uv":[2.5625,0.0,4.1875,1.6875],"rotation":0,"texture":"#0","tintindex":0},"up":{"uv":[16.0,1.625,14.375,0.0],"rotation":0,"texture":"#0","tintindex":0},"down":{"uv":[16.0,0.0,14.375,1.625],"rotation":0,"texture":"#0","tintindex":0}}},{"from":[0.28571415,0.28571415,0.28571415],"to":[15.142858,15.714286,0.28571415],"rotation":{"angle":45.0,"axis":"y","origin":[7.714286,8.0,7.714286]},"faces":{"east":{"uv":[2.5625,0.0,4.1875,1.6875],"rotation":0,"texture":"#0","tintindex":0},"south":{"uv":[2.5625,0.0,4.1875,1.6875],"rotation":0,"texture":"#0","tintindex":0},"north":{"uv":[2.5625,0.0,4.1875,1.6875],"rotation":0,"texture":"#0","tintindex":0},"west":{"uv":[2.5625,0.0,4.1875,1.6875],"rotation":0,"texture":"#0","tintindex":0},"up":{"uv":[16.0,1.625,14.375,0.0],"rotation":0,"texture":"#0","tintindex":0},"down":{"uv":[16.0,0.0,14.375,1.625],"rotation":0,"texture":"#0","tintindex":0}}},{"from":[0.28571415,0.28571415,0.28571415],"to":[0.28571415,15.714286,15.142858],"rotation":{"angle":45.0,"axis":"y","origin":[7.714286,8.0,7.714286]},"faces":{"east":{"uv":[2.5625,0.0,4.1875,1.6875],"rotation":0,"texture":"#0","tintindex":0},"south":{"uv":[2.5625,0.0,4.1875,1.6875],"rotation":0,"texture":"#0","tintindex":0},"north":{"uv":[2.5625,0.0,4.1875,1.6875],"rotation":0,"texture":"#0","tintindex":0},"west":{"uv":[2.5625,0.0,4.1875,1.6875],"rotation":0,"texture":"#0","tintindex":0},"up":{"uv":[16.0,1.625,14.375,0.0],"rotation":0,"texture":"#0","tintindex":0},"down":{"uv":[16.0,0.0,14.375,1.625],"rotation":0,"texture":"#0","tintindex":0}}}],"textures":{"0":"modelengine:entity/lr_gryffin_whirlwind"},"display":{"head":{"translation":[0.0,-6.4,0.0],"scale":[4.0,4.0,4.0]}}}